source_desc,freq_desc,state_alpha,country_name,year,congr_district_code,agg_level_desc,week_ending,group_desc,zip_5,statisticcat_desc,watershed_code,load_time,domain_desc,asd_desc,location_desc,sector_desc,region_desc,watershed_desc,domaincat_desc,state_name,Value,unit_desc,county_name,county_code,asd_code,util_practice_desc,county_ansi,CV (%),country_code,short_desc,end_code,commodity_desc,class_desc,reference_period_desc,prodn_practice_desc,state_ansi,begin_code,state_fips_code
SURVEY,POINT IN TIME,OT,UNITED STATES,2018,,STATE,,FIELD CROPS,,CAPACITY,00000000,2024-01-09 15:00:00.000,TOTAL,,OTHER STATES,CROPS,,,NOT SPECIFIED,OTHER STATES,                 (D),BU,,,,ALL UTILIZATION PRACTICES,,,9000,"GRAIN STORAGE CAPACITY - CAPACITY, MEASURED IN BU",12,GRAIN STORAGE CAPACITY,ALL CLASSES,FIRST OF DEC,ALL PRODUCTION PRACTICES,,12,98
SURVEY,POINT IN TIME,AL,UNITED STATES,2018,,STATE,,FIELD CROPS,,CAPACITY,00000000,2024-01-09 15:00:00.000,TOTAL,,ALABAMA,CROPS,,,NOT SPECIFIED,ALABAMA,                 (D),BU,,,,ALL UTILIZATION PRACTICES,,,9000,"GRAIN STORAGE CAPACITY - CAPACITY, MEASURED IN BU",12,GRAIN STORAGE CAPACITY,ALL CLASSES,FIRST OF DEC,ALL PRODUCTION PRACTICES,01,12,01
SURVEY,POINT IN TIME,AZ,UNITED STATES,2018,,STATE,,FIELD CROPS,,CAPACITY,00000000,2024-01-09 15:00:00.000,TOTAL,,ARIZONA,CROPS,,,NOT SPECIFIED,ARIZONA,                 (D),BU,,,,ALL UTILIZATION PRACTICES,,,9000,"GRAIN STORAGE CAPACITY - CAPACITY, MEASURED IN BU",12,GRAIN STORAGE CAPACITY,ALL CLASSES,FIRST OF DEC,ALL PRODUCTION PRACTICES,04,12,04
SURVEY,POINT IN TIME,AR,UNITED STATES,2018,,STATE,,FIELD CROPS,,CAPACITY,00000000,2024-01-09 15:00:00.000,TOTAL,,ARKANSAS,CROPS,,,NOT SPECIFIED,ARKANSAS,                 (D),BU,,,,ALL UTILIZATION PRACTICES,,,9000,"GRAIN STORAGE CAPACITY - CAPACITY, MEASURED IN BU",12,GRAIN STORAGE CAPACITY,ALL CLASSES,FIRST OF DEC,ALL PRODUCTION PRACTICES,05,12,05
SURVEY,POINT IN TIME,CA,UNITED STATES,2018,,STATE,,FIELD CROPS,,CAPACITY,00000000,2024-01-09 15:00:00.000,TOTAL,,CALIFORNIA,CROPS,,,NOT SPECIFIED,CALIFORNIA,                 (D),BU,,,,ALL UTILIZATION PRACTICES,,,9000,"GRAIN STORAGE CAPACITY - CAPACITY, MEASURED IN BU",12,GRAIN STORAGE CAPACITY,ALL CLASSES,FIRST OF DEC,ALL PRODUCTION PRACTICES,06,12,06
SURVEY,POINT IN TIME,CO,UNITED STATES,2018,,STATE,,FIELD CROPS,,CAPACITY,00000000,2024-01-09 15:00:00.000,TOTAL,,COLORADO,CROPS,,,NOT SPECIFIED,COLORADO,                 (D),BU,,,,ALL UTILIZATION PRACTICES,,,9000,"GRAIN STORAGE CAPACITY - CAPACITY, MEASURED IN BU",12,GRAIN STORAGE CAPACITY,ALL CLASSES,FIRST OF DEC,ALL PRODUCTION PRACTICES,08,12,08
SURVEY,POINT IN TIME,DE,UNITED STATES,2018,,STATE,,FIELD CROPS,,CAPACITY,00000000,2024-01-09 15:00:00.000,TOTAL,,DELAWARE,CROPS,,,NOT SPECIFIED,DELAWARE,                 (D),BU,,,,ALL UTILIZATION PRACTICES,,,9000,"GRAIN STORAGE CAPACITY - CAPACITY, MEASURED IN BU",12,GRAIN STORAGE CAPACITY,ALL CLASSES,FIRST OF DEC,ALL PRODUCTION PRACTICES,10,12,10
SURVEY,POINT IN TIME,FL,UNITED STATES,2018,,STATE,,FIELD CROPS,,CAPACITY,00000000,2024-01-09 15:00:00.000,TOTAL,,FLORIDA,CROPS,,,NOT SPECIFIED,FLORIDA,                 (D),BU,,,,ALL UTILIZATION PRACTICES,,,9000,"GRAIN STORAGE CAPACITY - CAPACITY, MEASURED IN BU",12,GRAIN STORAGE CAPACITY,ALL CLASSES,FIRST OF DEC,ALL PRODUCTION PRACTICES,12,12,12
SURVEY,POINT IN TIME,GA,UNITED STATES,2018,,STATE,,FIELD CROPS,,CAPACITY,00000000,2024-01-09 15:00:00.000,TOTAL,,GEORGIA,CROPS,,,NOT SPECIFIED,GEORGIA,                 (D),BU,,,,ALL UTILIZATION PRACTICES,,,9000,"GRAIN STORAGE CAPACITY - CAPACITY, MEASURED IN BU",12,GRAIN STORAGE CAPACITY,ALL CLASSES,FIRST OF DEC,ALL PRODUCTION PRACTICES,13,12,13
SURVEY,POINT IN TIME,ID,UNITED STATES,2018,,STATE,,FIELD CROPS,,CAPACITY,00000000,2024-01-09 15:00:00.000,TOTAL,,IDAHO,CROPS,,,NOT SPECIFIED,IDAHO,                 (D),BU,,,,ALL UTILIZATION PRACTICES,,,9000,"GRAIN STORAGE CAPACITY - CAPACITY, MEASURED IN BU",12,GRAIN STORAGE CAPACITY,ALL CLASSES,FIRST OF DEC,ALL PRODUCTION PRACTICES,16,12,16
SURVEY,POINT IN TIME,IL,UNITED STATES,2018,,STATE,,FIELD CROPS,,CAPACITY,00000000,2024-01-09 15:00:00.000,TOTAL,,ILLINOIS,CROPS,,,NOT SPECIFIED,ILLINOIS,                 (D),BU,,,,ALL UTILIZATION PRACTICES,,,9000,"GRAIN STORAGE CAPACITY - CAPACITY, MEASURED IN BU",12,GRAIN STORAGE CAPACITY,ALL CLASSES,FIRST OF DEC,ALL PRODUCTION PRACTICES,17,12,17
SURVEY,POINT IN TIME,IN,UNITED STATES,2018,,STATE,,FIELD CROPS,,CAPACITY,00000000,2024-01-09 15:00:00.000,TOTAL,,INDIANA,CROPS,,,NOT SPECIFIED,INDIANA,                 (D),BU,,,,ALL UTILIZATION PRACTICES,,,9000,"GRAIN STORAGE CAPACITY - CAPACITY, MEASURED IN BU",12,GRAIN STORAGE CAPACITY,ALL CLASSES,FIRST OF DEC,ALL PRODUCTION PRACTICES,18,12,18
SURVEY,POINT IN TIME,IA,UNITED STATES,2018,,STATE,,FIELD CROPS,,CAPACITY,00000000,2024-01-09 15:00:00.000,TOTAL,,IOWA,CROPS,,,NOT SPECIFIED,IOWA,                 (D),BU,,,,ALL UTILIZATION PRACTICES,,,9000,"GRAIN STORAGE CAPACITY - CAPACITY, MEASURED IN BU",12,GRAIN STORAGE CAPACITY,ALL CLASSES,FIRST OF DEC,ALL PRODUCTION PRACTICES,19,12,19
SURVEY,POINT IN TIME,KS,UNITED STATES,2018,,STATE,,FIELD CROPS,,CAPACITY,00000000,2024-01-09 15:00:00.000,TOTAL,,KANSAS,CROPS,,,NOT SPECIFIED,KANSAS,                 (D),BU,,,,ALL UTILIZATION PRACTICES,,,9000,"GRAIN STORAGE CAPACITY - CAPACITY, MEASURED IN BU",12,GRAIN STORAGE CAPACITY,ALL CLASSES,FIRST OF DEC,ALL PRODUCTION PRACTICES,20,12,20
SURVEY,POINT IN TIME,KY,UNITED STATES,2018,,STATE,,FIELD CROPS,,CAPACITY,00000000,2024-01-09 15:00:00.000,TOTAL,,KENTUCKY,CROPS,,,NOT SPECIFIED,KENTUCKY,                 (D),BU,,,,ALL UTILIZATION PRACTICES,,,9000,"GRAIN STORAGE CAPACITY - CAPACITY, MEASURED IN BU",12,GRAIN STORAGE CAPACITY,ALL CLASSES,FIRST OF DEC,ALL PRODUCTION PRACTICES,21,12,21
SURVEY,POINT IN TIME,LA,UNITED STATES,2018,,STATE,,FIELD CROPS,,CAPACITY,00000000,2024-01-09 15:00:00.000,TOTAL,,LOUISIANA,CROPS,,,NOT SPECIFIED,LOUISIANA,                 (D),BU,,,,ALL UTILIZATION PRACTICES,,,9000,"GRAIN STORAGE CAPACITY - CAPACITY, MEASURED IN BU",12,GRAIN STORAGE CAPACITY,ALL CLASSES,FIRST OF DEC,ALL PRODUCTION PRACTICES,22,12,22
SURVEY,POINT IN TIME,MD,UNITED STATES,2018,,STATE,,FIELD CROPS,,CAPACITY,00000000,2024-01-09 15:00:00.000,TOTAL,,MARYLAND,CROPS,,,NOT SPECIFIED,MARYLAND,                 (D),BU,,,,ALL UTILIZATION PRACTICES,,,9000,"GRAIN STORAGE CAPACITY - CAPACITY, MEASURED IN BU",12,GRAIN STORAGE CAPACITY,ALL CLASSES,FIRST OF DEC,ALL PRODUCTION PRACTICES,24,12,24
SURVEY,POINT IN TIME,MI,UNITED STATES,2018,,STATE,,FIELD CROPS,,CAPACITY,00000000,2024-01-09 15:00:00.000,TOTAL,,MICHIGAN,CROPS,,,NOT SPECIFIED,MICHIGAN,                 (D),BU,,,,ALL UTILIZATION PRACTICES,,,9000,"GRAIN STORAGE CAPACITY - CAPACITY, MEASURED IN BU",12,GRAIN STORAGE CAPACITY,ALL CLASSES,FIRST OF DEC,ALL PRODUCTION PRACTICES,26,12,26
SURVEY,POINT IN TIME,MN,UNITED STATES,2018,,STATE,,FIELD CROPS,,CAPACITY,00000000,2024-01-09 15:00:00.000,TOTAL,,MINNESOTA,CROPS,,,NOT SPECIFIED,MINNESOTA,                 (D),BU,,,,ALL UTILIZATION PRACTICES,,,9000,"GRAIN STORAGE CAPACITY - CAPACITY, MEASURED IN BU",12,GRAIN STORAGE CAPACITY,ALL CLASSES,FIRST OF DEC,ALL PRODUCTION PRACTICES,27,12,27
SURVEY,POINT IN TIME,MS,UNITED STATES,2018,,STATE,,FIELD CROPS,,CAPACITY,00000000,2024-01-09 15:00:00.000,TOTAL,,MISSISSIPPI,CROPS,,,NOT SPECIFIED,MISSISSIPPI,                 (D),BU,,,,ALL UTILIZATION PRACTICES,,,9000,"GRAIN STORAGE CAPACITY - CAPACITY, MEASURED IN BU",12,GRAIN STORAGE CAPACITY,ALL CLASSES,FIRST OF DEC,ALL PRODUCTION PRACTICES,28,12,28
SURVEY,POINT IN TIME,MO,UNITED STATES,2018,,STATE,,FIELD CROPS,,CAPACITY,00000000,2024-01-09 15:00:00.000,TOTAL,,MISSOURI,CROPS,,,NOT SPECIFIED,MISSOURI,                 (D),BU,,,,ALL UTILIZATION PRACTICES,,,9000,"GRAIN STORAGE CAPACITY - CAPACITY, MEASURED IN BU",12,GRAIN STORAGE CAPACITY,ALL CLASSES,FIRST OF DEC,ALL PRODUCTION PRACTICES,29,12,29
SURVEY,POINT IN TIME,MT,UNITED STATES,2018,,STATE,,FIELD CROPS,,CAPACITY,00000000,2024-01-09 15:00:00.000,TOTAL,,MONTANA,CROPS,,,NOT SPECIFIED,MONTANA,                 (D),BU,,,,ALL UTILIZATION PRACTICES,,,9000,"GRAIN STORAGE CAPACITY - CAPACITY, MEASURED IN BU",12,GRAIN STORAGE CAPACITY,ALL CLASSES,FIRST OF DEC,ALL PRODUCTION PRACTICES,30,12,30
SURVEY,POINT IN TIME,NE,UNITED STATES,2018,,STATE,,FIELD CROPS,,CAPACITY,00000000,2024-01-09 15:00:00.000,TOTAL,,NEBRASKA,CROPS,,,NOT SPECIFIED,NEBRASKA,                 (D),BU,,,,ALL UTILIZATION PRACTICES,,,9000,"GRAIN STORAGE CAPACITY - CAPACITY, MEASURED IN BU",12,GRAIN STORAGE CAPACITY,ALL CLASSES,FIRST OF DEC,ALL PRODUCTION PRACTICES,31,12,31
SURVEY,POINT IN TIME,NV,UNITED STATES,2018,,STATE,,FIELD CROPS,,CAPACITY,00000000,2024-01-09 15:00:00.000,TOTAL,,NEVADA,CROPS,,,NOT SPECIFIED,NEVADA,                 (D),BU,,,,ALL UTILIZATION PRACTICES,,,9000,"GRAIN STORAGE CAPACITY - CAPACITY, MEASURED IN BU",12,GRAIN STORAGE CAPACITY,ALL CLASSES,FIRST OF DEC,ALL PRODUCTION PRACTICES,32,12,32
SURVEY,POINT IN TIME,NH,UNITED STATES,2018,,STATE,,FIELD CROPS,,CAPACITY,00000000,2024-01-09 15:00:00.000,TOTAL,,NEW HAMPSHIRE,CROPS,,,NOT SPECIFIED,NEW HAMPSHIRE,                 (D),BU,,,,ALL UTILIZATION PRACTICES,,,9000,"GRAIN STORAGE CAPACITY - CAPACITY, MEASURED IN BU",12,GRAIN STORAGE CAPACITY,ALL CLASSES,FIRST OF DEC,ALL PRODUCTION PRACTICES,33,12,33
SURVEY,POINT IN TIME,NJ,UNITED STATES,2018,,STATE,,FIELD CROPS,,CAPACITY,00000000,2019-02-08 12:04:51.000,TOTAL,,NEW JERSEY,CROPS,,,NOT SPECIFIED,NEW JERSEY,                 (D),BU,,,,ALL UTILIZATION PRACTICES,,,9000,"GRAIN STORAGE CAPACITY - CAPACITY, MEASURED IN BU",12,GRAIN STORAGE CAPACITY,ALL CLASSES,FIRST OF DEC,ALL PRODUCTION PRACTICES,34,12,34
SURVEY,POINT IN TIME,NM,UNITED STATES,2018,,STATE,,FIELD CROPS,,CAPACITY,00000000,2024-01-09 15:00:00.000,TOTAL,,NEW MEXICO,CROPS,,,NOT SPECIFIED,NEW MEXICO,                 (D),BU,,,,ALL UTILIZATION PRACTICES,,,9000,"GRAIN STORAGE CAPACITY - CAPACITY, MEASURED IN BU",12,GRAIN STORAGE CAPACITY,ALL CLASSES,FIRST OF DEC,ALL PRODUCTION PRACTICES,35,12,35
SURVEY,POINT IN TIME,NY,UNITED STATES,2018,,STATE,,FIELD CROPS,,CAPACITY,00000000,2024-01-09 15:00:00.000,TOTAL,,NEW YORK,CROPS,,,NOT SPECIFIED,NEW YORK,                 (D),BU,,,,ALL UTILIZATION PRACTICES,,,9000,"GRAIN STORAGE CAPACITY - CAPACITY, MEASURED IN BU",12,GRAIN STORAGE CAPACITY,ALL CLASSES,FIRST OF DEC,ALL PRODUCTION PRACTICES,36,12,36
SURVEY,POINT IN TIME,NC,UNITED STATES,2018,,STATE,,FIELD CROPS,,CAPACITY,00000000,2024-01-09 15:00:00.000,TOTAL,,NORTH CAROLINA,CROPS,,,NOT SPECIFIED,NORTH CAROLINA,                 (D),BU,,,,ALL UTILIZATION PRACTICES,,,9000,"GRAIN STORAGE CAPACITY - CAPACITY, MEASURED IN BU",12,GRAIN STORAGE CAPACITY,ALL CLASSES,FIRST OF DEC,ALL PRODUCTION PRACTICES,37,12,37
SURVEY,POINT IN TIME,ND,UNITED STATES,2018,,STATE,,FIELD CROPS,,CAPACITY,00000000,2024-01-09 15:00:00.000,TOTAL,,NORTH DAKOTA,CROPS,,,NOT SPECIFIED,NORTH DAKOTA,                 (D),BU,,,,ALL UTILIZATION PRACTICES,,,9000,"GRAIN STORAGE CAPACITY - CAPACITY, MEASURED IN BU",12,GRAIN STORAGE CAPACITY,ALL CLASSES,FIRST OF DEC,ALL PRODUCTION PRACTICES,38,12,38
SURVEY,POINT IN TIME,OH,UNITED STATES,2018,,STATE,,FIELD CROPS,,CAPACITY,00000000,2024-01-09 15:00:00.000,TOTAL,,OHIO,CROPS,,,NOT SPECIFIED,OHIO,                 (D),BU,,,,ALL UTILIZATION PRACTICES,,,9000,"GRAIN STORAGE CAPACITY - CAPACITY, MEASURED IN BU",12,GRAIN STORAGE CAPACITY,ALL CLASSES,FIRST OF DEC,ALL PRODUCTION PRACTICES,39,12,39
SURVEY,POINT IN TIME,OK,UNITED STATES,2018,,STATE,,FIELD CROPS,,CAPACITY,00000000,2024-01-09 15:00:00.000,TOTAL,,OKLAHOMA,CROPS,,,NOT SPECIFIED,OKLAHOMA,                 (D),BU,,,,ALL UTILIZATION PRACTICES,,,9000,"GRAIN STORAGE CAPACITY - CAPACITY, MEASURED IN BU",12,GRAIN STORAGE CAPACITY,ALL CLASSES,FIRST OF DEC,ALL PRODUCTION PRACTICES,40,12,40
SURVEY,POINT IN TIME,OR,UNITED STATES,2018,,STATE,,FIELD CROPS,,CAPACITY,00000000,2024-01-09 15:00:00.000,TOTAL,,OREGON,CROPS,,,NOT SPECIFIED,OREGON,                 (D),BU,,,,ALL UTILIZATION PRACTICES,,,9000,"GRAIN STORAGE CAPACITY - CAPACITY, MEASURED IN BU",12,GRAIN STORAGE CAPACITY,ALL CLASSES,FIRST OF DEC,ALL PRODUCTION PRACTICES,41,12,41
SURVEY,POINT IN TIME,PA,UNITED STATES,2018,,STATE,,FIELD CROPS,,CAPACITY,00000000,2024-01-09 15:00:00.000,TOTAL,,PENNSYLVANIA,CROPS,,,NOT SPECIFIED,PENNSYLVANIA,                 (D),BU,,,,ALL UTILIZATION PRACTICES,,,9000,"GRAIN STORAGE CAPACITY - CAPACITY, MEASURED IN BU",12,GRAIN STORAGE CAPACITY,ALL CLASSES,FIRST OF DEC,ALL PRODUCTION PRACTICES,42,12,42
SURVEY,POINT IN TIME,SC,UNITED STATES,2018,,STATE,,FIELD CROPS,,CAPACITY,00000000,2024-01-09 15:00:00.000,TOTAL,,SOUTH CAROLINA,CROPS,,,NOT SPECIFIED,SOUTH CAROLINA,                 (D),BU,,,,ALL UTILIZATION PRACTICES,,,9000,"GRAIN STORAGE CAPACITY - CAPACITY, MEASURED IN BU",12,GRAIN STORAGE CAPACITY,ALL CLASSES,FIRST OF DEC,ALL PRODUCTION PRACTICES,45,12,45
SURVEY,POINT IN TIME,SD,UNITED STATES,2018,,STATE,,FIELD CROPS,,CAPACITY,00000000,2024-01-09 15:00:00.000,TOTAL,,SOUTH DAKOTA,CROPS,,,NOT SPECIFIED,SOUTH DAKOTA,                 (D),BU,,,,ALL UTILIZATION PRACTICES,,,9000,"GRAIN STORAGE CAPACITY - CAPACITY, MEASURED IN BU",12,GRAIN STORAGE CAPACITY,ALL CLASSES,FIRST OF DEC,ALL PRODUCTION PRACTICES,46,12,46
SURVEY,POINT IN TIME,TN,UNITED STATES,2018,,STATE,,FIELD CROPS,,CAPACITY,00000000,2024-01-09 15:00:00.000,TOTAL,,TENNESSEE,CROPS,,,NOT SPECIFIED,TENNESSEE,                 (D),BU,,,,ALL UTILIZATION PRACTICES,,,9000,"GRAIN STORAGE CAPACITY - CAPACITY, MEASURED IN BU",12,GRAIN STORAGE CAPACITY,ALL CLASSES,FIRST OF DEC,ALL PRODUCTION PRACTICES,47,12,47
SURVEY,POINT IN TIME,TX,UNITED STATES,2018,,STATE,,FIELD CROPS,,CAPACITY,00000000,2024-01-09 15:00:00.000,TOTAL,,TEXAS,CROPS,,,NOT SPECIFIED,TEXAS,                 (D),BU,,,,ALL UTILIZATION PRACTICES,,,9000,"GRAIN STORAGE CAPACITY - CAPACITY, MEASURED IN BU",12,GRAIN STORAGE CAPACITY,ALL CLASSES,FIRST OF DEC,ALL PRODUCTION PRACTICES,48,12,48
SURVEY,POINT IN TIME,UT,UNITED STATES,2018,,STATE,,FIELD CROPS,,CAPACITY,00000000,2024-01-09 15:00:00.000,TOTAL,,UTAH,CROPS,,,NOT SPECIFIED,UTAH,                 (D),BU,,,,ALL UTILIZATION PRACTICES,,,9000,"GRAIN STORAGE CAPACITY - CAPACITY, MEASURED IN BU",12,GRAIN STORAGE CAPACITY,ALL CLASSES,FIRST OF DEC,ALL PRODUCTION PRACTICES,49,12,49
SURVEY,POINT IN TIME,VA,UNITED STATES,2018,,STATE,,FIELD CROPS,,CAPACITY,00000000,2024-01-09 15:00:00.000,TOTAL,,VIRGINIA,CROPS,,,NOT SPECIFIED,VIRGINIA,                 (D),BU,,,,ALL UTILIZATION PRACTICES,,,9000,"GRAIN STORAGE CAPACITY - CAPACITY, MEASURED IN BU",12,GRAIN STORAGE CAPACITY,ALL CLASSES,FIRST OF DEC,ALL PRODUCTION PRACTICES,51,12,51
SURVEY,POINT IN TIME,WA,UNITED STATES,2018,,STATE,,FIELD CROPS,,CAPACITY,00000000,2024-01-09 15:00:00.000,TOTAL,,WASHINGTON,CROPS,,,NOT SPECIFIED,WASHINGTON,                 (D),BU,,,,ALL UTILIZATION PRACTICES,,,9000,"GRAIN STORAGE CAPACITY - CAPACITY, MEASURED IN BU",12,GRAIN STORAGE CAPACITY,ALL CLASSES,FIRST OF DEC,ALL PRODUCTION PRACTICES,53,12,53
SURVEY,POINT IN TIME,WV,UNITED STATES,2018,,STATE,,FIELD CROPS,,CAPACITY,00000000,2019-02-08 12:04:51.000,TOTAL,,WEST VIRGINIA,CROPS,,,NOT SPECIFIED,WEST VIRGINIA,                 (D),BU,,,,ALL UTILIZATION PRACTICES,,,9000,"GRAIN STORAGE CAPACITY - CAPACITY, MEASURED IN BU",12,GRAIN STORAGE CAPACITY,ALL CLASSES,FIRST OF DEC,ALL PRODUCTION PRACTICES,54,12,54
SURVEY,POINT IN TIME,WI,UNITED STATES,2018,,STATE,,FIELD CROPS,,CAPACITY,00000000,2024-01-09 15:00:00.000,TOTAL,,WISCONSIN,CROPS,,,NOT SPECIFIED,WISCONSIN,                 (D),BU,,,,ALL UTILIZATION PRACTICES,,,9000,"GRAIN STORAGE CAPACITY - CAPACITY, MEASURED IN BU",12,GRAIN STORAGE CAPACITY,ALL CLASSES,FIRST OF DEC,ALL PRODUCTION PRACTICES,55,12,55
SURVEY,POINT IN TIME,WY,UNITED STATES,2018,,STATE,,FIELD CROPS,,CAPACITY,00000000,2024-01-09 15:00:00.000,TOTAL,,WYOMING,CROPS,,,NOT SPECIFIED,WYOMING,                 (D),BU,,,,ALL UTILIZATION PRACTICES,,,9000,"GRAIN STORAGE CAPACITY - CAPACITY, MEASURED IN BU",12,GRAIN STORAGE CAPACITY,ALL CLASSES,FIRST OF DEC,ALL PRODUCTION PRACTICES,56,12,56
SURVEY,POINT IN TIME,OT,UNITED STATES,2025,,STATE,,FIELD CROPS,,CAPACITY,00000000,2026-01-12 12:00:00.000,TOTAL,,OTHER STATES,CROPS,,,NOT SPECIFIED,OTHER STATES,"4,400,000",BU,,,,OFF FARM,,,9000,"GRAIN STORAGE CAPACITY, OFF FARM - CAPACITY, MEASURED IN BU",12,GRAIN STORAGE CAPACITY,ALL CLASSES,FIRST OF DEC,ALL PRODUCTION PRACTICES,,12,98
SURVEY,POINT IN TIME,OT,UNITED STATES,2024,,STATE,,FIELD CROPS,,CAPACITY,00000000,2026-01-12 12:00:00.000,TOTAL,,OTHER STATES,CROPS,,,NOT SPECIFIED,OTHER STATES,"4,400,000",BU,,,,OFF FARM,,,9000,"GRAIN STORAGE CAPACITY, OFF FARM - CAPACITY, MEASURED IN BU",12,GRAIN STORAGE CAPACITY,ALL CLASSES,FIRST OF DEC,ALL PRODUCTION PRACTICES,,12,98
SURVEY,POINT IN TIME,OT,UNITED STATES,2023,,STATE,,FIELD CROPS,,CAPACITY,00000000,2025-01-10 12:00:00.000,TOTAL,,OTHER STATES,CROPS,,,NOT SPECIFIED,OTHER STATES,"4,400,000",BU,,,,OFF FARM,,,9000,"GRAIN STORAGE CAPACITY, OFF FARM - CAPACITY, MEASURED IN BU",12,GRAIN STORAGE CAPACITY,ALL CLASSES,FIRST OF DEC,ALL PRODUCTION PRACTICES,,12,98
SURVEY,POINT IN TIME,OT,UNITED STATES,2022,,STATE,,FIELD CROPS,,CAPACITY,00000000,2024-01-09 15:00:00.000,TOTAL,,OTHER STATES,CROPS,,,NOT SPECIFIED,OTHER STATES,"3,705,000",BU,,,,OFF FARM,,,9000,"GRAIN STORAGE CAPACITY, OFF FARM - CAPACITY, MEASURED IN BU",12,GRAIN STORAGE CAPACITY,ALL CLASSES,FIRST OF DEC,ALL PRODUCTION PRACTICES,,12,98
SURVEY,POINT IN TIME,OT,UNITED STATES,2021,,STATE,,FIELD CROPS,,CAPACITY,00000000,2024-01-09 15:00:00.000,TOTAL,,OTHER STATES,CROPS,,,NOT SPECIFIED,OTHER STATES,"3,705,000",BU,,,,OFF FARM,,,9000,"GRAIN STORAGE CAPACITY, OFF FARM - CAPACITY, MEASURED IN BU",12,GRAIN STORAGE CAPACITY,ALL CLASSES,FIRST OF DEC,ALL PRODUCTION PRACTICES,,12,98
SURVEY,POINT IN TIME,OT,UNITED STATES,2020,,STATE,,FIELD CROPS,,CAPACITY,00000000,2024-01-09 15:00:00.000,TOTAL,,OTHER STATES,CROPS,,,NOT SPECIFIED,OTHER STATES,"3,705,000",BU,,,,OFF FARM,,,9000,"GRAIN STORAGE CAPACITY, OFF FARM - CAPACITY, MEASURED IN BU",12,GRAIN STORAGE CAPACITY,ALL CLASSES,FIRST OF DEC,ALL PRODUCTION PRACTICES,,12,98
SURVEY,POINT IN TIME,OT,UNITED STATES,2019,,STATE,,FIELD CROPS,,CAPACITY,00000000,2024-01-09 15:00:00.000,TOTAL,,OTHER STATES,CROPS,,,NOT SPECIFIED,OTHER STATES,"3,705,000",BU,,,,OFF FARM,,,9000,"GRAIN STORAGE CAPACITY, OFF FARM - CAPACITY, MEASURED IN BU",12,GRAIN STORAGE CAPACITY,ALL CLASSES,FIRST OF DEC,ALL PRODUCTION PRACTICES,,12,98
SURVEY,POINT IN TIME,OT,UNITED STATES,2018,,STATE,,FIELD CROPS,,CAPACITY,00000000,2024-01-09 15:00:00.000,TOTAL,,OTHER STATES,CROPS,,,NOT SPECIFIED,OTHER STATES,"3,705,000",BU,,,,OFF FARM,,,9000,"GRAIN STORAGE CAPACITY, OFF FARM - CAPACITY, MEASURED IN BU",12,GRAIN STORAGE CAPACITY,ALL CLASSES,FIRST OF DEC,ALL PRODUCTION PRACTICES,,12,98
SURVEY,POINT IN TIME,OT,UNITED STATES,2017,,STATE,,FIELD CROPS,,CAPACITY,00000000,2019-02-06 15:00:06.000,TOTAL,,OTHER STATES,CROPS,,,NOT SPECIFIED,OTHER STATES,"3,615,000",BU,,,,OFF FARM,,,9000,"GRAIN STORAGE CAPACITY, OFF FARM - CAPACITY, MEASURED IN BU",12,GRAIN STORAGE CAPACITY,ALL CLASSES,FIRST OF DEC,ALL PRODUCTION PRACTICES,,12,98
SURVEY,POINT IN TIME,OT,UNITED STATES,2016,,STATE,,FIELD CROPS,,CAPACITY,00000000,2019-02-06 15:00:06.000,TOTAL,,OTHER STATES,CROPS,,,NOT SPECIFIED,OTHER STATES,"3,615,000",BU,,,,OFF FARM,,,9000,"GRAIN STORAGE CAPACITY, OFF FARM - CAPACITY, MEASURED IN BU",12,GRAIN STORAGE CAPACITY,ALL CLASSES,FIRST OF DEC,ALL PRODUCTION PRACTICES,,12,98
SURVEY,POINT IN TIME,OT,UNITED STATES,2015,,STATE,,FIELD CROPS,,CAPACITY,00000000,2019-02-06 15:00:06.000,TOTAL,,OTHER STATES,CROPS,,,NOT SPECIFIED,OTHER STATES,"3,680,000",BU,,,,OFF FARM,,,9000,"GRAIN STORAGE CAPACITY, OFF FARM - CAPACITY, MEASURED IN BU",12,GRAIN STORAGE CAPACITY,ALL CLASSES,FIRST OF DEC,ALL PRODUCTION PRACTICES,,12,98
SURVEY,POINT IN TIME,OT,UNITED STATES,2014,,STATE,,FIELD CROPS,,CAPACITY,00000000,2019-02-06 15:00:06.000,TOTAL,,OTHER STATES,CROPS,,,NOT SPECIFIED,OTHER STATES,"3,880,000",BU,,,,OFF FARM,,,9000,"GRAIN STORAGE CAPACITY, OFF FARM - CAPACITY, MEASURED IN BU",12,GRAIN STORAGE CAPACITY,ALL CLASSES,FIRST OF DEC,ALL PRODUCTION PRACTICES,,12,98
SURVEY,POINT IN TIME,OT,UNITED STATES,2013,,STATE,,FIELD CROPS,,CAPACITY,00000000,2019-02-06 15:00:06.000,TOTAL,,OTHER STATES,CROPS,,,NOT SPECIFIED,OTHER STATES,"4,180,000",BU,,,,OFF FARM,,,9000,"GRAIN STORAGE CAPACITY, OFF FARM - CAPACITY, MEASURED IN BU",12,GRAIN STORAGE CAPACITY,ALL CLASSES,FIRST OF DEC,ALL PRODUCTION PRACTICES,,12,98
SURVEY,POINT IN TIME,OT,UNITED STATES,2012,,STATE,,FIELD CROPS,,CAPACITY,00000000,2014-11-03 15:18:45.000,TOTAL,,OTHER STATES,CROPS,,,NOT SPECIFIED,OTHER STATES,"3,580,000",BU,,,,OFF FARM,,,9000,"GRAIN STORAGE CAPACITY, OFF FARM - CAPACITY, MEASURED IN BU",12,GRAIN STORAGE CAPACITY,ALL CLASSES,FIRST OF DEC,ALL PRODUCTION PRACTICES,,12,98
SURVEY,POINT IN TIME,OT,UNITED STATES,2011,,STATE,,FIELD CROPS,,CAPACITY,00000000,2014-11-03 15:18:45.000,TOTAL,,OTHER STATES,CROPS,,,NOT SPECIFIED,OTHER STATES,"3,580,000",BU,,,,OFF FARM,,,9000,"GRAIN STORAGE CAPACITY, OFF FARM - CAPACITY, MEASURED IN BU",12,GRAIN STORAGE CAPACITY,ALL CLASSES,FIRST OF DEC,ALL PRODUCTION PRACTICES,,12,98
SURVEY,POINT IN TIME,OT,UNITED STATES,2010,,STATE,,FIELD CROPS,,CAPACITY,00000000,2014-11-03 15:18:45.000,TOTAL,,OTHER STATES,CROPS,,,NOT SPECIFIED,OTHER STATES,"3,585,000",BU,,,,OFF FARM,,,9000,"GRAIN STORAGE CAPACITY, OFF FARM - CAPACITY, MEASURED IN BU",12,GRAIN STORAGE CAPACITY,ALL CLASSES,FIRST OF DEC,ALL PRODUCTION PRACTICES,,12,98
SURVEY,POINT IN TIME,AL,UNITED STATES,2025,,STATE,,FIELD CROPS,,CAPACITY,00000000,2026-01-12 12:00:00.000,TOTAL,,ALABAMA,CROPS,,,NOT SPECIFIED,ALABAMA,"38,000,000",BU,,,,OFF FARM,,,9000,"GRAIN STORAGE CAPACITY, OFF FARM - CAPACITY, MEASURED IN BU",12,GRAIN STORAGE CAPACITY,ALL CLASSES,FIRST OF DEC,ALL PRODUCTION PRACTICES,01,12,01
SURVEY,POINT IN TIME,AL,UNITED STATES,2024,,STATE,,FIELD CROPS,,CAPACITY,00000000,2026-01-12 12:00:00.000,TOTAL,,ALABAMA,CROPS,,,NOT SPECIFIED,ALABAMA,"38,000,000",BU,,,,OFF FARM,,,9000,"GRAIN STORAGE CAPACITY, OFF FARM - CAPACITY, MEASURED IN BU",12,GRAIN STORAGE CAPACITY,ALL CLASSES,FIRST OF DEC,ALL PRODUCTION PRACTICES,01,12,01
SURVEY,POINT IN TIME,AL,UNITED STATES,2023,,STATE,,FIELD CROPS,,CAPACITY,00000000,2025-01-10 12:00:00.000,TOTAL,,ALABAMA,CROPS,,,NOT SPECIFIED,ALABAMA,"38,000,000",BU,,,,OFF FARM,,,9000,"GRAIN STORAGE CAPACITY, OFF FARM - CAPACITY, MEASURED IN BU",12,GRAIN STORAGE CAPACITY,ALL CLASSES,FIRST OF DEC,ALL PRODUCTION PRACTICES,01,12,01
SURVEY,POINT IN TIME,AL,UNITED STATES,2022,,STATE,,FIELD CROPS,,CAPACITY,00000000,2024-01-09 15:00:00.000,TOTAL,,ALABAMA,CROPS,,,NOT SPECIFIED,ALABAMA,"37,000,000",BU,,,,OFF FARM,,,9000,"GRAIN STORAGE CAPACITY, OFF FARM - CAPACITY, MEASURED IN BU",12,GRAIN STORAGE CAPACITY,ALL CLASSES,FIRST OF DEC,ALL PRODUCTION PRACTICES,01,12,01
SURVEY,POINT IN TIME,AL,UNITED STATES,2021,,STATE,,FIELD CROPS,,CAPACITY,00000000,2024-01-09 15:00:00.000,TOTAL,,ALABAMA,CROPS,,,NOT SPECIFIED,ALABAMA,"37,000,000",BU,,,,OFF FARM,,,9000,"GRAIN STORAGE CAPACITY, OFF FARM - CAPACITY, MEASURED IN BU",12,GRAIN STORAGE CAPACITY,ALL CLASSES,FIRST OF DEC,ALL PRODUCTION PRACTICES,01,12,01
SURVEY,POINT IN TIME,AL,UNITED STATES,2020,,STATE,,FIELD CROPS,,CAPACITY,00000000,2024-01-09 15:00:00.000,TOTAL,,ALABAMA,CROPS,,,NOT SPECIFIED,ALABAMA,"36,000,000",BU,,,,OFF FARM,,,9000,"GRAIN STORAGE CAPACITY, OFF FARM - CAPACITY, MEASURED IN BU",12,GRAIN STORAGE CAPACITY,ALL CLASSES,FIRST OF DEC,ALL PRODUCTION PRACTICES,01,12,01
SURVEY,POINT IN TIME,AL,UNITED STATES,2019,,STATE,,FIELD CROPS,,CAPACITY,00000000,2024-01-09 15:00:00.000,TOTAL,,ALABAMA,CROPS,,,NOT SPECIFIED,ALABAMA,"35,000,000",BU,,,,OFF FARM,,,9000,"GRAIN STORAGE CAPACITY, OFF FARM - CAPACITY, MEASURED IN BU",12,GRAIN STORAGE CAPACITY,ALL CLASSES,FIRST OF DEC,ALL PRODUCTION PRACTICES,01,12,01
SURVEY,POINT IN TIME,AL,UNITED STATES,2018,,STATE,,FIELD CROPS,,CAPACITY,00000000,2024-01-09 15:00:00.000,TOTAL,,ALABAMA,CROPS,,,NOT SPECIFIED,ALABAMA,"35,000,000",BU,,,,OFF FARM,,,9000,"GRAIN STORAGE CAPACITY, OFF FARM - CAPACITY, MEASURED IN BU",12,GRAIN STORAGE CAPACITY,ALL CLASSES,FIRST OF DEC,ALL PRODUCTION PRACTICES,01,12,01
SURVEY,POINT IN TIME,AL,UNITED STATES,2017,,STATE,,FIELD CROPS,,CAPACITY,00000000,2019-02-06 15:00:06.000,TOTAL,,ALABAMA,CROPS,,,NOT SPECIFIED,ALABAMA,"36,000,000",BU,,,,OFF FARM,,,9000,"GRAIN STORAGE CAPACITY, OFF FARM - CAPACITY, MEASURED IN BU",12,GRAIN STORAGE CAPACITY,ALL CLASSES,FIRST OF DEC,ALL PRODUCTION PRACTICES,01,12,01
SURVEY,POINT IN TIME,AL,UNITED STATES,2016,,STATE,,FIELD CROPS,,CAPACITY,00000000,2019-02-06 15:00:06.000,TOTAL,,ALABAMA,CROPS,,,NOT SPECIFIED,ALABAMA,"36,000,000",BU,,,,OFF FARM,,,9000,"GRAIN STORAGE CAPACITY, OFF FARM - CAPACITY, MEASURED IN BU",12,GRAIN STORAGE CAPACITY,ALL CLASSES,FIRST OF DEC,ALL PRODUCTION PRACTICES,01,12,01
SURVEY,POINT IN TIME,AL,UNITED STATES,2015,,STATE,,FIELD CROPS,,CAPACITY,00000000,2019-02-06 15:00:06.000,TOTAL,,ALABAMA,CROPS,,,NOT SPECIFIED,ALABAMA,"35,500,000",BU,,,,OFF FARM,,,9000,"GRAIN STORAGE CAPACITY, OFF FARM - CAPACITY, MEASURED IN BU",12,GRAIN STORAGE CAPACITY,ALL CLASSES,FIRST OF DEC,ALL PRODUCTION PRACTICES,01,12,01
SURVEY,POINT IN TIME,AL,UNITED STATES,2014,,STATE,,FIELD CROPS,,CAPACITY,00000000,2019-02-06 15:00:06.000,TOTAL,,ALABAMA,CROPS,,,NOT SPECIFIED,ALABAMA,"35,500,000",BU,,,,OFF FARM,,,9000,"GRAIN STORAGE CAPACITY, OFF FARM - CAPACITY, MEASURED IN BU",12,GRAIN STORAGE CAPACITY,ALL CLASSES,FIRST OF DEC,ALL PRODUCTION PRACTICES,01,12,01
SURVEY,POINT IN TIME,AL,UNITED STATES,2013,,STATE,,FIELD CROPS,,CAPACITY,00000000,2019-02-06 15:00:06.000,TOTAL,,ALABAMA,CROPS,,,NOT SPECIFIED,ALABAMA,"35,000,000",BU,,,,OFF FARM,,,9000,"GRAIN STORAGE CAPACITY, OFF FARM - CAPACITY, MEASURED IN BU",12,GRAIN STORAGE CAPACITY,ALL CLASSES,FIRST OF DEC,ALL PRODUCTION PRACTICES,01,12,01
SURVEY,POINT IN TIME,AL,UNITED STATES,2012,,STATE,,FIELD CROPS,,CAPACITY,00000000,2014-11-03 15:18:45.000,TOTAL,,ALABAMA,CROPS,,,NOT SPECIFIED,ALABAMA,"35,000,000",BU,,,,OFF FARM,,,9000,"GRAIN STORAGE CAPACITY, OFF FARM - CAPACITY, MEASURED IN BU",12,GRAIN STORAGE CAPACITY,ALL CLASSES,FIRST OF DEC,ALL PRODUCTION PRACTICES,01,12,01
SURVEY,POINT IN TIME,AL,UNITED STATES,2011,,STATE,,FIELD CROPS,,CAPACITY,00000000,2014-11-03 15:18:45.000,TOTAL,,ALABAMA,CROPS,,,NOT SPECIFIED,ALABAMA,"35,500,000",BU,,,,OFF FARM,,,9000,"GRAIN STORAGE CAPACITY, OFF FARM - CAPACITY, MEASURED IN BU",12,GRAIN STORAGE CAPACITY,ALL CLASSES,FIRST OF DEC,ALL PRODUCTION PRACTICES,01,12,01
SURVEY,POINT IN TIME,AL,UNITED STATES,2010,,STATE,,FIELD CROPS,,CAPACITY,00000000,2014-11-03 15:18:45.000,TOTAL,,ALABAMA,CROPS,,,NOT SPECIFIED,ALABAMA,"34,500,000",BU,,,,OFF FARM,,,9000,"GRAIN STORAGE CAPACITY, OFF FARM - CAPACITY, MEASURED IN BU",12,GRAIN STORAGE CAPACITY,ALL CLASSES,FIRST OF DEC,ALL PRODUCTION PRACTICES,01,12,01
SURVEY,POINT IN TIME,AZ,UNITED STATES,2025,,STATE,,FIELD CROPS,,CAPACITY,00000000,2026-01-12 12:00:00.000,TOTAL,,ARIZONA,CROPS,,,NOT SPECIFIED,ARIZONA,"18,000,000",BU,,,,OFF FARM,,,9000,"GRAIN STORAGE CAPACITY, OFF FARM - CAPACITY, MEASURED IN BU",12,GRAIN STORAGE CAPACITY,ALL CLASSES,FIRST OF DEC,ALL PRODUCTION PRACTICES,04,12,04
SURVEY,POINT IN TIME,AZ,UNITED STATES,2024,,STATE,,FIELD CROPS,,CAPACITY,00000000,2026-01-12 12:00:00.000,TOTAL,,ARIZONA,CROPS,,,NOT SPECIFIED,ARIZONA,"18,000,000",BU,,,,OFF FARM,,,9000,"GRAIN STORAGE CAPACITY, OFF FARM - CAPACITY, MEASURED IN BU",12,GRAIN STORAGE CAPACITY,ALL CLASSES,FIRST OF DEC,ALL PRODUCTION PRACTICES,04,12,04
SURVEY,POINT IN TIME,AZ,UNITED STATES,2023,,STATE,,FIELD CROPS,,CAPACITY,00000000,2025-01-10 12:00:00.000,TOTAL,,ARIZONA,CROPS,,,NOT SPECIFIED,ARIZONA,"18,000,000",BU,,,,OFF FARM,,,9000,"GRAIN STORAGE CAPACITY, OFF FARM - CAPACITY, MEASURED IN BU",12,GRAIN STORAGE CAPACITY,ALL CLASSES,FIRST OF DEC,ALL PRODUCTION PRACTICES,04,12,04
SURVEY,POINT IN TIME,AZ,UNITED STATES,2022,,STATE,,FIELD CROPS,,CAPACITY,00000000,2024-01-09 15:00:00.000,TOTAL,,ARIZONA,CROPS,,,NOT SPECIFIED,ARIZONA,"18,000,000",BU,,,,OFF FARM,,,9000,"GRAIN STORAGE CAPACITY, OFF FARM - CAPACITY, MEASURED IN BU",12,GRAIN STORAGE CAPACITY,ALL CLASSES,FIRST OF DEC,ALL PRODUCTION PRACTICES,04,12,04
SURVEY,POINT IN TIME,AZ,UNITED STATES,2021,,STATE,,FIELD CROPS,,CAPACITY,00000000,2024-01-09 15:00:00.000,TOTAL,,ARIZONA,CROPS,,,NOT SPECIFIED,ARIZONA,"18,000,000",BU,,,,OFF FARM,,,9000,"GRAIN STORAGE CAPACITY, OFF FARM - CAPACITY, MEASURED IN BU",12,GRAIN STORAGE CAPACITY,ALL CLASSES,FIRST OF DEC,ALL PRODUCTION PRACTICES,04,12,04
SURVEY,POINT IN TIME,AZ,UNITED STATES,2020,,STATE,,FIELD CROPS,,CAPACITY,00000000,2024-01-09 15:00:00.000,TOTAL,,ARIZONA,CROPS,,,NOT SPECIFIED,ARIZONA,"19,000,000",BU,,,,OFF FARM,,,9000,"GRAIN STORAGE CAPACITY, OFF FARM - CAPACITY, MEASURED IN BU",12,GRAIN STORAGE CAPACITY,ALL CLASSES,FIRST OF DEC,ALL PRODUCTION PRACTICES,04,12,04
SURVEY,POINT IN TIME,AZ,UNITED STATES,2019,,STATE,,FIELD CROPS,,CAPACITY,00000000,2024-01-09 15:00:00.000,TOTAL,,ARIZONA,CROPS,,,NOT SPECIFIED,ARIZONA,"19,000,000",BU,,,,OFF FARM,,,9000,"GRAIN STORAGE CAPACITY, OFF FARM - CAPACITY, MEASURED IN BU",12,GRAIN STORAGE CAPACITY,ALL CLASSES,FIRST OF DEC,ALL PRODUCTION PRACTICES,04,12,04
SURVEY,POINT IN TIME,AZ,UNITED STATES,2018,,STATE,,FIELD CROPS,,CAPACITY,00000000,2024-01-09 15:00:00.000,TOTAL,,ARIZONA,CROPS,,,NOT SPECIFIED,ARIZONA,"19,000,000",BU,,,,OFF FARM,,,9000,"GRAIN STORAGE CAPACITY, OFF FARM - CAPACITY, MEASURED IN BU",12,GRAIN STORAGE CAPACITY,ALL CLASSES,FIRST OF DEC,ALL PRODUCTION PRACTICES,04,12,04
SURVEY,POINT IN TIME,AZ,UNITED STATES,2017,,STATE,,FIELD CROPS,,CAPACITY,00000000,2019-02-06 15:00:06.000,TOTAL,,ARIZONA,CROPS,,,NOT SPECIFIED,ARIZONA,"20,000,000",BU,,,,OFF FARM,,,9000,"GRAIN STORAGE CAPACITY, OFF FARM - CAPACITY, MEASURED IN BU",12,GRAIN STORAGE CAPACITY,ALL CLASSES,FIRST OF DEC,ALL PRODUCTION PRACTICES,04,12,04
SURVEY,POINT IN TIME,AZ,UNITED STATES,2016,,STATE,,FIELD CROPS,,CAPACITY,00000000,2019-02-06 15:00:06.000,TOTAL,,ARIZONA,CROPS,,,NOT SPECIFIED,ARIZONA,"20,000,000",BU,,,,OFF FARM,,,9000,"GRAIN STORAGE CAPACITY, OFF FARM - CAPACITY, MEASURED IN BU",12,GRAIN STORAGE CAPACITY,ALL CLASSES,FIRST OF DEC,ALL PRODUCTION PRACTICES,04,12,04
SURVEY,POINT IN TIME,AZ,UNITED STATES,2015,,STATE,,FIELD CROPS,,CAPACITY,00000000,2019-02-06 15:00:06.000,TOTAL,,ARIZONA,CROPS,,,NOT SPECIFIED,ARIZONA,"20,000,000",BU,,,,OFF FARM,,,9000,"GRAIN STORAGE CAPACITY, OFF FARM - CAPACITY, MEASURED IN BU",12,GRAIN STORAGE CAPACITY,ALL CLASSES,FIRST OF DEC,ALL PRODUCTION PRACTICES,04,12,04
SURVEY,POINT IN TIME,AZ,UNITED STATES,2014,,STATE,,FIELD CROPS,,CAPACITY,00000000,2019-02-06 15:00:06.000,TOTAL,,ARIZONA,CROPS,,,NOT SPECIFIED,ARIZONA,"20,000,000",BU,,,,OFF FARM,,,9000,"GRAIN STORAGE CAPACITY, OFF FARM - CAPACITY, MEASURED IN BU",12,GRAIN STORAGE CAPACITY,ALL CLASSES,FIRST OF DEC,ALL PRODUCTION PRACTICES,04,12,04
SURVEY,POINT IN TIME,AZ,UNITED STATES,2013,,STATE,,FIELD CROPS,,CAPACITY,00000000,2019-02-06 15:00:06.000,TOTAL,,ARIZONA,CROPS,,,NOT SPECIFIED,ARIZONA,"20,000,000",BU,,,,OFF FARM,,,9000,"GRAIN STORAGE CAPACITY, OFF FARM - CAPACITY, MEASURED IN BU",12,GRAIN STORAGE CAPACITY,ALL CLASSES,FIRST OF DEC,ALL PRODUCTION PRACTICES,04,12,04
SURVEY,POINT IN TIME,AZ,UNITED STATES,2012,,STATE,,FIELD CROPS,,CAPACITY,00000000,2014-11-03 15:18:45.000,TOTAL,,ARIZONA,CROPS,,,NOT SPECIFIED,ARIZONA,"20,000,000",BU,,,,OFF FARM,,,9000,"GRAIN STORAGE CAPACITY, OFF FARM - CAPACITY, MEASURED IN BU",12,GRAIN STORAGE CAPACITY,ALL CLASSES,FIRST OF DEC,ALL PRODUCTION PRACTICES,04,12,04
SURVEY,POINT IN TIME,AZ,UNITED STATES,2011,,STATE,,FIELD CROPS,,CAPACITY,00000000,2014-11-03 15:18:45.000,TOTAL,,ARIZONA,CROPS,,,NOT SPECIFIED,ARIZONA,"20,000,000",BU,,,,OFF FARM,,,9000,"GRAIN STORAGE CAPACITY, OFF FARM - CAPACITY, MEASURED IN BU",12,GRAIN STORAGE CAPACITY,ALL CLASSES,FIRST OF DEC,ALL PRODUCTION PRACTICES,04,12,04
SURVEY,POINT IN TIME,AZ,UNITED STATES,2010,,STATE,,FIELD CROPS,,CAPACITY,00000000,2014-11-03 15:18:45.000,TOTAL,,ARIZONA,CROPS,,,NOT SPECIFIED,ARIZONA,"19,000,000",BU,,,,OFF FARM,,,9000,"GRAIN STORAGE CAPACITY, OFF FARM - CAPACITY, MEASURED IN BU",12,GRAIN STORAGE CAPACITY,ALL CLASSES,FIRST OF DEC,ALL PRODUCTION PRACTICES,04,12,04
SURVEY,POINT IN TIME,AR,UNITED STATES,2025,,STATE,,FIELD CROPS,,CAPACITY,00000000,2026-01-12 12:00:00.000,TOTAL,,ARKANSAS,CROPS,,,NOT SPECIFIED,ARKANSAS,"295,000,000",BU,,,,OFF FARM,,,9000,"GRAIN STORAGE CAPACITY, OFF FARM - CAPACITY, MEASURED IN BU",12,GRAIN STORAGE CAPACITY,ALL CLASSES,FIRST OF DEC,ALL PRODUCTION PRACTICES,05,12,05
SURVEY,POINT IN TIME,AR,UNITED STATES,2024,,STATE,,FIELD CROPS,,CAPACITY,00000000,2026-01-12 12:00:00.000,TOTAL,,ARKANSAS,CROPS,,,NOT SPECIFIED,ARKANSAS,"300,000,000",BU,,,,OFF FARM,,,9000,"GRAIN STORAGE CAPACITY, OFF FARM - CAPACITY, MEASURED IN BU",12,GRAIN STORAGE CAPACITY,ALL CLASSES,FIRST OF DEC,ALL PRODUCTION PRACTICES,05,12,05
SURVEY,POINT IN TIME,AR,UNITED STATES,2023,,STATE,,FIELD CROPS,,CAPACITY,00000000,2025-01-10 12:00:00.000,TOTAL,,ARKANSAS,CROPS,,,NOT SPECIFIED,ARKANSAS,"300,000,000",BU,,,,OFF FARM,,,9000,"GRAIN STORAGE CAPACITY, OFF FARM - CAPACITY, MEASURED IN BU",12,GRAIN STORAGE CAPACITY,ALL CLASSES,FIRST OF DEC,ALL PRODUCTION PRACTICES,05,12,05
SURVEY,POINT IN TIME,AR,UNITED STATES,2022,,STATE,,FIELD CROPS,,CAPACITY,00000000,2024-01-09 15:00:00.000,TOTAL,,ARKANSAS,CROPS,,,NOT SPECIFIED,ARKANSAS,"304,000,000",BU,,,,OFF FARM,,,9000,"GRAIN STORAGE CAPACITY, OFF FARM - CAPACITY, MEASURED IN BU",12,GRAIN STORAGE CAPACITY,ALL CLASSES,FIRST OF DEC,ALL PRODUCTION PRACTICES,05,12,05
SURVEY,POINT IN TIME,AR,UNITED STATES,2021,,STATE,,FIELD CROPS,,CAPACITY,00000000,2024-01-09 15:00:00.000,TOTAL,,ARKANSAS,CROPS,,,NOT SPECIFIED,ARKANSAS,"304,000,000",BU,,,,OFF FARM,,,9000,"GRAIN STORAGE CAPACITY, OFF FARM - CAPACITY, MEASURED IN BU",12,GRAIN STORAGE CAPACITY,ALL CLASSES,FIRST OF DEC,ALL PRODUCTION PRACTICES,05,12,05
SURVEY,POINT IN TIME,AR,UNITED STATES,2020,,STATE,,FIELD CROPS,,CAPACITY,00000000,2024-01-09 15:00:00.000,TOTAL,,ARKANSAS,CROPS,,,NOT SPECIFIED,ARKANSAS,"304,000,000",BU,,,,OFF FARM,,,9000,"GRAIN STORAGE CAPACITY, OFF FARM - CAPACITY, MEASURED IN BU",12,GRAIN STORAGE CAPACITY,ALL CLASSES,FIRST OF DEC,ALL PRODUCTION PRACTICES,05,12,05
SURVEY,POINT IN TIME,AR,UNITED STATES,2019,,STATE,,FIELD CROPS,,CAPACITY,00000000,2024-01-09 15:00:00.000,TOTAL,,ARKANSAS,CROPS,,,NOT SPECIFIED,ARKANSAS,"299,000,000",BU,,,,OFF FARM,,,9000,"GRAIN STORAGE CAPACITY, OFF FARM - CAPACITY, MEASURED IN BU",12,GRAIN STORAGE CAPACITY,ALL CLASSES,FIRST OF DEC,ALL PRODUCTION PRACTICES,05,12,05
SURVEY,POINT IN TIME,AR,UNITED STATES,2018,,STATE,,FIELD CROPS,,CAPACITY,00000000,2024-01-09 15:00:00.000,TOTAL,,ARKANSAS,CROPS,,,NOT SPECIFIED,ARKANSAS,"291,000,000",BU,,,,OFF FARM,,,9000,"GRAIN STORAGE CAPACITY, OFF FARM - CAPACITY, MEASURED IN BU",12,GRAIN STORAGE CAPACITY,ALL CLASSES,FIRST OF DEC,ALL PRODUCTION PRACTICES,05,12,05
SURVEY,POINT IN TIME,AR,UNITED STATES,2017,,STATE,,FIELD CROPS,,CAPACITY,00000000,2019-02-06 15:00:06.000,TOTAL,,ARKANSAS,CROPS,,,NOT SPECIFIED,ARKANSAS,"289,000,000",BU,,,,OFF FARM,,,9000,"GRAIN STORAGE CAPACITY, OFF FARM - CAPACITY, MEASURED IN BU",12,GRAIN STORAGE CAPACITY,ALL CLASSES,FIRST OF DEC,ALL PRODUCTION PRACTICES,05,12,05
SURVEY,POINT IN TIME,AR,UNITED STATES,2016,,STATE,,FIELD CROPS,,CAPACITY,00000000,2019-02-06 15:00:06.000,TOTAL,,ARKANSAS,CROPS,,,NOT SPECIFIED,ARKANSAS,"292,000,000",BU,,,,OFF FARM,,,9000,"GRAIN STORAGE CAPACITY, OFF FARM - CAPACITY, MEASURED IN BU",12,GRAIN STORAGE CAPACITY,ALL CLASSES,FIRST OF DEC,ALL PRODUCTION PRACTICES,05,12,05
SURVEY,POINT IN TIME,AR,UNITED STATES,2015,,STATE,,FIELD CROPS,,CAPACITY,00000000,2019-02-06 15:00:06.000,TOTAL,,ARKANSAS,CROPS,,,NOT SPECIFIED,ARKANSAS,"290,000,000",BU,,,,OFF FARM,,,9000,"GRAIN STORAGE CAPACITY, OFF FARM - CAPACITY, MEASURED IN BU",12,GRAIN STORAGE CAPACITY,ALL CLASSES,FIRST OF DEC,ALL PRODUCTION PRACTICES,05,12,05
SURVEY,POINT IN TIME,AR,UNITED STATES,2014,,STATE,,FIELD CROPS,,CAPACITY,00000000,2019-02-06 15:00:06.000,TOTAL,,ARKANSAS,CROPS,,,NOT SPECIFIED,ARKANSAS,"283,000,000",BU,,,,OFF FARM,,,9000,"GRAIN STORAGE CAPACITY, OFF FARM - CAPACITY, MEASURED IN BU",12,GRAIN STORAGE CAPACITY,ALL CLASSES,FIRST OF DEC,ALL PRODUCTION PRACTICES,05,12,05
SURVEY,POINT IN TIME,AR,UNITED STATES,2013,,STATE,,FIELD CROPS,,CAPACITY,00000000,2019-02-06 15:00:06.000,TOTAL,,ARKANSAS,CROPS,,,NOT SPECIFIED,ARKANSAS,"281,000,000",BU,,,,OFF FARM,,,9000,"GRAIN STORAGE CAPACITY, OFF FARM - CAPACITY, MEASURED IN BU",12,GRAIN STORAGE CAPACITY,ALL CLASSES,FIRST OF DEC,ALL PRODUCTION PRACTICES,05,12,05
SURVEY,POINT IN TIME,AR,UNITED STATES,2012,,STATE,,FIELD CROPS,,CAPACITY,00000000,2014-11-03 15:18:45.000,TOTAL,,ARKANSAS,CROPS,,,NOT SPECIFIED,ARKANSAS,"276,000,000",BU,,,,OFF FARM,,,9000,"GRAIN STORAGE CAPACITY, OFF FARM - CAPACITY, MEASURED IN BU",12,GRAIN STORAGE CAPACITY,ALL CLASSES,FIRST OF DEC,ALL PRODUCTION PRACTICES,05,12,05
SURVEY,POINT IN TIME,AR,UNITED STATES,2011,,STATE,,FIELD CROPS,,CAPACITY,00000000,2014-11-03 15:18:45.000,TOTAL,,ARKANSAS,CROPS,,,NOT SPECIFIED,ARKANSAS,"269,000,000",BU,,,,OFF FARM,,,9000,"GRAIN STORAGE CAPACITY, OFF FARM - CAPACITY, MEASURED IN BU",12,GRAIN STORAGE CAPACITY,ALL CLASSES,FIRST OF DEC,ALL PRODUCTION PRACTICES,05,12,05
SURVEY,POINT IN TIME,AR,UNITED STATES,2010,,STATE,,FIELD CROPS,,CAPACITY,00000000,2014-11-03 15:18:45.000,TOTAL,,ARKANSAS,CROPS,,,NOT SPECIFIED,ARKANSAS,"266,000,000",BU,,,,OFF FARM,,,9000,"GRAIN STORAGE CAPACITY, OFF FARM - CAPACITY, MEASURED IN BU",12,GRAIN STORAGE CAPACITY,ALL CLASSES,FIRST OF DEC,ALL PRODUCTION PRACTICES,05,12,05
SURVEY,POINT IN TIME,CA,UNITED STATES,2025,,STATE,,FIELD CROPS,,CAPACITY,00000000,2026-01-12 12:00:00.000,TOTAL,,CALIFORNIA,CROPS,,,NOT SPECIFIED,CALIFORNIA,"85,000,000",BU,,,,OFF FARM,,,9000,"GRAIN STORAGE CAPACITY, OFF FARM - CAPACITY, MEASURED IN BU",12,GRAIN STORAGE CAPACITY,ALL CLASSES,FIRST OF DEC,ALL PRODUCTION PRACTICES,06,12,06
SURVEY,POINT IN TIME,CA,UNITED STATES,2024,,STATE,,FIELD CROPS,,CAPACITY,00000000,2026-01-12 12:00:00.000,TOTAL,,CALIFORNIA,CROPS,,,NOT SPECIFIED,CALIFORNIA,"85,000,000",BU,,,,OFF FARM,,,9000,"GRAIN STORAGE CAPACITY, OFF FARM - CAPACITY, MEASURED IN BU",12,GRAIN STORAGE CAPACITY,ALL CLASSES,FIRST OF DEC,ALL PRODUCTION PRACTICES,06,12,06
SURVEY,POINT IN TIME,CA,UNITED STATES,2023,,STATE,,FIELD CROPS,,CAPACITY,00000000,2025-01-10 12:00:00.000,TOTAL,,CALIFORNIA,CROPS,,,NOT SPECIFIED,CALIFORNIA,"85,000,000",BU,,,,OFF FARM,,,9000,"GRAIN STORAGE CAPACITY, OFF FARM - CAPACITY, MEASURED IN BU",12,GRAIN STORAGE CAPACITY,ALL CLASSES,FIRST OF DEC,ALL PRODUCTION PRACTICES,06,12,06
SURVEY,POINT IN TIME,CA,UNITED STATES,2022,,STATE,,FIELD CROPS,,CAPACITY,00000000,2024-01-09 15:00:00.000,TOTAL,,CALIFORNIA,CROPS,,,NOT SPECIFIED,CALIFORNIA,"85,000,000",BU,,,,OFF FARM,,,9000,"GRAIN STORAGE CAPACITY, OFF FARM - CAPACITY, MEASURED IN BU",12,GRAIN STORAGE CAPACITY,ALL CLASSES,FIRST OF DEC,ALL PRODUCTION PRACTICES,06,12,06
SURVEY,POINT IN TIME,CA,UNITED STATES,2021,,STATE,,FIELD CROPS,,CAPACITY,00000000,2024-01-09 15:00:00.000,TOTAL,,CALIFORNIA,CROPS,,,NOT SPECIFIED,CALIFORNIA,"90,000,000",BU,,,,OFF FARM,,,9000,"GRAIN STORAGE CAPACITY, OFF FARM - CAPACITY, MEASURED IN BU",12,GRAIN STORAGE CAPACITY,ALL CLASSES,FIRST OF DEC,ALL PRODUCTION PRACTICES,06,12,06
SURVEY,POINT IN TIME,CA,UNITED STATES,2020,,STATE,,FIELD CROPS,,CAPACITY,00000000,2024-01-09 15:00:00.000,TOTAL,,CALIFORNIA,CROPS,,,NOT SPECIFIED,CALIFORNIA,"94,000,000",BU,,,,OFF FARM,,,9000,"GRAIN STORAGE CAPACITY, OFF FARM - CAPACITY, MEASURED IN BU",12,GRAIN STORAGE CAPACITY,ALL CLASSES,FIRST OF DEC,ALL PRODUCTION PRACTICES,06,12,06
SURVEY,POINT IN TIME,CA,UNITED STATES,2019,,STATE,,FIELD CROPS,,CAPACITY,00000000,2024-01-09 15:00:00.000,TOTAL,,CALIFORNIA,CROPS,,,NOT SPECIFIED,CALIFORNIA,"94,000,000",BU,,,,OFF FARM,,,9000,"GRAIN STORAGE CAPACITY, OFF FARM - CAPACITY, MEASURED IN BU",12,GRAIN STORAGE CAPACITY,ALL CLASSES,FIRST OF DEC,ALL PRODUCTION PRACTICES,06,12,06
SURVEY,POINT IN TIME,CA,UNITED STATES,2018,,STATE,,FIELD CROPS,,CAPACITY,00000000,2024-01-09 15:00:00.000,TOTAL,,CALIFORNIA,CROPS,,,NOT SPECIFIED,CALIFORNIA,"94,000,000",BU,,,,OFF FARM,,,9000,"GRAIN STORAGE CAPACITY, OFF FARM - CAPACITY, MEASURED IN BU",12,GRAIN STORAGE CAPACITY,ALL CLASSES,FIRST OF DEC,ALL PRODUCTION PRACTICES,06,12,06
SURVEY,POINT IN TIME,CA,UNITED STATES,2017,,STATE,,FIELD CROPS,,CAPACITY,00000000,2019-02-06 15:00:06.000,TOTAL,,CALIFORNIA,CROPS,,,NOT SPECIFIED,CALIFORNIA,"94,000,000",BU,,,,OFF FARM,,,9000,"GRAIN STORAGE CAPACITY, OFF FARM - CAPACITY, MEASURED IN BU",12,GRAIN STORAGE CAPACITY,ALL CLASSES,FIRST OF DEC,ALL PRODUCTION PRACTICES,06,12,06
SURVEY,POINT IN TIME,CA,UNITED STATES,2016,,STATE,,FIELD CROPS,,CAPACITY,00000000,2019-02-06 15:00:06.000,TOTAL,,CALIFORNIA,CROPS,,,NOT SPECIFIED,CALIFORNIA,"93,000,000",BU,,,,OFF FARM,,,9000,"GRAIN STORAGE CAPACITY, OFF FARM - CAPACITY, MEASURED IN BU",12,GRAIN STORAGE CAPACITY,ALL CLASSES,FIRST OF DEC,ALL PRODUCTION PRACTICES,06,12,06
SURVEY,POINT IN TIME,CA,UNITED STATES,2015,,STATE,,FIELD CROPS,,CAPACITY,00000000,2019-02-06 15:00:06.000,TOTAL,,CALIFORNIA,CROPS,,,NOT SPECIFIED,CALIFORNIA,"93,000,000",BU,,,,OFF FARM,,,9000,"GRAIN STORAGE CAPACITY, OFF FARM - CAPACITY, MEASURED IN BU",12,GRAIN STORAGE CAPACITY,ALL CLASSES,FIRST OF DEC,ALL PRODUCTION PRACTICES,06,12,06
SURVEY,POINT IN TIME,CA,UNITED STATES,2014,,STATE,,FIELD CROPS,,CAPACITY,00000000,2019-02-06 15:00:06.000,TOTAL,,CALIFORNIA,CROPS,,,NOT SPECIFIED,CALIFORNIA,"92,000,000",BU,,,,OFF FARM,,,9000,"GRAIN STORAGE CAPACITY, OFF FARM - CAPACITY, MEASURED IN BU",12,GRAIN STORAGE CAPACITY,ALL CLASSES,FIRST OF DEC,ALL PRODUCTION PRACTICES,06,12,06
SURVEY,POINT IN TIME,CA,UNITED STATES,2013,,STATE,,FIELD CROPS,,CAPACITY,00000000,2019-02-06 15:00:06.000,TOTAL,,CALIFORNIA,CROPS,,,NOT SPECIFIED,CALIFORNIA,"92,000,000",BU,,,,OFF FARM,,,9000,"GRAIN STORAGE CAPACITY, OFF FARM - CAPACITY, MEASURED IN BU",12,GRAIN STORAGE CAPACITY,ALL CLASSES,FIRST OF DEC,ALL PRODUCTION PRACTICES,06,12,06
SURVEY,POINT IN TIME,CA,UNITED STATES,2012,,STATE,,FIELD CROPS,,CAPACITY,00000000,2014-11-03 15:18:45.000,TOTAL,,CALIFORNIA,CROPS,,,NOT SPECIFIED,CALIFORNIA,"92,000,000",BU,,,,OFF FARM,,,9000,"GRAIN STORAGE CAPACITY, OFF FARM - CAPACITY, MEASURED IN BU",12,GRAIN STORAGE CAPACITY,ALL CLASSES,FIRST OF DEC,ALL PRODUCTION PRACTICES,06,12,06
SURVEY,POINT IN TIME,CA,UNITED STATES,2011,,STATE,,FIELD CROPS,,CAPACITY,00000000,2014-11-03 15:18:45.000,TOTAL,,CALIFORNIA,CROPS,,,NOT SPECIFIED,CALIFORNIA,"91,350,000",BU,,,,OFF FARM,,,9000,"GRAIN STORAGE CAPACITY, OFF FARM - CAPACITY, MEASURED IN BU",12,GRAIN STORAGE CAPACITY,ALL CLASSES,FIRST OF DEC,ALL PRODUCTION PRACTICES,06,12,06
SURVEY,POINT IN TIME,CA,UNITED STATES,2010,,STATE,,FIELD CROPS,,CAPACITY,00000000,2014-11-03 15:18:45.000,TOTAL,,CALIFORNIA,CROPS,,,NOT SPECIFIED,CALIFORNIA,"87,630,000",BU,,,,OFF FARM,,,9000,"GRAIN STORAGE CAPACITY, OFF FARM - CAPACITY, MEASURED IN BU",12,GRAIN STORAGE CAPACITY,ALL CLASSES,FIRST OF DEC,ALL PRODUCTION PRACTICES,06,12,06
SURVEY,POINT IN TIME,CO,UNITED STATES,2025,,STATE,,FIELD CROPS,,CAPACITY,00000000,2026-01-12 12:00:00.000,TOTAL,,COLORADO,CROPS,,,NOT SPECIFIED,COLORADO,"138,000,000",BU,,,,OFF FARM,,,9000,"GRAIN STORAGE CAPACITY, OFF FARM - CAPACITY, MEASURED IN BU",12,GRAIN STORAGE CAPACITY,ALL CLASSES,FIRST OF DEC,ALL PRODUCTION PRACTICES,08,12,08
SURVEY,POINT IN TIME,CO,UNITED STATES,2024,,STATE,,FIELD CROPS,,CAPACITY,00000000,2026-01-12 12:00:00.000,TOTAL,,COLORADO,CROPS,,,NOT SPECIFIED,COLORADO,"138,000,000",BU,,,,OFF FARM,,,9000,"GRAIN STORAGE CAPACITY, OFF FARM - CAPACITY, MEASURED IN BU",12,GRAIN STORAGE CAPACITY,ALL CLASSES,FIRST OF DEC,ALL PRODUCTION PRACTICES,08,12,08
SURVEY,POINT IN TIME,CO,UNITED STATES,2023,,STATE,,FIELD CROPS,,CAPACITY,00000000,2025-01-10 12:00:00.000,TOTAL,,COLORADO,CROPS,,,NOT SPECIFIED,COLORADO,"138,000,000",BU,,,,OFF FARM,,,9000,"GRAIN STORAGE CAPACITY, OFF FARM - CAPACITY, MEASURED IN BU",12,GRAIN STORAGE CAPACITY,ALL CLASSES,FIRST OF DEC,ALL PRODUCTION PRACTICES,08,12,08
SURVEY,POINT IN TIME,CO,UNITED STATES,2022,,STATE,,FIELD CROPS,,CAPACITY,00000000,2024-01-09 15:00:00.000,TOTAL,,COLORADO,CROPS,,,NOT SPECIFIED,COLORADO,"138,000,000",BU,,,,OFF FARM,,,9000,"GRAIN STORAGE CAPACITY, OFF FARM - CAPACITY, MEASURED IN BU",12,GRAIN STORAGE CAPACITY,ALL CLASSES,FIRST OF DEC,ALL PRODUCTION PRACTICES,08,12,08
SURVEY,POINT IN TIME,CO,UNITED STATES,2021,,STATE,,FIELD CROPS,,CAPACITY,00000000,2024-01-09 15:00:00.000,TOTAL,,COLORADO,CROPS,,,NOT SPECIFIED,COLORADO,"136,000,000",BU,,,,OFF FARM,,,9000,"GRAIN STORAGE CAPACITY, OFF FARM - CAPACITY, MEASURED IN BU",12,GRAIN STORAGE CAPACITY,ALL CLASSES,FIRST OF DEC,ALL PRODUCTION PRACTICES,08,12,08
SURVEY,POINT IN TIME,CO,UNITED STATES,2020,,STATE,,FIELD CROPS,,CAPACITY,00000000,2024-01-09 15:00:00.000,TOTAL,,COLORADO,CROPS,,,NOT SPECIFIED,COLORADO,"136,000,000",BU,,,,OFF FARM,,,9000,"GRAIN STORAGE CAPACITY, OFF FARM - CAPACITY, MEASURED IN BU",12,GRAIN STORAGE CAPACITY,ALL CLASSES,FIRST OF DEC,ALL PRODUCTION PRACTICES,08,12,08
SURVEY,POINT IN TIME,CO,UNITED STATES,2019,,STATE,,FIELD CROPS,,CAPACITY,00000000,2024-01-09 15:00:00.000,TOTAL,,COLORADO,CROPS,,,NOT SPECIFIED,COLORADO,"136,000,000",BU,,,,OFF FARM,,,9000,"GRAIN STORAGE CAPACITY, OFF FARM - CAPACITY, MEASURED IN BU",12,GRAIN STORAGE CAPACITY,ALL CLASSES,FIRST OF DEC,ALL PRODUCTION PRACTICES,08,12,08
SURVEY,POINT IN TIME,CO,UNITED STATES,2018,,STATE,,FIELD CROPS,,CAPACITY,00000000,2024-01-09 15:00:00.000,TOTAL,,COLORADO,CROPS,,,NOT SPECIFIED,COLORADO,"136,000,000",BU,,,,OFF FARM,,,9000,"GRAIN STORAGE CAPACITY, OFF FARM - CAPACITY, MEASURED IN BU",12,GRAIN STORAGE CAPACITY,ALL CLASSES,FIRST OF DEC,ALL PRODUCTION PRACTICES,08,12,08
SURVEY,POINT IN TIME,CO,UNITED STATES,2017,,STATE,,FIELD CROPS,,CAPACITY,00000000,2019-02-06 15:00:06.000,TOTAL,,COLORADO,CROPS,,,NOT SPECIFIED,COLORADO,"136,000,000",BU,,,,OFF FARM,,,9000,"GRAIN STORAGE CAPACITY, OFF FARM - CAPACITY, MEASURED IN BU",12,GRAIN STORAGE CAPACITY,ALL CLASSES,FIRST OF DEC,ALL PRODUCTION PRACTICES,08,12,08
SURVEY,POINT IN TIME,CO,UNITED STATES,2016,,STATE,,FIELD CROPS,,CAPACITY,00000000,2019-02-06 15:00:06.000,TOTAL,,COLORADO,CROPS,,,NOT SPECIFIED,COLORADO,"133,000,000",BU,,,,OFF FARM,,,9000,"GRAIN STORAGE CAPACITY, OFF FARM - CAPACITY, MEASURED IN BU",12,GRAIN STORAGE CAPACITY,ALL CLASSES,FIRST OF DEC,ALL PRODUCTION PRACTICES,08,12,08
SURVEY,POINT IN TIME,CO,UNITED STATES,2015,,STATE,,FIELD CROPS,,CAPACITY,00000000,2019-02-06 15:00:06.000,TOTAL,,COLORADO,CROPS,,,NOT SPECIFIED,COLORADO,"127,000,000",BU,,,,OFF FARM,,,9000,"GRAIN STORAGE CAPACITY, OFF FARM - CAPACITY, MEASURED IN BU",12,GRAIN STORAGE CAPACITY,ALL CLASSES,FIRST OF DEC,ALL PRODUCTION PRACTICES,08,12,08
SURVEY,POINT IN TIME,CO,UNITED STATES,2014,,STATE,,FIELD CROPS,,CAPACITY,00000000,2019-02-06 15:00:06.000,TOTAL,,COLORADO,CROPS,,,NOT SPECIFIED,COLORADO,"125,000,000",BU,,,,OFF FARM,,,9000,"GRAIN STORAGE CAPACITY, OFF FARM - CAPACITY, MEASURED IN BU",12,GRAIN STORAGE CAPACITY,ALL CLASSES,FIRST OF DEC,ALL PRODUCTION PRACTICES,08,12,08
SURVEY,POINT IN TIME,CO,UNITED STATES,2013,,STATE,,FIELD CROPS,,CAPACITY,00000000,2019-02-06 15:00:06.000,TOTAL,,COLORADO,CROPS,,,NOT SPECIFIED,COLORADO,"125,000,000",BU,,,,OFF FARM,,,9000,"GRAIN STORAGE CAPACITY, OFF FARM - CAPACITY, MEASURED IN BU",12,GRAIN STORAGE CAPACITY,ALL CLASSES,FIRST OF DEC,ALL PRODUCTION PRACTICES,08,12,08
SURVEY,POINT IN TIME,CO,UNITED STATES,2012,,STATE,,FIELD CROPS,,CAPACITY,00000000,2014-11-03 15:18:45.000,TOTAL,,COLORADO,CROPS,,,NOT SPECIFIED,COLORADO,"127,000,000",BU,,,,OFF FARM,,,9000,"GRAIN STORAGE CAPACITY, OFF FARM - CAPACITY, MEASURED IN BU",12,GRAIN STORAGE CAPACITY,ALL CLASSES,FIRST OF DEC,ALL PRODUCTION PRACTICES,08,12,08
SURVEY,POINT IN TIME,CO,UNITED STATES,2011,,STATE,,FIELD CROPS,,CAPACITY,00000000,2014-11-03 15:18:45.000,TOTAL,,COLORADO,CROPS,,,NOT SPECIFIED,COLORADO,"127,000,000",BU,,,,OFF FARM,,,9000,"GRAIN STORAGE CAPACITY, OFF FARM - CAPACITY, MEASURED IN BU",12,GRAIN STORAGE CAPACITY,ALL CLASSES,FIRST OF DEC,ALL PRODUCTION PRACTICES,08,12,08
SURVEY,POINT IN TIME,CO,UNITED STATES,2010,,STATE,,FIELD CROPS,,CAPACITY,00000000,2014-11-03 15:18:45.000,TOTAL,,COLORADO,CROPS,,,NOT SPECIFIED,COLORADO,"125,000,000",BU,,,,OFF FARM,,,9000,"GRAIN STORAGE CAPACITY, OFF FARM - CAPACITY, MEASURED IN BU",12,GRAIN STORAGE CAPACITY,ALL CLASSES,FIRST OF DEC,ALL PRODUCTION PRACTICES,08,12,08
SURVEY,POINT IN TIME,DE,UNITED STATES,2025,,STATE,,FIELD CROPS,,CAPACITY,00000000,2026-01-12 12:00:00.000,TOTAL,,DELAWARE,CROPS,,,NOT SPECIFIED,DELAWARE,"27,000,000",BU,,,,OFF FARM,,,9000,"GRAIN STORAGE CAPACITY, OFF FARM - CAPACITY, MEASURED IN BU",12,GRAIN STORAGE CAPACITY,ALL CLASSES,FIRST OF DEC,ALL PRODUCTION PRACTICES,10,12,10
SURVEY,POINT IN TIME,DE,UNITED STATES,2024,,STATE,,FIELD CROPS,,CAPACITY,00000000,2026-01-12 12:00:00.000,TOTAL,,DELAWARE,CROPS,,,NOT SPECIFIED,DELAWARE,"27,000,000",BU,,,,OFF FARM,,,9000,"GRAIN STORAGE CAPACITY, OFF FARM - CAPACITY, MEASURED IN BU",12,GRAIN STORAGE CAPACITY,ALL CLASSES,FIRST OF DEC,ALL PRODUCTION PRACTICES,10,12,10
SURVEY,POINT IN TIME,DE,UNITED STATES,2023,,STATE,,FIELD CROPS,,CAPACITY,00000000,2025-01-10 12:00:00.000,TOTAL,,DELAWARE,CROPS,,,NOT SPECIFIED,DELAWARE,"27,000,000",BU,,,,OFF FARM,,,9000,"GRAIN STORAGE CAPACITY, OFF FARM - CAPACITY, MEASURED IN BU",12,GRAIN STORAGE CAPACITY,ALL CLASSES,FIRST OF DEC,ALL PRODUCTION PRACTICES,10,12,10
SURVEY,POINT IN TIME,DE,UNITED STATES,2022,,STATE,,FIELD CROPS,,CAPACITY,00000000,2024-01-09 15:00:00.000,TOTAL,,DELAWARE,CROPS,,,NOT SPECIFIED,DELAWARE,"27,000,000",BU,,,,OFF FARM,,,9000,"GRAIN STORAGE CAPACITY, OFF FARM - CAPACITY, MEASURED IN BU",12,GRAIN STORAGE CAPACITY,ALL CLASSES,FIRST OF DEC,ALL PRODUCTION PRACTICES,10,12,10
SURVEY,POINT IN TIME,DE,UNITED STATES,2021,,STATE,,FIELD CROPS,,CAPACITY,00000000,2024-01-09 15:00:00.000,TOTAL,,DELAWARE,CROPS,,,NOT SPECIFIED,DELAWARE,"27,000,000",BU,,,,OFF FARM,,,9000,"GRAIN STORAGE CAPACITY, OFF FARM - CAPACITY, MEASURED IN BU",12,GRAIN STORAGE CAPACITY,ALL CLASSES,FIRST OF DEC,ALL PRODUCTION PRACTICES,10,12,10
SURVEY,POINT IN TIME,DE,UNITED STATES,2020,,STATE,,FIELD CROPS,,CAPACITY,00000000,2024-01-09 15:00:00.000,TOTAL,,DELAWARE,CROPS,,,NOT SPECIFIED,DELAWARE,"27,000,000",BU,,,,OFF FARM,,,9000,"GRAIN STORAGE CAPACITY, OFF FARM - CAPACITY, MEASURED IN BU",12,GRAIN STORAGE CAPACITY,ALL CLASSES,FIRST OF DEC,ALL PRODUCTION PRACTICES,10,12,10
SURVEY,POINT IN TIME,DE,UNITED STATES,2019,,STATE,,FIELD CROPS,,CAPACITY,00000000,2024-01-09 15:00:00.000,TOTAL,,DELAWARE,CROPS,,,NOT SPECIFIED,DELAWARE,"25,000,000",BU,,,,OFF FARM,,,9000,"GRAIN STORAGE CAPACITY, OFF FARM - CAPACITY, MEASURED IN BU",12,GRAIN STORAGE CAPACITY,ALL CLASSES,FIRST OF DEC,ALL PRODUCTION PRACTICES,10,12,10
SURVEY,POINT IN TIME,DE,UNITED STATES,2018,,STATE,,FIELD CROPS,,CAPACITY,00000000,2024-01-09 15:00:00.000,TOTAL,,DELAWARE,CROPS,,,NOT SPECIFIED,DELAWARE,"25,000,000",BU,,,,OFF FARM,,,9000,"GRAIN STORAGE CAPACITY, OFF FARM - CAPACITY, MEASURED IN BU",12,GRAIN STORAGE CAPACITY,ALL CLASSES,FIRST OF DEC,ALL PRODUCTION PRACTICES,10,12,10
SURVEY,POINT IN TIME,DE,UNITED STATES,2017,,STATE,,FIELD CROPS,,CAPACITY,00000000,2019-02-06 15:00:06.000,TOTAL,,DELAWARE,CROPS,,,NOT SPECIFIED,DELAWARE,"23,000,000",BU,,,,OFF FARM,,,9000,"GRAIN STORAGE CAPACITY, OFF FARM - CAPACITY, MEASURED IN BU",12,GRAIN STORAGE CAPACITY,ALL CLASSES,FIRST OF DEC,ALL PRODUCTION PRACTICES,10,12,10
SURVEY,POINT IN TIME,DE,UNITED STATES,2016,,STATE,,FIELD CROPS,,CAPACITY,00000000,2019-02-06 15:00:06.000,TOTAL,,DELAWARE,CROPS,,,NOT SPECIFIED,DELAWARE,"23,000,000",BU,,,,OFF FARM,,,9000,"GRAIN STORAGE CAPACITY, OFF FARM - CAPACITY, MEASURED IN BU",12,GRAIN STORAGE CAPACITY,ALL CLASSES,FIRST OF DEC,ALL PRODUCTION PRACTICES,10,12,10
SURVEY,POINT IN TIME,DE,UNITED STATES,2015,,STATE,,FIELD CROPS,,CAPACITY,00000000,2019-02-06 15:00:06.000,TOTAL,,DELAWARE,CROPS,,,NOT SPECIFIED,DELAWARE,"23,000,000",BU,,,,OFF FARM,,,9000,"GRAIN STORAGE CAPACITY, OFF FARM - CAPACITY, MEASURED IN BU",12,GRAIN STORAGE CAPACITY,ALL CLASSES,FIRST OF DEC,ALL PRODUCTION PRACTICES,10,12,10
SURVEY,POINT IN TIME,DE,UNITED STATES,2014,,STATE,,FIELD CROPS,,CAPACITY,00000000,2019-02-06 15:00:06.000,TOTAL,,DELAWARE,CROPS,,,NOT SPECIFIED,DELAWARE,"23,000,000",BU,,,,OFF FARM,,,9000,"GRAIN STORAGE CAPACITY, OFF FARM - CAPACITY, MEASURED IN BU",12,GRAIN STORAGE CAPACITY,ALL CLASSES,FIRST OF DEC,ALL PRODUCTION PRACTICES,10,12,10
SURVEY,POINT IN TIME,DE,UNITED STATES,2013,,STATE,,FIELD CROPS,,CAPACITY,00000000,2019-02-06 15:00:06.000,TOTAL,,DELAWARE,CROPS,,,NOT SPECIFIED,DELAWARE,"22,000,000",BU,,,,OFF FARM,,,9000,"GRAIN STORAGE CAPACITY, OFF FARM - CAPACITY, MEASURED IN BU",12,GRAIN STORAGE CAPACITY,ALL CLASSES,FIRST OF DEC,ALL PRODUCTION PRACTICES,10,12,10
SURVEY,POINT IN TIME,DE,UNITED STATES,2012,,STATE,,FIELD CROPS,,CAPACITY,00000000,2014-11-03 15:18:45.000,TOTAL,,DELAWARE,CROPS,,,NOT SPECIFIED,DELAWARE,"22,000,000",BU,,,,OFF FARM,,,9000,"GRAIN STORAGE CAPACITY, OFF FARM - CAPACITY, MEASURED IN BU",12,GRAIN STORAGE CAPACITY,ALL CLASSES,FIRST OF DEC,ALL PRODUCTION PRACTICES,10,12,10
SURVEY,POINT IN TIME,DE,UNITED STATES,2011,,STATE,,FIELD CROPS,,CAPACITY,00000000,2014-11-03 15:18:45.000,TOTAL,,DELAWARE,CROPS,,,NOT SPECIFIED,DELAWARE,"22,000,000",BU,,,,OFF FARM,,,9000,"GRAIN STORAGE CAPACITY, OFF FARM - CAPACITY, MEASURED IN BU",12,GRAIN STORAGE CAPACITY,ALL CLASSES,FIRST OF DEC,ALL PRODUCTION PRACTICES,10,12,10
SURVEY,POINT IN TIME,DE,UNITED STATES,2010,,STATE,,FIELD CROPS,,CAPACITY,00000000,2014-11-03 15:18:45.000,TOTAL,,DELAWARE,CROPS,,,NOT SPECIFIED,DELAWARE,"22,000,000",BU,,,,OFF FARM,,,9000,"GRAIN STORAGE CAPACITY, OFF FARM - CAPACITY, MEASURED IN BU",12,GRAIN STORAGE CAPACITY,ALL CLASSES,FIRST OF DEC,ALL PRODUCTION PRACTICES,10,12,10
SURVEY,POINT IN TIME,FL,UNITED STATES,2025,,STATE,,FIELD CROPS,,CAPACITY,00000000,2026-01-12 12:00:00.000,TOTAL,,FLORIDA,CROPS,,,NOT SPECIFIED,FLORIDA,"8,000,000",BU,,,,OFF FARM,,,9000,"GRAIN STORAGE CAPACITY, OFF FARM - CAPACITY, MEASURED IN BU",12,GRAIN STORAGE CAPACITY,ALL CLASSES,FIRST OF DEC,ALL PRODUCTION PRACTICES,12,12,12
SURVEY,POINT IN TIME,FL,UNITED STATES,2024,,STATE,,FIELD CROPS,,CAPACITY,00000000,2026-01-12 12:00:00.000,TOTAL,,FLORIDA,CROPS,,,NOT SPECIFIED,FLORIDA,"8,000,000",BU,,,,OFF FARM,,,9000,"GRAIN STORAGE CAPACITY, OFF FARM - CAPACITY, MEASURED IN BU",12,GRAIN STORAGE CAPACITY,ALL CLASSES,FIRST OF DEC,ALL PRODUCTION PRACTICES,12,12,12
SURVEY,POINT IN TIME,FL,UNITED STATES,2023,,STATE,,FIELD CROPS,,CAPACITY,00000000,2025-01-10 12:00:00.000,TOTAL,,FLORIDA,CROPS,,,NOT SPECIFIED,FLORIDA,"8,000,000",BU,,,,OFF FARM,,,9000,"GRAIN STORAGE CAPACITY, OFF FARM - CAPACITY, MEASURED IN BU",12,GRAIN STORAGE CAPACITY,ALL CLASSES,FIRST OF DEC,ALL PRODUCTION PRACTICES,12,12,12
SURVEY,POINT IN TIME,FL,UNITED STATES,2022,,STATE,,FIELD CROPS,,CAPACITY,00000000,2024-01-09 15:00:00.000,TOTAL,,FLORIDA,CROPS,,,NOT SPECIFIED,FLORIDA,"4,700,000",BU,,,,OFF FARM,,,9000,"GRAIN STORAGE CAPACITY, OFF FARM - CAPACITY, MEASURED IN BU",12,GRAIN STORAGE CAPACITY,ALL CLASSES,FIRST OF DEC,ALL PRODUCTION PRACTICES,12,12,12
SURVEY,POINT IN TIME,FL,UNITED STATES,2021,,STATE,,FIELD CROPS,,CAPACITY,00000000,2024-01-09 15:00:00.000,TOTAL,,FLORIDA,CROPS,,,NOT SPECIFIED,FLORIDA,"4,700,000",BU,,,,OFF FARM,,,9000,"GRAIN STORAGE CAPACITY, OFF FARM - CAPACITY, MEASURED IN BU",12,GRAIN STORAGE CAPACITY,ALL CLASSES,FIRST OF DEC,ALL PRODUCTION PRACTICES,12,12,12
SURVEY,POINT IN TIME,FL,UNITED STATES,2020,,STATE,,FIELD CROPS,,CAPACITY,00000000,2024-01-09 15:00:00.000,TOTAL,,FLORIDA,CROPS,,,NOT SPECIFIED,FLORIDA,"4,500,000",BU,,,,OFF FARM,,,9000,"GRAIN STORAGE CAPACITY, OFF FARM - CAPACITY, MEASURED IN BU",12,GRAIN STORAGE CAPACITY,ALL CLASSES,FIRST OF DEC,ALL PRODUCTION PRACTICES,12,12,12
SURVEY,POINT IN TIME,FL,UNITED STATES,2019,,STATE,,FIELD CROPS,,CAPACITY,00000000,2024-01-09 15:00:00.000,TOTAL,,FLORIDA,CROPS,,,NOT SPECIFIED,FLORIDA,"4,500,000",BU,,,,OFF FARM,,,9000,"GRAIN STORAGE CAPACITY, OFF FARM - CAPACITY, MEASURED IN BU",12,GRAIN STORAGE CAPACITY,ALL CLASSES,FIRST OF DEC,ALL PRODUCTION PRACTICES,12,12,12
SURVEY,POINT IN TIME,FL,UNITED STATES,2018,,STATE,,FIELD CROPS,,CAPACITY,00000000,2024-01-09 15:00:00.000,TOTAL,,FLORIDA,CROPS,,,NOT SPECIFIED,FLORIDA,"4,500,000",BU,,,,OFF FARM,,,9000,"GRAIN STORAGE CAPACITY, OFF FARM - CAPACITY, MEASURED IN BU",12,GRAIN STORAGE CAPACITY,ALL CLASSES,FIRST OF DEC,ALL PRODUCTION PRACTICES,12,12,12
SURVEY,POINT IN TIME,FL,UNITED STATES,2017,,STATE,,FIELD CROPS,,CAPACITY,00000000,2019-02-06 15:00:06.000,TOTAL,,FLORIDA,CROPS,,,NOT SPECIFIED,FLORIDA,"4,900,000",BU,,,,OFF FARM,,,9000,"GRAIN STORAGE CAPACITY, OFF FARM - CAPACITY, MEASURED IN BU",12,GRAIN STORAGE CAPACITY,ALL CLASSES,FIRST OF DEC,ALL PRODUCTION PRACTICES,12,12,12
SURVEY,POINT IN TIME,FL,UNITED STATES,2016,,STATE,,FIELD CROPS,,CAPACITY,00000000,2019-02-06 15:00:06.000,TOTAL,,FLORIDA,CROPS,,,NOT SPECIFIED,FLORIDA,"5,400,000",BU,,,,OFF FARM,,,9000,"GRAIN STORAGE CAPACITY, OFF FARM - CAPACITY, MEASURED IN BU",12,GRAIN STORAGE CAPACITY,ALL CLASSES,FIRST OF DEC,ALL PRODUCTION PRACTICES,12,12,12
SURVEY,POINT IN TIME,FL,UNITED STATES,2015,,STATE,,FIELD CROPS,,CAPACITY,00000000,2019-02-06 15:00:06.000,TOTAL,,FLORIDA,CROPS,,,NOT SPECIFIED,FLORIDA,"5,100,000",BU,,,,OFF FARM,,,9000,"GRAIN STORAGE CAPACITY, OFF FARM - CAPACITY, MEASURED IN BU",12,GRAIN STORAGE CAPACITY,ALL CLASSES,FIRST OF DEC,ALL PRODUCTION PRACTICES,12,12,12
SURVEY,POINT IN TIME,FL,UNITED STATES,2014,,STATE,,FIELD CROPS,,CAPACITY,00000000,2019-02-06 15:00:06.000,TOTAL,,FLORIDA,CROPS,,,NOT SPECIFIED,FLORIDA,"5,100,000",BU,,,,OFF FARM,,,9000,"GRAIN STORAGE CAPACITY, OFF FARM - CAPACITY, MEASURED IN BU",12,GRAIN STORAGE CAPACITY,ALL CLASSES,FIRST OF DEC,ALL PRODUCTION PRACTICES,12,12,12
SURVEY,POINT IN TIME,FL,UNITED STATES,2013,,STATE,,FIELD CROPS,,CAPACITY,00000000,2019-02-06 15:00:06.000,TOTAL,,FLORIDA,CROPS,,,NOT SPECIFIED,FLORIDA,"5,200,000",BU,,,,OFF FARM,,,9000,"GRAIN STORAGE CAPACITY, OFF FARM - CAPACITY, MEASURED IN BU",12,GRAIN STORAGE CAPACITY,ALL CLASSES,FIRST OF DEC,ALL PRODUCTION PRACTICES,12,12,12
SURVEY,POINT IN TIME,FL,UNITED STATES,2012,,STATE,,FIELD CROPS,,CAPACITY,00000000,2014-11-03 15:18:45.000,TOTAL,,FLORIDA,CROPS,,,NOT SPECIFIED,FLORIDA,"5,200,000",BU,,,,OFF FARM,,,9000,"GRAIN STORAGE CAPACITY, OFF FARM - CAPACITY, MEASURED IN BU",12,GRAIN STORAGE CAPACITY,ALL CLASSES,FIRST OF DEC,ALL PRODUCTION PRACTICES,12,12,12
SURVEY,POINT IN TIME,FL,UNITED STATES,2011,,STATE,,FIELD CROPS,,CAPACITY,00000000,2014-11-03 15:18:45.000,TOTAL,,FLORIDA,CROPS,,,NOT SPECIFIED,FLORIDA,"5,280,000",BU,,,,OFF FARM,,,9000,"GRAIN STORAGE CAPACITY, OFF FARM - CAPACITY, MEASURED IN BU",12,GRAIN STORAGE CAPACITY,ALL CLASSES,FIRST OF DEC,ALL PRODUCTION PRACTICES,12,12,12
SURVEY,POINT IN TIME,FL,UNITED STATES,2010,,STATE,,FIELD CROPS,,CAPACITY,00000000,2014-11-03 15:18:45.000,TOTAL,,FLORIDA,CROPS,,,NOT SPECIFIED,FLORIDA,"6,170,000",BU,,,,OFF FARM,,,9000,"GRAIN STORAGE CAPACITY, OFF FARM - CAPACITY, MEASURED IN BU",12,GRAIN STORAGE CAPACITY,ALL CLASSES,FIRST OF DEC,ALL PRODUCTION PRACTICES,12,12,12
SURVEY,POINT IN TIME,GA,UNITED STATES,2025,,STATE,,FIELD CROPS,,CAPACITY,00000000,2026-01-12 12:00:00.000,TOTAL,,GEORGIA,CROPS,,,NOT SPECIFIED,GEORGIA,"53,000,000",BU,,,,OFF FARM,,,9000,"GRAIN STORAGE CAPACITY, OFF FARM - CAPACITY, MEASURED IN BU",12,GRAIN STORAGE CAPACITY,ALL CLASSES,FIRST OF DEC,ALL PRODUCTION PRACTICES,13,12,13
SURVEY,POINT IN TIME,GA,UNITED STATES,2024,,STATE,,FIELD CROPS,,CAPACITY,00000000,2026-01-12 12:00:00.000,TOTAL,,GEORGIA,CROPS,,,NOT SPECIFIED,GEORGIA,"53,000,000",BU,,,,OFF FARM,,,9000,"GRAIN STORAGE CAPACITY, OFF FARM - CAPACITY, MEASURED IN BU",12,GRAIN STORAGE CAPACITY,ALL CLASSES,FIRST OF DEC,ALL PRODUCTION PRACTICES,13,12,13
SURVEY,POINT IN TIME,GA,UNITED STATES,2023,,STATE,,FIELD CROPS,,CAPACITY,00000000,2025-01-10 12:00:00.000,TOTAL,,GEORGIA,CROPS,,,NOT SPECIFIED,GEORGIA,"53,000,000",BU,,,,OFF FARM,,,9000,"GRAIN STORAGE CAPACITY, OFF FARM - CAPACITY, MEASURED IN BU",12,GRAIN STORAGE CAPACITY,ALL CLASSES,FIRST OF DEC,ALL PRODUCTION PRACTICES,13,12,13
SURVEY,POINT IN TIME,GA,UNITED STATES,2022,,STATE,,FIELD CROPS,,CAPACITY,00000000,2024-01-09 15:00:00.000,TOTAL,,GEORGIA,CROPS,,,NOT SPECIFIED,GEORGIA,"53,000,000",BU,,,,OFF FARM,,,9000,"GRAIN STORAGE CAPACITY, OFF FARM - CAPACITY, MEASURED IN BU",12,GRAIN STORAGE CAPACITY,ALL CLASSES,FIRST OF DEC,ALL PRODUCTION PRACTICES,13,12,13
SURVEY,POINT IN TIME,GA,UNITED STATES,2021,,STATE,,FIELD CROPS,,CAPACITY,00000000,2024-01-09 15:00:00.000,TOTAL,,GEORGIA,CROPS,,,NOT SPECIFIED,GEORGIA,"53,000,000",BU,,,,OFF FARM,,,9000,"GRAIN STORAGE CAPACITY, OFF FARM - CAPACITY, MEASURED IN BU",12,GRAIN STORAGE CAPACITY,ALL CLASSES,FIRST OF DEC,ALL PRODUCTION PRACTICES,13,12,13
SURVEY,POINT IN TIME,GA,UNITED STATES,2020,,STATE,,FIELD CROPS,,CAPACITY,00000000,2024-01-09 15:00:00.000,TOTAL,,GEORGIA,CROPS,,,NOT SPECIFIED,GEORGIA,"53,000,000",BU,,,,OFF FARM,,,9000,"GRAIN STORAGE CAPACITY, OFF FARM - CAPACITY, MEASURED IN BU",12,GRAIN STORAGE CAPACITY,ALL CLASSES,FIRST OF DEC,ALL PRODUCTION PRACTICES,13,12,13
SURVEY,POINT IN TIME,GA,UNITED STATES,2019,,STATE,,FIELD CROPS,,CAPACITY,00000000,2024-01-09 15:00:00.000,TOTAL,,GEORGIA,CROPS,,,NOT SPECIFIED,GEORGIA,"53,000,000",BU,,,,OFF FARM,,,9000,"GRAIN STORAGE CAPACITY, OFF FARM - CAPACITY, MEASURED IN BU",12,GRAIN STORAGE CAPACITY,ALL CLASSES,FIRST OF DEC,ALL PRODUCTION PRACTICES,13,12,13
SURVEY,POINT IN TIME,GA,UNITED STATES,2018,,STATE,,FIELD CROPS,,CAPACITY,00000000,2024-01-09 15:00:00.000,TOTAL,,GEORGIA,CROPS,,,NOT SPECIFIED,GEORGIA,"53,000,000",BU,,,,OFF FARM,,,9000,"GRAIN STORAGE CAPACITY, OFF FARM - CAPACITY, MEASURED IN BU",12,GRAIN STORAGE CAPACITY,ALL CLASSES,FIRST OF DEC,ALL PRODUCTION PRACTICES,13,12,13
SURVEY,POINT IN TIME,GA,UNITED STATES,2017,,STATE,,FIELD CROPS,,CAPACITY,00000000,2019-02-06 15:00:06.000,TOTAL,,GEORGIA,CROPS,,,NOT SPECIFIED,GEORGIA,"56,000,000",BU,,,,OFF FARM,,,9000,"GRAIN STORAGE CAPACITY, OFF FARM - CAPACITY, MEASURED IN BU",12,GRAIN STORAGE CAPACITY,ALL CLASSES,FIRST OF DEC,ALL PRODUCTION PRACTICES,13,12,13
SURVEY,POINT IN TIME,GA,UNITED STATES,2016,,STATE,,FIELD CROPS,,CAPACITY,00000000,2019-02-06 15:00:06.000,TOTAL,,GEORGIA,CROPS,,,NOT SPECIFIED,GEORGIA,"55,000,000",BU,,,,OFF FARM,,,9000,"GRAIN STORAGE CAPACITY, OFF FARM - CAPACITY, MEASURED IN BU",12,GRAIN STORAGE CAPACITY,ALL CLASSES,FIRST OF DEC,ALL PRODUCTION PRACTICES,13,12,13
SURVEY,POINT IN TIME,GA,UNITED STATES,2015,,STATE,,FIELD CROPS,,CAPACITY,00000000,2019-02-06 15:00:06.000,TOTAL,,GEORGIA,CROPS,,,NOT SPECIFIED,GEORGIA,"52,000,000",BU,,,,OFF FARM,,,9000,"GRAIN STORAGE CAPACITY, OFF FARM - CAPACITY, MEASURED IN BU",12,GRAIN STORAGE CAPACITY,ALL CLASSES,FIRST OF DEC,ALL PRODUCTION PRACTICES,13,12,13
SURVEY,POINT IN TIME,GA,UNITED STATES,2014,,STATE,,FIELD CROPS,,CAPACITY,00000000,2019-02-06 15:00:06.000,TOTAL,,GEORGIA,CROPS,,,NOT SPECIFIED,GEORGIA,"52,000,000",BU,,,,OFF FARM,,,9000,"GRAIN STORAGE CAPACITY, OFF FARM - CAPACITY, MEASURED IN BU",12,GRAIN STORAGE CAPACITY,ALL CLASSES,FIRST OF DEC,ALL PRODUCTION PRACTICES,13,12,13
SURVEY,POINT IN TIME,GA,UNITED STATES,2013,,STATE,,FIELD CROPS,,CAPACITY,00000000,2019-02-06 15:00:06.000,TOTAL,,GEORGIA,CROPS,,,NOT SPECIFIED,GEORGIA,"52,000,000",BU,,,,OFF FARM,,,9000,"GRAIN STORAGE CAPACITY, OFF FARM - CAPACITY, MEASURED IN BU",12,GRAIN STORAGE CAPACITY,ALL CLASSES,FIRST OF DEC,ALL PRODUCTION PRACTICES,13,12,13
SURVEY,POINT IN TIME,GA,UNITED STATES,2012,,STATE,,FIELD CROPS,,CAPACITY,00000000,2014-11-03 15:18:45.000,TOTAL,,GEORGIA,CROPS,,,NOT SPECIFIED,GEORGIA,"52,000,000",BU,,,,OFF FARM,,,9000,"GRAIN STORAGE CAPACITY, OFF FARM - CAPACITY, MEASURED IN BU",12,GRAIN STORAGE CAPACITY,ALL CLASSES,FIRST OF DEC,ALL PRODUCTION PRACTICES,13,12,13
SURVEY,POINT IN TIME,GA,UNITED STATES,2011,,STATE,,FIELD CROPS,,CAPACITY,00000000,2014-11-03 15:18:45.000,TOTAL,,GEORGIA,CROPS,,,NOT SPECIFIED,GEORGIA,"52,000,000",BU,,,,OFF FARM,,,9000,"GRAIN STORAGE CAPACITY, OFF FARM - CAPACITY, MEASURED IN BU",12,GRAIN STORAGE CAPACITY,ALL CLASSES,FIRST OF DEC,ALL PRODUCTION PRACTICES,13,12,13
SURVEY,POINT IN TIME,GA,UNITED STATES,2010,,STATE,,FIELD CROPS,,CAPACITY,00000000,2014-11-03 15:18:45.000,TOTAL,,GEORGIA,CROPS,,,NOT SPECIFIED,GEORGIA,"48,000,000",BU,,,,OFF FARM,,,9000,"GRAIN STORAGE CAPACITY, OFF FARM - CAPACITY, MEASURED IN BU",12,GRAIN STORAGE CAPACITY,ALL CLASSES,FIRST OF DEC,ALL PRODUCTION PRACTICES,13,12,13
SURVEY,POINT IN TIME,ID,UNITED STATES,2025,,STATE,,FIELD CROPS,,CAPACITY,00000000,2026-01-12 12:00:00.000,TOTAL,,IDAHO,CROPS,,,NOT SPECIFIED,IDAHO,"126,000,000",BU,,,,OFF FARM,,,9000,"GRAIN STORAGE CAPACITY, OFF FARM - CAPACITY, MEASURED IN BU",12,GRAIN STORAGE CAPACITY,ALL CLASSES,FIRST OF DEC,ALL PRODUCTION PRACTICES,16,12,16
SURVEY,POINT IN TIME,ID,UNITED STATES,2024,,STATE,,FIELD CROPS,,CAPACITY,00000000,2026-01-12 12:00:00.000,TOTAL,,IDAHO,CROPS,,,NOT SPECIFIED,IDAHO,"126,000,000",BU,,,,OFF FARM,,,9000,"GRAIN STORAGE CAPACITY, OFF FARM - CAPACITY, MEASURED IN BU",12,GRAIN STORAGE CAPACITY,ALL CLASSES,FIRST OF DEC,ALL PRODUCTION PRACTICES,16,12,16
SURVEY,POINT IN TIME,ID,UNITED STATES,2023,,STATE,,FIELD CROPS,,CAPACITY,00000000,2025-01-10 12:00:00.000,TOTAL,,IDAHO,CROPS,,,NOT SPECIFIED,IDAHO,"124,000,000",BU,,,,OFF FARM,,,9000,"GRAIN STORAGE CAPACITY, OFF FARM - CAPACITY, MEASURED IN BU",12,GRAIN STORAGE CAPACITY,ALL CLASSES,FIRST OF DEC,ALL PRODUCTION PRACTICES,16,12,16
SURVEY,POINT IN TIME,ID,UNITED STATES,2022,,STATE,,FIELD CROPS,,CAPACITY,00000000,2024-01-09 15:00:00.000,TOTAL,,IDAHO,CROPS,,,NOT SPECIFIED,IDAHO,"124,000,000",BU,,,,OFF FARM,,,9000,"GRAIN STORAGE CAPACITY, OFF FARM - CAPACITY, MEASURED IN BU",12,GRAIN STORAGE CAPACITY,ALL CLASSES,FIRST OF DEC,ALL PRODUCTION PRACTICES,16,12,16
SURVEY,POINT IN TIME,ID,UNITED STATES,2021,,STATE,,FIELD CROPS,,CAPACITY,00000000,2024-01-09 15:00:00.000,TOTAL,,IDAHO,CROPS,,,NOT SPECIFIED,IDAHO,"124,000,000",BU,,,,OFF FARM,,,9000,"GRAIN STORAGE CAPACITY, OFF FARM - CAPACITY, MEASURED IN BU",12,GRAIN STORAGE CAPACITY,ALL CLASSES,FIRST OF DEC,ALL PRODUCTION PRACTICES,16,12,16
SURVEY,POINT IN TIME,ID,UNITED STATES,2020,,STATE,,FIELD CROPS,,CAPACITY,00000000,2024-01-09 15:00:00.000,TOTAL,,IDAHO,CROPS,,,NOT SPECIFIED,IDAHO,"124,000,000",BU,,,,OFF FARM,,,9000,"GRAIN STORAGE CAPACITY, OFF FARM - CAPACITY, MEASURED IN BU",12,GRAIN STORAGE CAPACITY,ALL CLASSES,FIRST OF DEC,ALL PRODUCTION PRACTICES,16,12,16
SURVEY,POINT IN TIME,ID,UNITED STATES,2019,,STATE,,FIELD CROPS,,CAPACITY,00000000,2024-01-09 15:00:00.000,TOTAL,,IDAHO,CROPS,,,NOT SPECIFIED,IDAHO,"124,000,000",BU,,,,OFF FARM,,,9000,"GRAIN STORAGE CAPACITY, OFF FARM - CAPACITY, MEASURED IN BU",12,GRAIN STORAGE CAPACITY,ALL CLASSES,FIRST OF DEC,ALL PRODUCTION PRACTICES,16,12,16
SURVEY,POINT IN TIME,ID,UNITED STATES,2018,,STATE,,FIELD CROPS,,CAPACITY,00000000,2024-01-09 15:00:00.000,TOTAL,,IDAHO,CROPS,,,NOT SPECIFIED,IDAHO,"124,000,000",BU,,,,OFF FARM,,,9000,"GRAIN STORAGE CAPACITY, OFF FARM - CAPACITY, MEASURED IN BU",12,GRAIN STORAGE CAPACITY,ALL CLASSES,FIRST OF DEC,ALL PRODUCTION PRACTICES,16,12,16
SURVEY,POINT IN TIME,ID,UNITED STATES,2017,,STATE,,FIELD CROPS,,CAPACITY,00000000,2019-02-06 15:00:06.000,TOTAL,,IDAHO,CROPS,,,NOT SPECIFIED,IDAHO,"125,000,000",BU,,,,OFF FARM,,,9000,"GRAIN STORAGE CAPACITY, OFF FARM - CAPACITY, MEASURED IN BU",12,GRAIN STORAGE CAPACITY,ALL CLASSES,FIRST OF DEC,ALL PRODUCTION PRACTICES,16,12,16
SURVEY,POINT IN TIME,ID,UNITED STATES,2016,,STATE,,FIELD CROPS,,CAPACITY,00000000,2019-02-06 15:00:06.000,TOTAL,,IDAHO,CROPS,,,NOT SPECIFIED,IDAHO,"125,000,000",BU,,,,OFF FARM,,,9000,"GRAIN STORAGE CAPACITY, OFF FARM - CAPACITY, MEASURED IN BU",12,GRAIN STORAGE CAPACITY,ALL CLASSES,FIRST OF DEC,ALL PRODUCTION PRACTICES,16,12,16
SURVEY,POINT IN TIME,ID,UNITED STATES,2015,,STATE,,FIELD CROPS,,CAPACITY,00000000,2019-02-06 15:00:06.000,TOTAL,,IDAHO,CROPS,,,NOT SPECIFIED,IDAHO,"125,000,000",BU,,,,OFF FARM,,,9000,"GRAIN STORAGE CAPACITY, OFF FARM - CAPACITY, MEASURED IN BU",12,GRAIN STORAGE CAPACITY,ALL CLASSES,FIRST OF DEC,ALL PRODUCTION PRACTICES,16,12,16
SURVEY,POINT IN TIME,ID,UNITED STATES,2014,,STATE,,FIELD CROPS,,CAPACITY,00000000,2019-02-06 15:00:06.000,TOTAL,,IDAHO,CROPS,,,NOT SPECIFIED,IDAHO,"125,000,000",BU,,,,OFF FARM,,,9000,"GRAIN STORAGE CAPACITY, OFF FARM - CAPACITY, MEASURED IN BU",12,GRAIN STORAGE CAPACITY,ALL CLASSES,FIRST OF DEC,ALL PRODUCTION PRACTICES,16,12,16
SURVEY,POINT IN TIME,ID,UNITED STATES,2013,,STATE,,FIELD CROPS,,CAPACITY,00000000,2019-02-06 15:00:06.000,TOTAL,,IDAHO,CROPS,,,NOT SPECIFIED,IDAHO,"123,000,000",BU,,,,OFF FARM,,,9000,"GRAIN STORAGE CAPACITY, OFF FARM - CAPACITY, MEASURED IN BU",12,GRAIN STORAGE CAPACITY,ALL CLASSES,FIRST OF DEC,ALL PRODUCTION PRACTICES,16,12,16
SURVEY,POINT IN TIME,ID,UNITED STATES,2012,,STATE,,FIELD CROPS,,CAPACITY,00000000,2014-11-03 15:18:45.000,TOTAL,,IDAHO,CROPS,,,NOT SPECIFIED,IDAHO,"123,000,000",BU,,,,OFF FARM,,,9000,"GRAIN STORAGE CAPACITY, OFF FARM - CAPACITY, MEASURED IN BU",12,GRAIN STORAGE CAPACITY,ALL CLASSES,FIRST OF DEC,ALL PRODUCTION PRACTICES,16,12,16
SURVEY,POINT IN TIME,ID,UNITED STATES,2011,,STATE,,FIELD CROPS,,CAPACITY,00000000,2014-11-03 15:18:45.000,TOTAL,,IDAHO,CROPS,,,NOT SPECIFIED,IDAHO,"121,000,000",BU,,,,OFF FARM,,,9000,"GRAIN STORAGE CAPACITY, OFF FARM - CAPACITY, MEASURED IN BU",12,GRAIN STORAGE CAPACITY,ALL CLASSES,FIRST OF DEC,ALL PRODUCTION PRACTICES,16,12,16
SURVEY,POINT IN TIME,ID,UNITED STATES,2010,,STATE,,FIELD CROPS,,CAPACITY,00000000,2014-11-03 15:18:45.000,TOTAL,,IDAHO,CROPS,,,NOT SPECIFIED,IDAHO,"119,000,000",BU,,,,OFF FARM,,,9000,"GRAIN STORAGE CAPACITY, OFF FARM - CAPACITY, MEASURED IN BU",12,GRAIN STORAGE CAPACITY,ALL CLASSES,FIRST OF DEC,ALL PRODUCTION PRACTICES,16,12,16
SURVEY,POINT IN TIME,IL,UNITED STATES,2025,,STATE,,FIELD CROPS,,CAPACITY,00000000,2026-01-12 12:00:00.000,TOTAL,,ILLINOIS,CROPS,,,NOT SPECIFIED,ILLINOIS,"1,670,000,000",BU,,,,OFF FARM,,,9000,"GRAIN STORAGE CAPACITY, OFF FARM - CAPACITY, MEASURED IN BU",12,GRAIN STORAGE CAPACITY,ALL CLASSES,FIRST OF DEC,ALL PRODUCTION PRACTICES,17,12,17
SURVEY,POINT IN TIME,IL,UNITED STATES,2024,,STATE,,FIELD CROPS,,CAPACITY,00000000,2026-01-12 12:00:00.000,TOTAL,,ILLINOIS,CROPS,,,NOT SPECIFIED,ILLINOIS,"1,650,000,000",BU,,,,OFF FARM,,,9000,"GRAIN STORAGE CAPACITY, OFF FARM - CAPACITY, MEASURED IN BU",12,GRAIN STORAGE CAPACITY,ALL CLASSES,FIRST OF DEC,ALL PRODUCTION PRACTICES,17,12,17
SURVEY,POINT IN TIME,IL,UNITED STATES,2023,,STATE,,FIELD CROPS,,CAPACITY,00000000,2025-01-10 12:00:00.000,TOTAL,,ILLINOIS,CROPS,,,NOT SPECIFIED,ILLINOIS,"1,650,000,000",BU,,,,OFF FARM,,,9000,"GRAIN STORAGE CAPACITY, OFF FARM - CAPACITY, MEASURED IN BU",12,GRAIN STORAGE CAPACITY,ALL CLASSES,FIRST OF DEC,ALL PRODUCTION PRACTICES,17,12,17
SURVEY,POINT IN TIME,IL,UNITED STATES,2022,,STATE,,FIELD CROPS,,CAPACITY,00000000,2024-01-09 15:00:00.000,TOTAL,,ILLINOIS,CROPS,,,NOT SPECIFIED,ILLINOIS,"1,650,000,000",BU,,,,OFF FARM,,,9000,"GRAIN STORAGE CAPACITY, OFF FARM - CAPACITY, MEASURED IN BU",12,GRAIN STORAGE CAPACITY,ALL CLASSES,FIRST OF DEC,ALL PRODUCTION PRACTICES,17,12,17
SURVEY,POINT IN TIME,IL,UNITED STATES,2021,,STATE,,FIELD CROPS,,CAPACITY,00000000,2024-01-09 15:00:00.000,TOTAL,,ILLINOIS,CROPS,,,NOT SPECIFIED,ILLINOIS,"1,650,000,000",BU,,,,OFF FARM,,,9000,"GRAIN STORAGE CAPACITY, OFF FARM - CAPACITY, MEASURED IN BU",12,GRAIN STORAGE CAPACITY,ALL CLASSES,FIRST OF DEC,ALL PRODUCTION PRACTICES,17,12,17
SURVEY,POINT IN TIME,IL,UNITED STATES,2020,,STATE,,FIELD CROPS,,CAPACITY,00000000,2024-01-09 15:00:00.000,TOTAL,,ILLINOIS,CROPS,,,NOT SPECIFIED,ILLINOIS,"1,600,000,000",BU,,,,OFF FARM,,,9000,"GRAIN STORAGE CAPACITY, OFF FARM - CAPACITY, MEASURED IN BU",12,GRAIN STORAGE CAPACITY,ALL CLASSES,FIRST OF DEC,ALL PRODUCTION PRACTICES,17,12,17
SURVEY,POINT IN TIME,IL,UNITED STATES,2019,,STATE,,FIELD CROPS,,CAPACITY,00000000,2024-01-09 15:00:00.000,TOTAL,,ILLINOIS,CROPS,,,NOT SPECIFIED,ILLINOIS,"1,500,000,000",BU,,,,OFF FARM,,,9000,"GRAIN STORAGE CAPACITY, OFF FARM - CAPACITY, MEASURED IN BU",12,GRAIN STORAGE CAPACITY,ALL CLASSES,FIRST OF DEC,ALL PRODUCTION PRACTICES,17,12,17
SURVEY,POINT IN TIME,IL,UNITED STATES,2018,,STATE,,FIELD CROPS,,CAPACITY,00000000,2024-01-09 15:00:00.000,TOTAL,,ILLINOIS,CROPS,,,NOT SPECIFIED,ILLINOIS,"1,500,000,000",BU,,,,OFF FARM,,,9000,"GRAIN STORAGE CAPACITY, OFF FARM - CAPACITY, MEASURED IN BU",12,GRAIN STORAGE CAPACITY,ALL CLASSES,FIRST OF DEC,ALL PRODUCTION PRACTICES,17,12,17
SURVEY,POINT IN TIME,IL,UNITED STATES,2017,,STATE,,FIELD CROPS,,CAPACITY,00000000,2019-02-06 15:00:06.000,TOTAL,,ILLINOIS,CROPS,,,NOT SPECIFIED,ILLINOIS,"1,500,000,000",BU,,,,OFF FARM,,,9000,"GRAIN STORAGE CAPACITY, OFF FARM - CAPACITY, MEASURED IN BU",12,GRAIN STORAGE CAPACITY,ALL CLASSES,FIRST OF DEC,ALL PRODUCTION PRACTICES,17,12,17
SURVEY,POINT IN TIME,IL,UNITED STATES,2016,,STATE,,FIELD CROPS,,CAPACITY,00000000,2019-02-06 15:00:06.000,TOTAL,,ILLINOIS,CROPS,,,NOT SPECIFIED,ILLINOIS,"1,500,000,000",BU,,,,OFF FARM,,,9000,"GRAIN STORAGE CAPACITY, OFF FARM - CAPACITY, MEASURED IN BU",12,GRAIN STORAGE CAPACITY,ALL CLASSES,FIRST OF DEC,ALL PRODUCTION PRACTICES,17,12,17
SURVEY,POINT IN TIME,IL,UNITED STATES,2015,,STATE,,FIELD CROPS,,CAPACITY,00000000,2019-02-06 15:00:06.000,TOTAL,,ILLINOIS,CROPS,,,NOT SPECIFIED,ILLINOIS,"1,480,000,000",BU,,,,OFF FARM,,,9000,"GRAIN STORAGE CAPACITY, OFF FARM - CAPACITY, MEASURED IN BU",12,GRAIN STORAGE CAPACITY,ALL CLASSES,FIRST OF DEC,ALL PRODUCTION PRACTICES,17,12,17
SURVEY,POINT IN TIME,IL,UNITED STATES,2014,,STATE,,FIELD CROPS,,CAPACITY,00000000,2019-02-06 15:00:06.000,TOTAL,,ILLINOIS,CROPS,,,NOT SPECIFIED,ILLINOIS,"1,460,000,000",BU,,,,OFF FARM,,,9000,"GRAIN STORAGE CAPACITY, OFF FARM - CAPACITY, MEASURED IN BU",12,GRAIN STORAGE CAPACITY,ALL CLASSES,FIRST OF DEC,ALL PRODUCTION PRACTICES,17,12,17
SURVEY,POINT IN TIME,IL,UNITED STATES,2013,,STATE,,FIELD CROPS,,CAPACITY,00000000,2019-02-06 15:00:06.000,TOTAL,,ILLINOIS,CROPS,,,NOT SPECIFIED,ILLINOIS,"1,451,000,000",BU,,,,OFF FARM,,,9000,"GRAIN STORAGE CAPACITY, OFF FARM - CAPACITY, MEASURED IN BU",12,GRAIN STORAGE CAPACITY,ALL CLASSES,FIRST OF DEC,ALL PRODUCTION PRACTICES,17,12,17
SURVEY,POINT IN TIME,IL,UNITED STATES,2012,,STATE,,FIELD CROPS,,CAPACITY,00000000,2014-11-03 15:18:45.000,TOTAL,,ILLINOIS,CROPS,,,NOT SPECIFIED,ILLINOIS,"1,451,000,000",BU,,,,OFF FARM,,,9000,"GRAIN STORAGE CAPACITY, OFF FARM - CAPACITY, MEASURED IN BU",12,GRAIN STORAGE CAPACITY,ALL CLASSES,FIRST OF DEC,ALL PRODUCTION PRACTICES,17,12,17
SURVEY,POINT IN TIME,IL,UNITED STATES,2011,,STATE,,FIELD CROPS,,CAPACITY,00000000,2014-11-03 15:18:45.000,TOTAL,,ILLINOIS,CROPS,,,NOT SPECIFIED,ILLINOIS,"1,451,000,000",BU,,,,OFF FARM,,,9000,"GRAIN STORAGE CAPACITY, OFF FARM - CAPACITY, MEASURED IN BU",12,GRAIN STORAGE CAPACITY,ALL CLASSES,FIRST OF DEC,ALL PRODUCTION PRACTICES,17,12,17
SURVEY,POINT IN TIME,IL,UNITED STATES,2010,,STATE,,FIELD CROPS,,CAPACITY,00000000,2014-11-03 15:18:45.000,TOTAL,,ILLINOIS,CROPS,,,NOT SPECIFIED,ILLINOIS,"1,360,000,000",BU,,,,OFF FARM,,,9000,"GRAIN STORAGE CAPACITY, OFF FARM - CAPACITY, MEASURED IN BU",12,GRAIN STORAGE CAPACITY,ALL CLASSES,FIRST OF DEC,ALL PRODUCTION PRACTICES,17,12,17
SURVEY,POINT IN TIME,IN,UNITED STATES,2025,,STATE,,FIELD CROPS,,CAPACITY,00000000,2026-01-12 12:00:00.000,TOTAL,,INDIANA,CROPS,,,NOT SPECIFIED,INDIANA,"550,000,000",BU,,,,OFF FARM,,,9000,"GRAIN STORAGE CAPACITY, OFF FARM - CAPACITY, MEASURED IN BU",12,GRAIN STORAGE CAPACITY,ALL CLASSES,FIRST OF DEC,ALL PRODUCTION PRACTICES,18,12,18
SURVEY,POINT IN TIME,IN,UNITED STATES,2024,,STATE,,FIELD CROPS,,CAPACITY,00000000,2026-01-12 12:00:00.000,TOTAL,,INDIANA,CROPS,,,NOT SPECIFIED,INDIANA,"550,000,000",BU,,,,OFF FARM,,,9000,"GRAIN STORAGE CAPACITY, OFF FARM - CAPACITY, MEASURED IN BU",12,GRAIN STORAGE CAPACITY,ALL CLASSES,FIRST OF DEC,ALL PRODUCTION PRACTICES,18,12,18
SURVEY,POINT IN TIME,IN,UNITED STATES,2023,,STATE,,FIELD CROPS,,CAPACITY,00000000,2025-01-10 12:00:00.000,TOTAL,,INDIANA,CROPS,,,NOT SPECIFIED,INDIANA,"550,000,000",BU,,,,OFF FARM,,,9000,"GRAIN STORAGE CAPACITY, OFF FARM - CAPACITY, MEASURED IN BU",12,GRAIN STORAGE CAPACITY,ALL CLASSES,FIRST OF DEC,ALL PRODUCTION PRACTICES,18,12,18
SURVEY,POINT IN TIME,IN,UNITED STATES,2022,,STATE,,FIELD CROPS,,CAPACITY,00000000,2024-01-09 15:00:00.000,TOTAL,,INDIANA,CROPS,,,NOT SPECIFIED,INDIANA,"550,000,000",BU,,,,OFF FARM,,,9000,"GRAIN STORAGE CAPACITY, OFF FARM - CAPACITY, MEASURED IN BU",12,GRAIN STORAGE CAPACITY,ALL CLASSES,FIRST OF DEC,ALL PRODUCTION PRACTICES,18,12,18
SURVEY,POINT IN TIME,IN,UNITED STATES,2021,,STATE,,FIELD CROPS,,CAPACITY,00000000,2024-01-09 15:00:00.000,TOTAL,,INDIANA,CROPS,,,NOT SPECIFIED,INDIANA,"550,000,000",BU,,,,OFF FARM,,,9000,"GRAIN STORAGE CAPACITY, OFF FARM - CAPACITY, MEASURED IN BU",12,GRAIN STORAGE CAPACITY,ALL CLASSES,FIRST OF DEC,ALL PRODUCTION PRACTICES,18,12,18
SURVEY,POINT IN TIME,IN,UNITED STATES,2020,,STATE,,FIELD CROPS,,CAPACITY,00000000,2024-01-09 15:00:00.000,TOTAL,,INDIANA,CROPS,,,NOT SPECIFIED,INDIANA,"545,000,000",BU,,,,OFF FARM,,,9000,"GRAIN STORAGE CAPACITY, OFF FARM - CAPACITY, MEASURED IN BU",12,GRAIN STORAGE CAPACITY,ALL CLASSES,FIRST OF DEC,ALL PRODUCTION PRACTICES,18,12,18
SURVEY,POINT IN TIME,IN,UNITED STATES,2019,,STATE,,FIELD CROPS,,CAPACITY,00000000,2024-01-09 15:00:00.000,TOTAL,,INDIANA,CROPS,,,NOT SPECIFIED,INDIANA,"545,000,000",BU,,,,OFF FARM,,,9000,"GRAIN STORAGE CAPACITY, OFF FARM - CAPACITY, MEASURED IN BU",12,GRAIN STORAGE CAPACITY,ALL CLASSES,FIRST OF DEC,ALL PRODUCTION PRACTICES,18,12,18
SURVEY,POINT IN TIME,IN,UNITED STATES,2018,,STATE,,FIELD CROPS,,CAPACITY,00000000,2024-01-09 15:00:00.000,TOTAL,,INDIANA,CROPS,,,NOT SPECIFIED,INDIANA,"545,000,000",BU,,,,OFF FARM,,,9000,"GRAIN STORAGE CAPACITY, OFF FARM - CAPACITY, MEASURED IN BU",12,GRAIN STORAGE CAPACITY,ALL CLASSES,FIRST OF DEC,ALL PRODUCTION PRACTICES,18,12,18
SURVEY,POINT IN TIME,IN,UNITED STATES,2017,,STATE,,FIELD CROPS,,CAPACITY,00000000,2019-02-06 15:00:06.000,TOTAL,,INDIANA,CROPS,,,NOT SPECIFIED,INDIANA,"540,000,000",BU,,,,OFF FARM,,,9000,"GRAIN STORAGE CAPACITY, OFF FARM - CAPACITY, MEASURED IN BU",12,GRAIN STORAGE CAPACITY,ALL CLASSES,FIRST OF DEC,ALL PRODUCTION PRACTICES,18,12,18
SURVEY,POINT IN TIME,IN,UNITED STATES,2016,,STATE,,FIELD CROPS,,CAPACITY,00000000,2019-02-06 15:00:06.000,TOTAL,,INDIANA,CROPS,,,NOT SPECIFIED,INDIANA,"520,000,000",BU,,,,OFF FARM,,,9000,"GRAIN STORAGE CAPACITY, OFF FARM - CAPACITY, MEASURED IN BU",12,GRAIN STORAGE CAPACITY,ALL CLASSES,FIRST OF DEC,ALL PRODUCTION PRACTICES,18,12,18
SURVEY,POINT IN TIME,IN,UNITED STATES,2015,,STATE,,FIELD CROPS,,CAPACITY,00000000,2019-02-06 15:00:06.000,TOTAL,,INDIANA,CROPS,,,NOT SPECIFIED,INDIANA,"520,000,000",BU,,,,OFF FARM,,,9000,"GRAIN STORAGE CAPACITY, OFF FARM - CAPACITY, MEASURED IN BU",12,GRAIN STORAGE CAPACITY,ALL CLASSES,FIRST OF DEC,ALL PRODUCTION PRACTICES,18,12,18
SURVEY,POINT IN TIME,IN,UNITED STATES,2014,,STATE,,FIELD CROPS,,CAPACITY,00000000,2019-02-06 15:00:06.000,TOTAL,,INDIANA,CROPS,,,NOT SPECIFIED,INDIANA,"510,000,000",BU,,,,OFF FARM,,,9000,"GRAIN STORAGE CAPACITY, OFF FARM - CAPACITY, MEASURED IN BU",12,GRAIN STORAGE CAPACITY,ALL CLASSES,FIRST OF DEC,ALL PRODUCTION PRACTICES,18,12,18
SURVEY,POINT IN TIME,IN,UNITED STATES,2013,,STATE,,FIELD CROPS,,CAPACITY,00000000,2019-02-06 15:00:06.000,TOTAL,,INDIANA,CROPS,,,NOT SPECIFIED,INDIANA,"478,700,000",BU,,,,OFF FARM,,,9000,"GRAIN STORAGE CAPACITY, OFF FARM - CAPACITY, MEASURED IN BU",12,GRAIN STORAGE CAPACITY,ALL CLASSES,FIRST OF DEC,ALL PRODUCTION PRACTICES,18,12,18
SURVEY,POINT IN TIME,IN,UNITED STATES,2012,,STATE,,FIELD CROPS,,CAPACITY,00000000,2014-11-03 15:18:45.000,TOTAL,,INDIANA,CROPS,,,NOT SPECIFIED,INDIANA,"467,900,000",BU,,,,OFF FARM,,,9000,"GRAIN STORAGE CAPACITY, OFF FARM - CAPACITY, MEASURED IN BU",12,GRAIN STORAGE CAPACITY,ALL CLASSES,FIRST OF DEC,ALL PRODUCTION PRACTICES,18,12,18
SURVEY,POINT IN TIME,IN,UNITED STATES,2011,,STATE,,FIELD CROPS,,CAPACITY,00000000,2014-11-03 15:18:45.000,TOTAL,,INDIANA,CROPS,,,NOT SPECIFIED,INDIANA,"463,600,000",BU,,,,OFF FARM,,,9000,"GRAIN STORAGE CAPACITY, OFF FARM - CAPACITY, MEASURED IN BU",12,GRAIN STORAGE CAPACITY,ALL CLASSES,FIRST OF DEC,ALL PRODUCTION PRACTICES,18,12,18
SURVEY,POINT IN TIME,IN,UNITED STATES,2010,,STATE,,FIELD CROPS,,CAPACITY,00000000,2014-11-03 15:18:45.000,TOTAL,,INDIANA,CROPS,,,NOT SPECIFIED,INDIANA,"442,800,000",BU,,,,OFF FARM,,,9000,"GRAIN STORAGE CAPACITY, OFF FARM - CAPACITY, MEASURED IN BU",12,GRAIN STORAGE CAPACITY,ALL CLASSES,FIRST OF DEC,ALL PRODUCTION PRACTICES,18,12,18
SURVEY,POINT IN TIME,IA,UNITED STATES,2025,,STATE,,FIELD CROPS,,CAPACITY,00000000,2026-01-12 12:00:00.000,TOTAL,,IOWA,CROPS,,,NOT SPECIFIED,IOWA,"1,540,000,000",BU,,,,OFF FARM,,,9000,"GRAIN STORAGE CAPACITY, OFF FARM - CAPACITY, MEASURED IN BU",12,GRAIN STORAGE CAPACITY,ALL CLASSES,FIRST OF DEC,ALL PRODUCTION PRACTICES,19,12,19
SURVEY,POINT IN TIME,IA,UNITED STATES,2024,,STATE,,FIELD CROPS,,CAPACITY,00000000,2026-01-12 12:00:00.000,TOTAL,,IOWA,CROPS,,,NOT SPECIFIED,IOWA,"1,530,000,000",BU,,,,OFF FARM,,,9000,"GRAIN STORAGE CAPACITY, OFF FARM - CAPACITY, MEASURED IN BU",12,GRAIN STORAGE CAPACITY,ALL CLASSES,FIRST OF DEC,ALL PRODUCTION PRACTICES,19,12,19
SURVEY,POINT IN TIME,IA,UNITED STATES,2023,,STATE,,FIELD CROPS,,CAPACITY,00000000,2025-01-10 12:00:00.000,TOTAL,,IOWA,CROPS,,,NOT SPECIFIED,IOWA,"1,530,000,000",BU,,,,OFF FARM,,,9000,"GRAIN STORAGE CAPACITY, OFF FARM - CAPACITY, MEASURED IN BU",12,GRAIN STORAGE CAPACITY,ALL CLASSES,FIRST OF DEC,ALL PRODUCTION PRACTICES,19,12,19
SURVEY,POINT IN TIME,IA,UNITED STATES,2022,,STATE,,FIELD CROPS,,CAPACITY,00000000,2024-01-09 15:00:00.000,TOTAL,,IOWA,CROPS,,,NOT SPECIFIED,IOWA,"1,520,000,000",BU,,,,OFF FARM,,,9000,"GRAIN STORAGE CAPACITY, OFF FARM - CAPACITY, MEASURED IN BU",12,GRAIN STORAGE CAPACITY,ALL CLASSES,FIRST OF DEC,ALL PRODUCTION PRACTICES,19,12,19
SURVEY,POINT IN TIME,IA,UNITED STATES,2021,,STATE,,FIELD CROPS,,CAPACITY,00000000,2024-01-09 15:00:00.000,TOTAL,,IOWA,CROPS,,,NOT SPECIFIED,IOWA,"1,520,000,000",BU,,,,OFF FARM,,,9000,"GRAIN STORAGE CAPACITY, OFF FARM - CAPACITY, MEASURED IN BU",12,GRAIN STORAGE CAPACITY,ALL CLASSES,FIRST OF DEC,ALL PRODUCTION PRACTICES,19,12,19
SURVEY,POINT IN TIME,IA,UNITED STATES,2020,,STATE,,FIELD CROPS,,CAPACITY,00000000,2024-01-09 15:00:00.000,TOTAL,,IOWA,CROPS,,,NOT SPECIFIED,IOWA,"1,520,000,000",BU,,,,OFF FARM,,,9000,"GRAIN STORAGE CAPACITY, OFF FARM - CAPACITY, MEASURED IN BU",12,GRAIN STORAGE CAPACITY,ALL CLASSES,FIRST OF DEC,ALL PRODUCTION PRACTICES,19,12,19
SURVEY,POINT IN TIME,IA,UNITED STATES,2019,,STATE,,FIELD CROPS,,CAPACITY,00000000,2024-01-09 15:00:00.000,TOTAL,,IOWA,CROPS,,,NOT SPECIFIED,IOWA,"1,540,000,000",BU,,,,OFF FARM,,,9000,"GRAIN STORAGE CAPACITY, OFF FARM - CAPACITY, MEASURED IN BU",12,GRAIN STORAGE CAPACITY,ALL CLASSES,FIRST OF DEC,ALL PRODUCTION PRACTICES,19,12,19
SURVEY,POINT IN TIME,IA,UNITED STATES,2018,,STATE,,FIELD CROPS,,CAPACITY,00000000,2024-01-09 15:00:00.000,TOTAL,,IOWA,CROPS,,,NOT SPECIFIED,IOWA,"1,500,000,000",BU,,,,OFF FARM,,,9000,"GRAIN STORAGE CAPACITY, OFF FARM - CAPACITY, MEASURED IN BU",12,GRAIN STORAGE CAPACITY,ALL CLASSES,FIRST OF DEC,ALL PRODUCTION PRACTICES,19,12,19
SURVEY,POINT IN TIME,IA,UNITED STATES,2017,,STATE,,FIELD CROPS,,CAPACITY,00000000,2019-02-06 15:00:06.000,TOTAL,,IOWA,CROPS,,,NOT SPECIFIED,IOWA,"1,470,000,000",BU,,,,OFF FARM,,,9000,"GRAIN STORAGE CAPACITY, OFF FARM - CAPACITY, MEASURED IN BU",12,GRAIN STORAGE CAPACITY,ALL CLASSES,FIRST OF DEC,ALL PRODUCTION PRACTICES,19,12,19
SURVEY,POINT IN TIME,IA,UNITED STATES,2016,,STATE,,FIELD CROPS,,CAPACITY,00000000,2019-02-06 15:00:06.000,TOTAL,,IOWA,CROPS,,,NOT SPECIFIED,IOWA,"1,430,000,000",BU,,,,OFF FARM,,,9000,"GRAIN STORAGE CAPACITY, OFF FARM - CAPACITY, MEASURED IN BU",12,GRAIN STORAGE CAPACITY,ALL CLASSES,FIRST OF DEC,ALL PRODUCTION PRACTICES,19,12,19
SURVEY,POINT IN TIME,IA,UNITED STATES,2015,,STATE,,FIELD CROPS,,CAPACITY,00000000,2019-02-06 15:00:06.000,TOTAL,,IOWA,CROPS,,,NOT SPECIFIED,IOWA,"1,430,000,000",BU,,,,OFF FARM,,,9000,"GRAIN STORAGE CAPACITY, OFF FARM - CAPACITY, MEASURED IN BU",12,GRAIN STORAGE CAPACITY,ALL CLASSES,FIRST OF DEC,ALL PRODUCTION PRACTICES,19,12,19
SURVEY,POINT IN TIME,IA,UNITED STATES,2014,,STATE,,FIELD CROPS,,CAPACITY,00000000,2019-02-06 15:00:06.000,TOTAL,,IOWA,CROPS,,,NOT SPECIFIED,IOWA,"1,430,000,000",BU,,,,OFF FARM,,,9000,"GRAIN STORAGE CAPACITY, OFF FARM - CAPACITY, MEASURED IN BU",12,GRAIN STORAGE CAPACITY,ALL CLASSES,FIRST OF DEC,ALL PRODUCTION PRACTICES,19,12,19
SURVEY,POINT IN TIME,IA,UNITED STATES,2013,,STATE,,FIELD CROPS,,CAPACITY,00000000,2019-02-06 15:00:06.000,TOTAL,,IOWA,CROPS,,,NOT SPECIFIED,IOWA,"1,400,000,000",BU,,,,OFF FARM,,,9000,"GRAIN STORAGE CAPACITY, OFF FARM - CAPACITY, MEASURED IN BU",12,GRAIN STORAGE CAPACITY,ALL CLASSES,FIRST OF DEC,ALL PRODUCTION PRACTICES,19,12,19
SURVEY,POINT IN TIME,IA,UNITED STATES,2012,,STATE,,FIELD CROPS,,CAPACITY,00000000,2014-11-03 15:18:45.000,TOTAL,,IOWA,CROPS,,,NOT SPECIFIED,IOWA,"1,390,000,000",BU,,,,OFF FARM,,,9000,"GRAIN STORAGE CAPACITY, OFF FARM - CAPACITY, MEASURED IN BU",12,GRAIN STORAGE CAPACITY,ALL CLASSES,FIRST OF DEC,ALL PRODUCTION PRACTICES,19,12,19
SURVEY,POINT IN TIME,IA,UNITED STATES,2011,,STATE,,FIELD CROPS,,CAPACITY,00000000,2014-11-03 15:18:45.000,TOTAL,,IOWA,CROPS,,,NOT SPECIFIED,IOWA,"1,380,000,000",BU,,,,OFF FARM,,,9000,"GRAIN STORAGE CAPACITY, OFF FARM - CAPACITY, MEASURED IN BU",12,GRAIN STORAGE CAPACITY,ALL CLASSES,FIRST OF DEC,ALL PRODUCTION PRACTICES,19,12,19
SURVEY,POINT IN TIME,IA,UNITED STATES,2010,,STATE,,FIELD CROPS,,CAPACITY,00000000,2014-11-03 15:18:45.000,TOTAL,,IOWA,CROPS,,,NOT SPECIFIED,IOWA,"1,375,000,000",BU,,,,OFF FARM,,,9000,"GRAIN STORAGE CAPACITY, OFF FARM - CAPACITY, MEASURED IN BU",12,GRAIN STORAGE CAPACITY,ALL CLASSES,FIRST OF DEC,ALL PRODUCTION PRACTICES,19,12,19
SURVEY,POINT IN TIME,KS,UNITED STATES,2025,,STATE,,FIELD CROPS,,CAPACITY,00000000,2026-01-12 12:00:00.000,TOTAL,,KANSAS,CROPS,,,NOT SPECIFIED,KANSAS,"1,220,000,000",BU,,,,OFF FARM,,,9000,"GRAIN STORAGE CAPACITY, OFF FARM - CAPACITY, MEASURED IN BU",12,GRAIN STORAGE CAPACITY,ALL CLASSES,FIRST OF DEC,ALL PRODUCTION PRACTICES,20,12,20
SURVEY,POINT IN TIME,KS,UNITED STATES,2024,,STATE,,FIELD CROPS,,CAPACITY,00000000,2026-01-12 12:00:00.000,TOTAL,,KANSAS,CROPS,,,NOT SPECIFIED,KANSAS,"1,220,000,000",BU,,,,OFF FARM,,,9000,"GRAIN STORAGE CAPACITY, OFF FARM - CAPACITY, MEASURED IN BU",12,GRAIN STORAGE CAPACITY,ALL CLASSES,FIRST OF DEC,ALL PRODUCTION PRACTICES,20,12,20
SURVEY,POINT IN TIME,KS,UNITED STATES,2023,,STATE,,FIELD CROPS,,CAPACITY,00000000,2025-01-10 12:00:00.000,TOTAL,,KANSAS,CROPS,,,NOT SPECIFIED,KANSAS,"1,220,000,000",BU,,,,OFF FARM,,,9000,"GRAIN STORAGE CAPACITY, OFF FARM - CAPACITY, MEASURED IN BU",12,GRAIN STORAGE CAPACITY,ALL CLASSES,FIRST OF DEC,ALL PRODUCTION PRACTICES,20,12,20
SURVEY,POINT IN TIME,KS,UNITED STATES,2022,,STATE,,FIELD CROPS,,CAPACITY,00000000,2024-01-09 15:00:00.000,TOTAL,,KANSAS,CROPS,,,NOT SPECIFIED,KANSAS,"1,200,000,000",BU,,,,OFF FARM,,,9000,"GRAIN STORAGE CAPACITY, OFF FARM - CAPACITY, MEASURED IN BU",12,GRAIN STORAGE CAPACITY,ALL CLASSES,FIRST OF DEC,ALL PRODUCTION PRACTICES,20,12,20
SURVEY,POINT IN TIME,KS,UNITED STATES,2021,,STATE,,FIELD CROPS,,CAPACITY,00000000,2024-01-09 15:00:00.000,TOTAL,,KANSAS,CROPS,,,NOT SPECIFIED,KANSAS,"1,200,000,000",BU,,,,OFF FARM,,,9000,"GRAIN STORAGE CAPACITY, OFF FARM - CAPACITY, MEASURED IN BU",12,GRAIN STORAGE CAPACITY,ALL CLASSES,FIRST OF DEC,ALL PRODUCTION PRACTICES,20,12,20
SURVEY,POINT IN TIME,KS,UNITED STATES,2020,,STATE,,FIELD CROPS,,CAPACITY,00000000,2024-01-09 15:00:00.000,TOTAL,,KANSAS,CROPS,,,NOT SPECIFIED,KANSAS,"1,200,000,000",BU,,,,OFF FARM,,,9000,"GRAIN STORAGE CAPACITY, OFF FARM - CAPACITY, MEASURED IN BU",12,GRAIN STORAGE CAPACITY,ALL CLASSES,FIRST OF DEC,ALL PRODUCTION PRACTICES,20,12,20
SURVEY,POINT IN TIME,KS,UNITED STATES,2019,,STATE,,FIELD CROPS,,CAPACITY,00000000,2024-01-09 15:00:00.000,TOTAL,,KANSAS,CROPS,,,NOT SPECIFIED,KANSAS,"1,175,000,000",BU,,,,OFF FARM,,,9000,"GRAIN STORAGE CAPACITY, OFF FARM - CAPACITY, MEASURED IN BU",12,GRAIN STORAGE CAPACITY,ALL CLASSES,FIRST OF DEC,ALL PRODUCTION PRACTICES,20,12,20
SURVEY,POINT IN TIME,KS,UNITED STATES,2018,,STATE,,FIELD CROPS,,CAPACITY,00000000,2024-01-09 15:00:00.000,TOTAL,,KANSAS,CROPS,,,NOT SPECIFIED,KANSAS,"1,150,000,000",BU,,,,OFF FARM,,,9000,"GRAIN STORAGE CAPACITY, OFF FARM - CAPACITY, MEASURED IN BU",12,GRAIN STORAGE CAPACITY,ALL CLASSES,FIRST OF DEC,ALL PRODUCTION PRACTICES,20,12,20
SURVEY,POINT IN TIME,KS,UNITED STATES,2017,,STATE,,FIELD CROPS,,CAPACITY,00000000,2019-02-06 15:00:06.000,TOTAL,,KANSAS,CROPS,,,NOT SPECIFIED,KANSAS,"1,100,000,000",BU,,,,OFF FARM,,,9000,"GRAIN STORAGE CAPACITY, OFF FARM - CAPACITY, MEASURED IN BU",12,GRAIN STORAGE CAPACITY,ALL CLASSES,FIRST OF DEC,ALL PRODUCTION PRACTICES,20,12,20
SURVEY,POINT IN TIME,KS,UNITED STATES,2016,,STATE,,FIELD CROPS,,CAPACITY,00000000,2019-02-06 15:00:06.000,TOTAL,,KANSAS,CROPS,,,NOT SPECIFIED,KANSAS,"1,075,000,000",BU,,,,OFF FARM,,,9000,"GRAIN STORAGE CAPACITY, OFF FARM - CAPACITY, MEASURED IN BU",12,GRAIN STORAGE CAPACITY,ALL CLASSES,FIRST OF DEC,ALL PRODUCTION PRACTICES,20,12,20
SURVEY,POINT IN TIME,KS,UNITED STATES,2015,,STATE,,FIELD CROPS,,CAPACITY,00000000,2019-02-06 15:00:06.000,TOTAL,,KANSAS,CROPS,,,NOT SPECIFIED,KANSAS,"1,050,000,000",BU,,,,OFF FARM,,,9000,"GRAIN STORAGE CAPACITY, OFF FARM - CAPACITY, MEASURED IN BU",12,GRAIN STORAGE CAPACITY,ALL CLASSES,FIRST OF DEC,ALL PRODUCTION PRACTICES,20,12,20
SURVEY,POINT IN TIME,KS,UNITED STATES,2014,,STATE,,FIELD CROPS,,CAPACITY,00000000,2019-02-06 15:00:06.000,TOTAL,,KANSAS,CROPS,,,NOT SPECIFIED,KANSAS,"1,025,000,000",BU,,,,OFF FARM,,,9000,"GRAIN STORAGE CAPACITY, OFF FARM - CAPACITY, MEASURED IN BU",12,GRAIN STORAGE CAPACITY,ALL CLASSES,FIRST OF DEC,ALL PRODUCTION PRACTICES,20,12,20
SURVEY,POINT IN TIME,KS,UNITED STATES,2013,,STATE,,FIELD CROPS,,CAPACITY,00000000,2019-02-06 15:00:06.000,TOTAL,,KANSAS,CROPS,,,NOT SPECIFIED,KANSAS,"1,000,000,000",BU,,,,OFF FARM,,,9000,"GRAIN STORAGE CAPACITY, OFF FARM - CAPACITY, MEASURED IN BU",12,GRAIN STORAGE CAPACITY,ALL CLASSES,FIRST OF DEC,ALL PRODUCTION PRACTICES,20,12,20
SURVEY,POINT IN TIME,KS,UNITED STATES,2012,,STATE,,FIELD CROPS,,CAPACITY,00000000,2014-11-03 15:18:45.000,TOTAL,,KANSAS,CROPS,,,NOT SPECIFIED,KANSAS,"980,000,000",BU,,,,OFF FARM,,,9000,"GRAIN STORAGE CAPACITY, OFF FARM - CAPACITY, MEASURED IN BU",12,GRAIN STORAGE CAPACITY,ALL CLASSES,FIRST OF DEC,ALL PRODUCTION PRACTICES,20,12,20
SURVEY,POINT IN TIME,KS,UNITED STATES,2011,,STATE,,FIELD CROPS,,CAPACITY,00000000,2014-11-03 15:18:45.000,TOTAL,,KANSAS,CROPS,,,NOT SPECIFIED,KANSAS,"940,000,000",BU,,,,OFF FARM,,,9000,"GRAIN STORAGE CAPACITY, OFF FARM - CAPACITY, MEASURED IN BU",12,GRAIN STORAGE CAPACITY,ALL CLASSES,FIRST OF DEC,ALL PRODUCTION PRACTICES,20,12,20
SURVEY,POINT IN TIME,KS,UNITED STATES,2010,,STATE,,FIELD CROPS,,CAPACITY,00000000,2014-11-03 15:18:45.000,TOTAL,,KANSAS,CROPS,,,NOT SPECIFIED,KANSAS,"920,000,000",BU,,,,OFF FARM,,,9000,"GRAIN STORAGE CAPACITY, OFF FARM - CAPACITY, MEASURED IN BU",12,GRAIN STORAGE CAPACITY,ALL CLASSES,FIRST OF DEC,ALL PRODUCTION PRACTICES,20,12,20
SURVEY,POINT IN TIME,KY,UNITED STATES,2025,,STATE,,FIELD CROPS,,CAPACITY,00000000,2026-01-12 12:00:00.000,TOTAL,,KENTUCKY,CROPS,,,NOT SPECIFIED,KENTUCKY,"92,000,000",BU,,,,OFF FARM,,,9000,"GRAIN STORAGE CAPACITY, OFF FARM - CAPACITY, MEASURED IN BU",12,GRAIN STORAGE CAPACITY,ALL CLASSES,FIRST OF DEC,ALL PRODUCTION PRACTICES,21,12,21
SURVEY,POINT IN TIME,KY,UNITED STATES,2024,,STATE,,FIELD CROPS,,CAPACITY,00000000,2026-01-12 12:00:00.000,TOTAL,,KENTUCKY,CROPS,,,NOT SPECIFIED,KENTUCKY,"92,000,000",BU,,,,OFF FARM,,,9000,"GRAIN STORAGE CAPACITY, OFF FARM - CAPACITY, MEASURED IN BU",12,GRAIN STORAGE CAPACITY,ALL CLASSES,FIRST OF DEC,ALL PRODUCTION PRACTICES,21,12,21
SURVEY,POINT IN TIME,KY,UNITED STATES,2023,,STATE,,FIELD CROPS,,CAPACITY,00000000,2025-01-10 12:00:00.000,TOTAL,,KENTUCKY,CROPS,,,NOT SPECIFIED,KENTUCKY,"92,000,000",BU,,,,OFF FARM,,,9000,"GRAIN STORAGE CAPACITY, OFF FARM - CAPACITY, MEASURED IN BU",12,GRAIN STORAGE CAPACITY,ALL CLASSES,FIRST OF DEC,ALL PRODUCTION PRACTICES,21,12,21
SURVEY,POINT IN TIME,KY,UNITED STATES,2022,,STATE,,FIELD CROPS,,CAPACITY,00000000,2024-01-09 15:00:00.000,TOTAL,,KENTUCKY,CROPS,,,NOT SPECIFIED,KENTUCKY,"94,000,000",BU,,,,OFF FARM,,,9000,"GRAIN STORAGE CAPACITY, OFF FARM - CAPACITY, MEASURED IN BU",12,GRAIN STORAGE CAPACITY,ALL CLASSES,FIRST OF DEC,ALL PRODUCTION PRACTICES,21,12,21
SURVEY,POINT IN TIME,KY,UNITED STATES,2021,,STATE,,FIELD CROPS,,CAPACITY,00000000,2024-01-09 15:00:00.000,TOTAL,,KENTUCKY,CROPS,,,NOT SPECIFIED,KENTUCKY,"94,000,000",BU,,,,OFF FARM,,,9000,"GRAIN STORAGE CAPACITY, OFF FARM - CAPACITY, MEASURED IN BU",12,GRAIN STORAGE CAPACITY,ALL CLASSES,FIRST OF DEC,ALL PRODUCTION PRACTICES,21,12,21
SURVEY,POINT IN TIME,KY,UNITED STATES,2020,,STATE,,FIELD CROPS,,CAPACITY,00000000,2024-01-09 15:00:00.000,TOTAL,,KENTUCKY,CROPS,,,NOT SPECIFIED,KENTUCKY,"92,000,000",BU,,,,OFF FARM,,,9000,"GRAIN STORAGE CAPACITY, OFF FARM - CAPACITY, MEASURED IN BU",12,GRAIN STORAGE CAPACITY,ALL CLASSES,FIRST OF DEC,ALL PRODUCTION PRACTICES,21,12,21
SURVEY,POINT IN TIME,KY,UNITED STATES,2019,,STATE,,FIELD CROPS,,CAPACITY,00000000,2024-01-09 15:00:00.000,TOTAL,,KENTUCKY,CROPS,,,NOT SPECIFIED,KENTUCKY,"90,000,000",BU,,,,OFF FARM,,,9000,"GRAIN STORAGE CAPACITY, OFF FARM - CAPACITY, MEASURED IN BU",12,GRAIN STORAGE CAPACITY,ALL CLASSES,FIRST OF DEC,ALL PRODUCTION PRACTICES,21,12,21
SURVEY,POINT IN TIME,KY,UNITED STATES,2018,,STATE,,FIELD CROPS,,CAPACITY,00000000,2024-01-09 15:00:00.000,TOTAL,,KENTUCKY,CROPS,,,NOT SPECIFIED,KENTUCKY,"87,000,000",BU,,,,OFF FARM,,,9000,"GRAIN STORAGE CAPACITY, OFF FARM - CAPACITY, MEASURED IN BU",12,GRAIN STORAGE CAPACITY,ALL CLASSES,FIRST OF DEC,ALL PRODUCTION PRACTICES,21,12,21
SURVEY,POINT IN TIME,KY,UNITED STATES,2017,,STATE,,FIELD CROPS,,CAPACITY,00000000,2019-02-06 15:00:06.000,TOTAL,,KENTUCKY,CROPS,,,NOT SPECIFIED,KENTUCKY,"84,000,000",BU,,,,OFF FARM,,,9000,"GRAIN STORAGE CAPACITY, OFF FARM - CAPACITY, MEASURED IN BU",12,GRAIN STORAGE CAPACITY,ALL CLASSES,FIRST OF DEC,ALL PRODUCTION PRACTICES,21,12,21
SURVEY,POINT IN TIME,KY,UNITED STATES,2016,,STATE,,FIELD CROPS,,CAPACITY,00000000,2019-02-06 15:00:06.000,TOTAL,,KENTUCKY,CROPS,,,NOT SPECIFIED,KENTUCKY,"80,000,000",BU,,,,OFF FARM,,,9000,"GRAIN STORAGE CAPACITY, OFF FARM - CAPACITY, MEASURED IN BU",12,GRAIN STORAGE CAPACITY,ALL CLASSES,FIRST OF DEC,ALL PRODUCTION PRACTICES,21,12,21
SURVEY,POINT IN TIME,KY,UNITED STATES,2015,,STATE,,FIELD CROPS,,CAPACITY,00000000,2019-02-06 15:00:06.000,TOTAL,,KENTUCKY,CROPS,,,NOT SPECIFIED,KENTUCKY,"76,000,000",BU,,,,OFF FARM,,,9000,"GRAIN STORAGE CAPACITY, OFF FARM - CAPACITY, MEASURED IN BU",12,GRAIN STORAGE CAPACITY,ALL CLASSES,FIRST OF DEC,ALL PRODUCTION PRACTICES,21,12,21
SURVEY,POINT IN TIME,KY,UNITED STATES,2014,,STATE,,FIELD CROPS,,CAPACITY,00000000,2019-02-06 15:00:06.000,TOTAL,,KENTUCKY,CROPS,,,NOT SPECIFIED,KENTUCKY,"74,000,000",BU,,,,OFF FARM,,,9000,"GRAIN STORAGE CAPACITY, OFF FARM - CAPACITY, MEASURED IN BU",12,GRAIN STORAGE CAPACITY,ALL CLASSES,FIRST OF DEC,ALL PRODUCTION PRACTICES,21,12,21
SURVEY,POINT IN TIME,KY,UNITED STATES,2013,,STATE,,FIELD CROPS,,CAPACITY,00000000,2019-02-06 15:00:06.000,TOTAL,,KENTUCKY,CROPS,,,NOT SPECIFIED,KENTUCKY,"74,000,000",BU,,,,OFF FARM,,,9000,"GRAIN STORAGE CAPACITY, OFF FARM - CAPACITY, MEASURED IN BU",12,GRAIN STORAGE CAPACITY,ALL CLASSES,FIRST OF DEC,ALL PRODUCTION PRACTICES,21,12,21
SURVEY,POINT IN TIME,KY,UNITED STATES,2012,,STATE,,FIELD CROPS,,CAPACITY,00000000,2014-11-03 15:18:45.000,TOTAL,,KENTUCKY,CROPS,,,NOT SPECIFIED,KENTUCKY,"72,000,000",BU,,,,OFF FARM,,,9000,"GRAIN STORAGE CAPACITY, OFF FARM - CAPACITY, MEASURED IN BU",12,GRAIN STORAGE CAPACITY,ALL CLASSES,FIRST OF DEC,ALL PRODUCTION PRACTICES,21,12,21
SURVEY,POINT IN TIME,KY,UNITED STATES,2011,,STATE,,FIELD CROPS,,CAPACITY,00000000,2014-11-03 15:18:45.000,TOTAL,,KENTUCKY,CROPS,,,NOT SPECIFIED,KENTUCKY,"70,000,000",BU,,,,OFF FARM,,,9000,"GRAIN STORAGE CAPACITY, OFF FARM - CAPACITY, MEASURED IN BU",12,GRAIN STORAGE CAPACITY,ALL CLASSES,FIRST OF DEC,ALL PRODUCTION PRACTICES,21,12,21
SURVEY,POINT IN TIME,KY,UNITED STATES,2010,,STATE,,FIELD CROPS,,CAPACITY,00000000,2014-11-03 15:18:45.000,TOTAL,,KENTUCKY,CROPS,,,NOT SPECIFIED,KENTUCKY,"68,000,000",BU,,,,OFF FARM,,,9000,"GRAIN STORAGE CAPACITY, OFF FARM - CAPACITY, MEASURED IN BU",12,GRAIN STORAGE CAPACITY,ALL CLASSES,FIRST OF DEC,ALL PRODUCTION PRACTICES,21,12,21
SURVEY,POINT IN TIME,LA,UNITED STATES,2025,,STATE,,FIELD CROPS,,CAPACITY,00000000,2026-01-12 12:00:00.000,TOTAL,,LOUISIANA,CROPS,,,NOT SPECIFIED,LOUISIANA,"120,000,000",BU,,,,OFF FARM,,,9000,"GRAIN STORAGE CAPACITY, OFF FARM - CAPACITY, MEASURED IN BU",12,GRAIN STORAGE CAPACITY,ALL CLASSES,FIRST OF DEC,ALL PRODUCTION PRACTICES,22,12,22
SURVEY,POINT IN TIME,LA,UNITED STATES,2024,,STATE,,FIELD CROPS,,CAPACITY,00000000,2026-01-12 12:00:00.000,TOTAL,,LOUISIANA,CROPS,,,NOT SPECIFIED,LOUISIANA,"120,000,000",BU,,,,OFF FARM,,,9000,"GRAIN STORAGE CAPACITY, OFF FARM - CAPACITY, MEASURED IN BU",12,GRAIN STORAGE CAPACITY,ALL CLASSES,FIRST OF DEC,ALL PRODUCTION PRACTICES,22,12,22
SURVEY,POINT IN TIME,LA,UNITED STATES,2023,,STATE,,FIELD CROPS,,CAPACITY,00000000,2025-01-10 12:00:00.000,TOTAL,,LOUISIANA,CROPS,,,NOT SPECIFIED,LOUISIANA,"120,000,000",BU,,,,OFF FARM,,,9000,"GRAIN STORAGE CAPACITY, OFF FARM - CAPACITY, MEASURED IN BU",12,GRAIN STORAGE CAPACITY,ALL CLASSES,FIRST OF DEC,ALL PRODUCTION PRACTICES,22,12,22
SURVEY,POINT IN TIME,LA,UNITED STATES,2022,,STATE,,FIELD CROPS,,CAPACITY,00000000,2024-01-09 15:00:00.000,TOTAL,,LOUISIANA,CROPS,,,NOT SPECIFIED,LOUISIANA,"131,000,000",BU,,,,OFF FARM,,,9000,"GRAIN STORAGE CAPACITY, OFF FARM - CAPACITY, MEASURED IN BU",12,GRAIN STORAGE CAPACITY,ALL CLASSES,FIRST OF DEC,ALL PRODUCTION PRACTICES,22,12,22
SURVEY,POINT IN TIME,LA,UNITED STATES,2021,,STATE,,FIELD CROPS,,CAPACITY,00000000,2024-01-09 15:00:00.000,TOTAL,,LOUISIANA,CROPS,,,NOT SPECIFIED,LOUISIANA,"131,000,000",BU,,,,OFF FARM,,,9000,"GRAIN STORAGE CAPACITY, OFF FARM - CAPACITY, MEASURED IN BU",12,GRAIN STORAGE CAPACITY,ALL CLASSES,FIRST OF DEC,ALL PRODUCTION PRACTICES,22,12,22
SURVEY,POINT IN TIME,LA,UNITED STATES,2020,,STATE,,FIELD CROPS,,CAPACITY,00000000,2024-01-09 15:00:00.000,TOTAL,,LOUISIANA,CROPS,,,NOT SPECIFIED,LOUISIANA,"131,000,000",BU,,,,OFF FARM,,,9000,"GRAIN STORAGE CAPACITY, OFF FARM - CAPACITY, MEASURED IN BU",12,GRAIN STORAGE CAPACITY,ALL CLASSES,FIRST OF DEC,ALL PRODUCTION PRACTICES,22,12,22
SURVEY,POINT IN TIME,LA,UNITED STATES,2019,,STATE,,FIELD CROPS,,CAPACITY,00000000,2024-01-09 15:00:00.000,TOTAL,,LOUISIANA,CROPS,,,NOT SPECIFIED,LOUISIANA,"131,000,000",BU,,,,OFF FARM,,,9000,"GRAIN STORAGE CAPACITY, OFF FARM - CAPACITY, MEASURED IN BU",12,GRAIN STORAGE CAPACITY,ALL CLASSES,FIRST OF DEC,ALL PRODUCTION PRACTICES,22,12,22
SURVEY,POINT IN TIME,LA,UNITED STATES,2018,,STATE,,FIELD CROPS,,CAPACITY,00000000,2024-01-09 15:00:00.000,TOTAL,,LOUISIANA,CROPS,,,NOT SPECIFIED,LOUISIANA,"128,000,000",BU,,,,OFF FARM,,,9000,"GRAIN STORAGE CAPACITY, OFF FARM - CAPACITY, MEASURED IN BU",12,GRAIN STORAGE CAPACITY,ALL CLASSES,FIRST OF DEC,ALL PRODUCTION PRACTICES,22,12,22
SURVEY,POINT IN TIME,LA,UNITED STATES,2017,,STATE,,FIELD CROPS,,CAPACITY,00000000,2019-02-06 15:00:06.000,TOTAL,,LOUISIANA,CROPS,,,NOT SPECIFIED,LOUISIANA,"127,000,000",BU,,,,OFF FARM,,,9000,"GRAIN STORAGE CAPACITY, OFF FARM - CAPACITY, MEASURED IN BU",12,GRAIN STORAGE CAPACITY,ALL CLASSES,FIRST OF DEC,ALL PRODUCTION PRACTICES,22,12,22
SURVEY,POINT IN TIME,LA,UNITED STATES,2016,,STATE,,FIELD CROPS,,CAPACITY,00000000,2019-02-06 15:00:06.000,TOTAL,,LOUISIANA,CROPS,,,NOT SPECIFIED,LOUISIANA,"126,000,000",BU,,,,OFF FARM,,,9000,"GRAIN STORAGE CAPACITY, OFF FARM - CAPACITY, MEASURED IN BU",12,GRAIN STORAGE CAPACITY,ALL CLASSES,FIRST OF DEC,ALL PRODUCTION PRACTICES,22,12,22
SURVEY,POINT IN TIME,LA,UNITED STATES,2015,,STATE,,FIELD CROPS,,CAPACITY,00000000,2019-02-06 15:00:06.000,TOTAL,,LOUISIANA,CROPS,,,NOT SPECIFIED,LOUISIANA,"123,000,000",BU,,,,OFF FARM,,,9000,"GRAIN STORAGE CAPACITY, OFF FARM - CAPACITY, MEASURED IN BU",12,GRAIN STORAGE CAPACITY,ALL CLASSES,FIRST OF DEC,ALL PRODUCTION PRACTICES,22,12,22
SURVEY,POINT IN TIME,LA,UNITED STATES,2014,,STATE,,FIELD CROPS,,CAPACITY,00000000,2019-02-06 15:00:06.000,TOTAL,,LOUISIANA,CROPS,,,NOT SPECIFIED,LOUISIANA,"118,000,000",BU,,,,OFF FARM,,,9000,"GRAIN STORAGE CAPACITY, OFF FARM - CAPACITY, MEASURED IN BU",12,GRAIN STORAGE CAPACITY,ALL CLASSES,FIRST OF DEC,ALL PRODUCTION PRACTICES,22,12,22
SURVEY,POINT IN TIME,LA,UNITED STATES,2013,,STATE,,FIELD CROPS,,CAPACITY,00000000,2019-02-06 15:00:06.000,TOTAL,,LOUISIANA,CROPS,,,NOT SPECIFIED,LOUISIANA,"115,000,000",BU,,,,OFF FARM,,,9000,"GRAIN STORAGE CAPACITY, OFF FARM - CAPACITY, MEASURED IN BU",12,GRAIN STORAGE CAPACITY,ALL CLASSES,FIRST OF DEC,ALL PRODUCTION PRACTICES,22,12,22
SURVEY,POINT IN TIME,LA,UNITED STATES,2012,,STATE,,FIELD CROPS,,CAPACITY,00000000,2014-11-03 15:18:45.000,TOTAL,,LOUISIANA,CROPS,,,NOT SPECIFIED,LOUISIANA,"115,000,000",BU,,,,OFF FARM,,,9000,"GRAIN STORAGE CAPACITY, OFF FARM - CAPACITY, MEASURED IN BU",12,GRAIN STORAGE CAPACITY,ALL CLASSES,FIRST OF DEC,ALL PRODUCTION PRACTICES,22,12,22
SURVEY,POINT IN TIME,LA,UNITED STATES,2011,,STATE,,FIELD CROPS,,CAPACITY,00000000,2014-11-03 15:18:45.000,TOTAL,,LOUISIANA,CROPS,,,NOT SPECIFIED,LOUISIANA,"113,000,000",BU,,,,OFF FARM,,,9000,"GRAIN STORAGE CAPACITY, OFF FARM - CAPACITY, MEASURED IN BU",12,GRAIN STORAGE CAPACITY,ALL CLASSES,FIRST OF DEC,ALL PRODUCTION PRACTICES,22,12,22
SURVEY,POINT IN TIME,LA,UNITED STATES,2010,,STATE,,FIELD CROPS,,CAPACITY,00000000,2014-11-03 15:18:45.000,TOTAL,,LOUISIANA,CROPS,,,NOT SPECIFIED,LOUISIANA,"109,000,000",BU,,,,OFF FARM,,,9000,"GRAIN STORAGE CAPACITY, OFF FARM - CAPACITY, MEASURED IN BU",12,GRAIN STORAGE CAPACITY,ALL CLASSES,FIRST OF DEC,ALL PRODUCTION PRACTICES,22,12,22
SURVEY,POINT IN TIME,MD,UNITED STATES,2025,,STATE,,FIELD CROPS,,CAPACITY,00000000,2026-01-12 12:00:00.000,TOTAL,,MARYLAND,CROPS,,,NOT SPECIFIED,MARYLAND,"55,000,000",BU,,,,OFF FARM,,,9000,"GRAIN STORAGE CAPACITY, OFF FARM - CAPACITY, MEASURED IN BU",12,GRAIN STORAGE CAPACITY,ALL CLASSES,FIRST OF DEC,ALL PRODUCTION PRACTICES,24,12,24
SURVEY,POINT IN TIME,MD,UNITED STATES,2024,,STATE,,FIELD CROPS,,CAPACITY,00000000,2026-01-12 12:00:00.000,TOTAL,,MARYLAND,CROPS,,,NOT SPECIFIED,MARYLAND,"55,000,000",BU,,,,OFF FARM,,,9000,"GRAIN STORAGE CAPACITY, OFF FARM - CAPACITY, MEASURED IN BU",12,GRAIN STORAGE CAPACITY,ALL CLASSES,FIRST OF DEC,ALL PRODUCTION PRACTICES,24,12,24
SURVEY,POINT IN TIME,MD,UNITED STATES,2023,,STATE,,FIELD CROPS,,CAPACITY,00000000,2025-01-10 12:00:00.000,TOTAL,,MARYLAND,CROPS,,,NOT SPECIFIED,MARYLAND,"55,000,000",BU,,,,OFF FARM,,,9000,"GRAIN STORAGE CAPACITY, OFF FARM - CAPACITY, MEASURED IN BU",12,GRAIN STORAGE CAPACITY,ALL CLASSES,FIRST OF DEC,ALL PRODUCTION PRACTICES,24,12,24
SURVEY,POINT IN TIME,MD,UNITED STATES,2022,,STATE,,FIELD CROPS,,CAPACITY,00000000,2024-01-09 15:00:00.000,TOTAL,,MARYLAND,CROPS,,,NOT SPECIFIED,MARYLAND,"55,000,000",BU,,,,OFF FARM,,,9000,"GRAIN STORAGE CAPACITY, OFF FARM - CAPACITY, MEASURED IN BU",12,GRAIN STORAGE CAPACITY,ALL CLASSES,FIRST OF DEC,ALL PRODUCTION PRACTICES,24,12,24
SURVEY,POINT IN TIME,MD,UNITED STATES,2021,,STATE,,FIELD CROPS,,CAPACITY,00000000,2024-01-09 15:00:00.000,TOTAL,,MARYLAND,CROPS,,,NOT SPECIFIED,MARYLAND,"55,000,000",BU,,,,OFF FARM,,,9000,"GRAIN STORAGE CAPACITY, OFF FARM - CAPACITY, MEASURED IN BU",12,GRAIN STORAGE CAPACITY,ALL CLASSES,FIRST OF DEC,ALL PRODUCTION PRACTICES,24,12,24
SURVEY,POINT IN TIME,MD,UNITED STATES,2020,,STATE,,FIELD CROPS,,CAPACITY,00000000,2024-01-09 15:00:00.000,TOTAL,,MARYLAND,CROPS,,,NOT SPECIFIED,MARYLAND,"55,000,000",BU,,,,OFF FARM,,,9000,"GRAIN STORAGE CAPACITY, OFF FARM - CAPACITY, MEASURED IN BU",12,GRAIN STORAGE CAPACITY,ALL CLASSES,FIRST OF DEC,ALL PRODUCTION PRACTICES,24,12,24
SURVEY,POINT IN TIME,MD,UNITED STATES,2019,,STATE,,FIELD CROPS,,CAPACITY,00000000,2024-01-09 15:00:00.000,TOTAL,,MARYLAND,CROPS,,,NOT SPECIFIED,MARYLAND,"55,000,000",BU,,,,OFF FARM,,,9000,"GRAIN STORAGE CAPACITY, OFF FARM - CAPACITY, MEASURED IN BU",12,GRAIN STORAGE CAPACITY,ALL CLASSES,FIRST OF DEC,ALL PRODUCTION PRACTICES,24,12,24
SURVEY,POINT IN TIME,MD,UNITED STATES,2018,,STATE,,FIELD CROPS,,CAPACITY,00000000,2024-01-09 15:00:00.000,TOTAL,,MARYLAND,CROPS,,,NOT SPECIFIED,MARYLAND,"55,000,000",BU,,,,OFF FARM,,,9000,"GRAIN STORAGE CAPACITY, OFF FARM - CAPACITY, MEASURED IN BU",12,GRAIN STORAGE CAPACITY,ALL CLASSES,FIRST OF DEC,ALL PRODUCTION PRACTICES,24,12,24
SURVEY,POINT IN TIME,MD,UNITED STATES,2017,,STATE,,FIELD CROPS,,CAPACITY,00000000,2019-02-06 15:00:06.000,TOTAL,,MARYLAND,CROPS,,,NOT SPECIFIED,MARYLAND,"55,000,000",BU,,,,OFF FARM,,,9000,"GRAIN STORAGE CAPACITY, OFF FARM - CAPACITY, MEASURED IN BU",12,GRAIN STORAGE CAPACITY,ALL CLASSES,FIRST OF DEC,ALL PRODUCTION PRACTICES,24,12,24
SURVEY,POINT IN TIME,MD,UNITED STATES,2016,,STATE,,FIELD CROPS,,CAPACITY,00000000,2019-02-06 15:00:06.000,TOTAL,,MARYLAND,CROPS,,,NOT SPECIFIED,MARYLAND,"55,000,000",BU,,,,OFF FARM,,,9000,"GRAIN STORAGE CAPACITY, OFF FARM - CAPACITY, MEASURED IN BU",12,GRAIN STORAGE CAPACITY,ALL CLASSES,FIRST OF DEC,ALL PRODUCTION PRACTICES,24,12,24
SURVEY,POINT IN TIME,MD,UNITED STATES,2015,,STATE,,FIELD CROPS,,CAPACITY,00000000,2019-02-06 15:00:06.000,TOTAL,,MARYLAND,CROPS,,,NOT SPECIFIED,MARYLAND,"55,000,000",BU,,,,OFF FARM,,,9000,"GRAIN STORAGE CAPACITY, OFF FARM - CAPACITY, MEASURED IN BU",12,GRAIN STORAGE CAPACITY,ALL CLASSES,FIRST OF DEC,ALL PRODUCTION PRACTICES,24,12,24
SURVEY,POINT IN TIME,MD,UNITED STATES,2014,,STATE,,FIELD CROPS,,CAPACITY,00000000,2019-02-06 15:00:06.000,TOTAL,,MARYLAND,CROPS,,,NOT SPECIFIED,MARYLAND,"52,000,000",BU,,,,OFF FARM,,,9000,"GRAIN STORAGE CAPACITY, OFF FARM - CAPACITY, MEASURED IN BU",12,GRAIN STORAGE CAPACITY,ALL CLASSES,FIRST OF DEC,ALL PRODUCTION PRACTICES,24,12,24
SURVEY,POINT IN TIME,MD,UNITED STATES,2013,,STATE,,FIELD CROPS,,CAPACITY,00000000,2019-02-06 15:00:06.000,TOTAL,,MARYLAND,CROPS,,,NOT SPECIFIED,MARYLAND,"49,000,000",BU,,,,OFF FARM,,,9000,"GRAIN STORAGE CAPACITY, OFF FARM - CAPACITY, MEASURED IN BU",12,GRAIN STORAGE CAPACITY,ALL CLASSES,FIRST OF DEC,ALL PRODUCTION PRACTICES,24,12,24
SURVEY,POINT IN TIME,MD,UNITED STATES,2012,,STATE,,FIELD CROPS,,CAPACITY,00000000,2014-11-03 15:18:45.000,TOTAL,,MARYLAND,CROPS,,,NOT SPECIFIED,MARYLAND,"47,000,000",BU,,,,OFF FARM,,,9000,"GRAIN STORAGE CAPACITY, OFF FARM - CAPACITY, MEASURED IN BU",12,GRAIN STORAGE CAPACITY,ALL CLASSES,FIRST OF DEC,ALL PRODUCTION PRACTICES,24,12,24
SURVEY,POINT IN TIME,MD,UNITED STATES,2011,,STATE,,FIELD CROPS,,CAPACITY,00000000,2014-11-03 15:18:45.000,TOTAL,,MARYLAND,CROPS,,,NOT SPECIFIED,MARYLAND,"47,000,000",BU,,,,OFF FARM,,,9000,"GRAIN STORAGE CAPACITY, OFF FARM - CAPACITY, MEASURED IN BU",12,GRAIN STORAGE CAPACITY,ALL CLASSES,FIRST OF DEC,ALL PRODUCTION PRACTICES,24,12,24
SURVEY,POINT IN TIME,MD,UNITED STATES,2010,,STATE,,FIELD CROPS,,CAPACITY,00000000,2014-11-03 15:18:45.000,TOTAL,,MARYLAND,CROPS,,,NOT SPECIFIED,MARYLAND,"47,000,000",BU,,,,OFF FARM,,,9000,"GRAIN STORAGE CAPACITY, OFF FARM - CAPACITY, MEASURED IN BU",12,GRAIN STORAGE CAPACITY,ALL CLASSES,FIRST OF DEC,ALL PRODUCTION PRACTICES,24,12,24
SURVEY,POINT IN TIME,MI,UNITED STATES,2025,,STATE,,FIELD CROPS,,CAPACITY,00000000,2026-01-12 12:00:00.000,TOTAL,,MICHIGAN,CROPS,,,NOT SPECIFIED,MICHIGAN,"240,000,000",BU,,,,OFF FARM,,,9000,"GRAIN STORAGE CAPACITY, OFF FARM - CAPACITY, MEASURED IN BU",12,GRAIN STORAGE CAPACITY,ALL CLASSES,FIRST OF DEC,ALL PRODUCTION PRACTICES,26,12,26
SURVEY,POINT IN TIME,MI,UNITED STATES,2024,,STATE,,FIELD CROPS,,CAPACITY,00000000,2026-01-12 12:00:00.000,TOTAL,,MICHIGAN,CROPS,,,NOT SPECIFIED,MICHIGAN,"240,000,000",BU,,,,OFF FARM,,,9000,"GRAIN STORAGE CAPACITY, OFF FARM - CAPACITY, MEASURED IN BU",12,GRAIN STORAGE CAPACITY,ALL CLASSES,FIRST OF DEC,ALL PRODUCTION PRACTICES,26,12,26
SURVEY,POINT IN TIME,MI,UNITED STATES,2023,,STATE,,FIELD CROPS,,CAPACITY,00000000,2025-01-10 12:00:00.000,TOTAL,,MICHIGAN,CROPS,,,NOT SPECIFIED,MICHIGAN,"235,000,000",BU,,,,OFF FARM,,,9000,"GRAIN STORAGE CAPACITY, OFF FARM - CAPACITY, MEASURED IN BU",12,GRAIN STORAGE CAPACITY,ALL CLASSES,FIRST OF DEC,ALL PRODUCTION PRACTICES,26,12,26
SURVEY,POINT IN TIME,MI,UNITED STATES,2022,,STATE,,FIELD CROPS,,CAPACITY,00000000,2024-01-09 15:00:00.000,TOTAL,,MICHIGAN,CROPS,,,NOT SPECIFIED,MICHIGAN,"235,000,000",BU,,,,OFF FARM,,,9000,"GRAIN STORAGE CAPACITY, OFF FARM - CAPACITY, MEASURED IN BU",12,GRAIN STORAGE CAPACITY,ALL CLASSES,FIRST OF DEC,ALL PRODUCTION PRACTICES,26,12,26
SURVEY,POINT IN TIME,MI,UNITED STATES,2021,,STATE,,FIELD CROPS,,CAPACITY,00000000,2024-01-09 15:00:00.000,TOTAL,,MICHIGAN,CROPS,,,NOT SPECIFIED,MICHIGAN,"235,000,000",BU,,,,OFF FARM,,,9000,"GRAIN STORAGE CAPACITY, OFF FARM - CAPACITY, MEASURED IN BU",12,GRAIN STORAGE CAPACITY,ALL CLASSES,FIRST OF DEC,ALL PRODUCTION PRACTICES,26,12,26
SURVEY,POINT IN TIME,MI,UNITED STATES,2020,,STATE,,FIELD CROPS,,CAPACITY,00000000,2024-01-09 15:00:00.000,TOTAL,,MICHIGAN,CROPS,,,NOT SPECIFIED,MICHIGAN,"235,000,000",BU,,,,OFF FARM,,,9000,"GRAIN STORAGE CAPACITY, OFF FARM - CAPACITY, MEASURED IN BU",12,GRAIN STORAGE CAPACITY,ALL CLASSES,FIRST OF DEC,ALL PRODUCTION PRACTICES,26,12,26
SURVEY,POINT IN TIME,MI,UNITED STATES,2019,,STATE,,FIELD CROPS,,CAPACITY,00000000,2024-01-09 15:00:00.000,TOTAL,,MICHIGAN,CROPS,,,NOT SPECIFIED,MICHIGAN,"235,000,000",BU,,,,OFF FARM,,,9000,"GRAIN STORAGE CAPACITY, OFF FARM - CAPACITY, MEASURED IN BU",12,GRAIN STORAGE CAPACITY,ALL CLASSES,FIRST OF DEC,ALL PRODUCTION PRACTICES,26,12,26
SURVEY,POINT IN TIME,MI,UNITED STATES,2018,,STATE,,FIELD CROPS,,CAPACITY,00000000,2024-01-09 15:00:00.000,TOTAL,,MICHIGAN,CROPS,,,NOT SPECIFIED,MICHIGAN,"230,000,000",BU,,,,OFF FARM,,,9000,"GRAIN STORAGE CAPACITY, OFF FARM - CAPACITY, MEASURED IN BU",12,GRAIN STORAGE CAPACITY,ALL CLASSES,FIRST OF DEC,ALL PRODUCTION PRACTICES,26,12,26
SURVEY,POINT IN TIME,MI,UNITED STATES,2017,,STATE,,FIELD CROPS,,CAPACITY,00000000,2019-02-06 15:00:06.000,TOTAL,,MICHIGAN,CROPS,,,NOT SPECIFIED,MICHIGAN,"230,000,000",BU,,,,OFF FARM,,,9000,"GRAIN STORAGE CAPACITY, OFF FARM - CAPACITY, MEASURED IN BU",12,GRAIN STORAGE CAPACITY,ALL CLASSES,FIRST OF DEC,ALL PRODUCTION PRACTICES,26,12,26
SURVEY,POINT IN TIME,MI,UNITED STATES,2016,,STATE,,FIELD CROPS,,CAPACITY,00000000,2019-02-06 15:00:06.000,TOTAL,,MICHIGAN,CROPS,,,NOT SPECIFIED,MICHIGAN,"225,000,000",BU,,,,OFF FARM,,,9000,"GRAIN STORAGE CAPACITY, OFF FARM - CAPACITY, MEASURED IN BU",12,GRAIN STORAGE CAPACITY,ALL CLASSES,FIRST OF DEC,ALL PRODUCTION PRACTICES,26,12,26
SURVEY,POINT IN TIME,MI,UNITED STATES,2015,,STATE,,FIELD CROPS,,CAPACITY,00000000,2019-02-06 15:00:06.000,TOTAL,,MICHIGAN,CROPS,,,NOT SPECIFIED,MICHIGAN,"220,000,000",BU,,,,OFF FARM,,,9000,"GRAIN STORAGE CAPACITY, OFF FARM - CAPACITY, MEASURED IN BU",12,GRAIN STORAGE CAPACITY,ALL CLASSES,FIRST OF DEC,ALL PRODUCTION PRACTICES,26,12,26
SURVEY,POINT IN TIME,MI,UNITED STATES,2014,,STATE,,FIELD CROPS,,CAPACITY,00000000,2019-02-06 15:00:06.000,TOTAL,,MICHIGAN,CROPS,,,NOT SPECIFIED,MICHIGAN,"217,000,000",BU,,,,OFF FARM,,,9000,"GRAIN STORAGE CAPACITY, OFF FARM - CAPACITY, MEASURED IN BU",12,GRAIN STORAGE CAPACITY,ALL CLASSES,FIRST OF DEC,ALL PRODUCTION PRACTICES,26,12,26
SURVEY,POINT IN TIME,MI,UNITED STATES,2013,,STATE,,FIELD CROPS,,CAPACITY,00000000,2019-02-06 15:00:06.000,TOTAL,,MICHIGAN,CROPS,,,NOT SPECIFIED,MICHIGAN,"210,000,000",BU,,,,OFF FARM,,,9000,"GRAIN STORAGE CAPACITY, OFF FARM - CAPACITY, MEASURED IN BU",12,GRAIN STORAGE CAPACITY,ALL CLASSES,FIRST OF DEC,ALL PRODUCTION PRACTICES,26,12,26
SURVEY,POINT IN TIME,MI,UNITED STATES,2012,,STATE,,FIELD CROPS,,CAPACITY,00000000,2014-11-03 15:18:45.000,TOTAL,,MICHIGAN,CROPS,,,NOT SPECIFIED,MICHIGAN,"200,000,000",BU,,,,OFF FARM,,,9000,"GRAIN STORAGE CAPACITY, OFF FARM - CAPACITY, MEASURED IN BU",12,GRAIN STORAGE CAPACITY,ALL CLASSES,FIRST OF DEC,ALL PRODUCTION PRACTICES,26,12,26
SURVEY,POINT IN TIME,MI,UNITED STATES,2011,,STATE,,FIELD CROPS,,CAPACITY,00000000,2014-11-03 15:18:45.000,TOTAL,,MICHIGAN,CROPS,,,NOT SPECIFIED,MICHIGAN,"190,000,000",BU,,,,OFF FARM,,,9000,"GRAIN STORAGE CAPACITY, OFF FARM - CAPACITY, MEASURED IN BU",12,GRAIN STORAGE CAPACITY,ALL CLASSES,FIRST OF DEC,ALL PRODUCTION PRACTICES,26,12,26
SURVEY,POINT IN TIME,MI,UNITED STATES,2010,,STATE,,FIELD CROPS,,CAPACITY,00000000,2014-11-03 15:18:45.000,TOTAL,,MICHIGAN,CROPS,,,NOT SPECIFIED,MICHIGAN,"170,000,000",BU,,,,OFF FARM,,,9000,"GRAIN STORAGE CAPACITY, OFF FARM - CAPACITY, MEASURED IN BU",12,GRAIN STORAGE CAPACITY,ALL CLASSES,FIRST OF DEC,ALL PRODUCTION PRACTICES,26,12,26
SURVEY,POINT IN TIME,MN,UNITED STATES,2025,,STATE,,FIELD CROPS,,CAPACITY,00000000,2026-01-12 12:00:00.000,TOTAL,,MINNESOTA,CROPS,,,NOT SPECIFIED,MINNESOTA,"820,000,000",BU,,,,OFF FARM,,,9000,"GRAIN STORAGE CAPACITY, OFF FARM - CAPACITY, MEASURED IN BU",12,GRAIN STORAGE CAPACITY,ALL CLASSES,FIRST OF DEC,ALL PRODUCTION PRACTICES,27,12,27
SURVEY,POINT IN TIME,MN,UNITED STATES,2024,,STATE,,FIELD CROPS,,CAPACITY,00000000,2026-01-12 12:00:00.000,TOTAL,,MINNESOTA,CROPS,,,NOT SPECIFIED,MINNESOTA,"820,000,000",BU,,,,OFF FARM,,,9000,"GRAIN STORAGE CAPACITY, OFF FARM - CAPACITY, MEASURED IN BU",12,GRAIN STORAGE CAPACITY,ALL CLASSES,FIRST OF DEC,ALL PRODUCTION PRACTICES,27,12,27
SURVEY,POINT IN TIME,MN,UNITED STATES,2023,,STATE,,FIELD CROPS,,CAPACITY,00000000,2025-01-10 12:00:00.000,TOTAL,,MINNESOTA,CROPS,,,NOT SPECIFIED,MINNESOTA,"820,000,000",BU,,,,OFF FARM,,,9000,"GRAIN STORAGE CAPACITY, OFF FARM - CAPACITY, MEASURED IN BU",12,GRAIN STORAGE CAPACITY,ALL CLASSES,FIRST OF DEC,ALL PRODUCTION PRACTICES,27,12,27
SURVEY,POINT IN TIME,MN,UNITED STATES,2022,,STATE,,FIELD CROPS,,CAPACITY,00000000,2024-01-09 15:00:00.000,TOTAL,,MINNESOTA,CROPS,,,NOT SPECIFIED,MINNESOTA,"820,000,000",BU,,,,OFF FARM,,,9000,"GRAIN STORAGE CAPACITY, OFF FARM - CAPACITY, MEASURED IN BU",12,GRAIN STORAGE CAPACITY,ALL CLASSES,FIRST OF DEC,ALL PRODUCTION PRACTICES,27,12,27
SURVEY,POINT IN TIME,MN,UNITED STATES,2021,,STATE,,FIELD CROPS,,CAPACITY,00000000,2024-01-09 15:00:00.000,TOTAL,,MINNESOTA,CROPS,,,NOT SPECIFIED,MINNESOTA,"820,000,000",BU,,,,OFF FARM,,,9000,"GRAIN STORAGE CAPACITY, OFF FARM - CAPACITY, MEASURED IN BU",12,GRAIN STORAGE CAPACITY,ALL CLASSES,FIRST OF DEC,ALL PRODUCTION PRACTICES,27,12,27
SURVEY,POINT IN TIME,MN,UNITED STATES,2020,,STATE,,FIELD CROPS,,CAPACITY,00000000,2024-01-09 15:00:00.000,TOTAL,,MINNESOTA,CROPS,,,NOT SPECIFIED,MINNESOTA,"810,000,000",BU,,,,OFF FARM,,,9000,"GRAIN STORAGE CAPACITY, OFF FARM - CAPACITY, MEASURED IN BU",12,GRAIN STORAGE CAPACITY,ALL CLASSES,FIRST OF DEC,ALL PRODUCTION PRACTICES,27,12,27
SURVEY,POINT IN TIME,MN,UNITED STATES,2019,,STATE,,FIELD CROPS,,CAPACITY,00000000,2024-01-09 15:00:00.000,TOTAL,,MINNESOTA,CROPS,,,NOT SPECIFIED,MINNESOTA,"810,000,000",BU,,,,OFF FARM,,,9000,"GRAIN STORAGE CAPACITY, OFF FARM - CAPACITY, MEASURED IN BU",12,GRAIN STORAGE CAPACITY,ALL CLASSES,FIRST OF DEC,ALL PRODUCTION PRACTICES,27,12,27
SURVEY,POINT IN TIME,MN,UNITED STATES,2018,,STATE,,FIELD CROPS,,CAPACITY,00000000,2024-01-09 15:00:00.000,TOTAL,,MINNESOTA,CROPS,,,NOT SPECIFIED,MINNESOTA,"800,000,000",BU,,,,OFF FARM,,,9000,"GRAIN STORAGE CAPACITY, OFF FARM - CAPACITY, MEASURED IN BU",12,GRAIN STORAGE CAPACITY,ALL CLASSES,FIRST OF DEC,ALL PRODUCTION PRACTICES,27,12,27
SURVEY,POINT IN TIME,MN,UNITED STATES,2017,,STATE,,FIELD CROPS,,CAPACITY,00000000,2019-02-06 15:00:06.000,TOTAL,,MINNESOTA,CROPS,,,NOT SPECIFIED,MINNESOTA,"760,000,000",BU,,,,OFF FARM,,,9000,"GRAIN STORAGE CAPACITY, OFF FARM - CAPACITY, MEASURED IN BU",12,GRAIN STORAGE CAPACITY,ALL CLASSES,FIRST OF DEC,ALL PRODUCTION PRACTICES,27,12,27
SURVEY,POINT IN TIME,MN,UNITED STATES,2016,,STATE,,FIELD CROPS,,CAPACITY,00000000,2019-02-06 15:00:06.000,TOTAL,,MINNESOTA,CROPS,,,NOT SPECIFIED,MINNESOTA,"760,000,000",BU,,,,OFF FARM,,,9000,"GRAIN STORAGE CAPACITY, OFF FARM - CAPACITY, MEASURED IN BU",12,GRAIN STORAGE CAPACITY,ALL CLASSES,FIRST OF DEC,ALL PRODUCTION PRACTICES,27,12,27
SURVEY,POINT IN TIME,MN,UNITED STATES,2015,,STATE,,FIELD CROPS,,CAPACITY,00000000,2019-02-06 15:00:06.000,TOTAL,,MINNESOTA,CROPS,,,NOT SPECIFIED,MINNESOTA,"750,000,000",BU,,,,OFF FARM,,,9000,"GRAIN STORAGE CAPACITY, OFF FARM - CAPACITY, MEASURED IN BU",12,GRAIN STORAGE CAPACITY,ALL CLASSES,FIRST OF DEC,ALL PRODUCTION PRACTICES,27,12,27
SURVEY,POINT IN TIME,MN,UNITED STATES,2014,,STATE,,FIELD CROPS,,CAPACITY,00000000,2019-02-06 15:00:06.000,TOTAL,,MINNESOTA,CROPS,,,NOT SPECIFIED,MINNESOTA,"720,000,000",BU,,,,OFF FARM,,,9000,"GRAIN STORAGE CAPACITY, OFF FARM - CAPACITY, MEASURED IN BU",12,GRAIN STORAGE CAPACITY,ALL CLASSES,FIRST OF DEC,ALL PRODUCTION PRACTICES,27,12,27
SURVEY,POINT IN TIME,MN,UNITED STATES,2013,,STATE,,FIELD CROPS,,CAPACITY,00000000,2019-02-06 15:00:06.000,TOTAL,,MINNESOTA,CROPS,,,NOT SPECIFIED,MINNESOTA,"690,000,000",BU,,,,OFF FARM,,,9000,"GRAIN STORAGE CAPACITY, OFF FARM - CAPACITY, MEASURED IN BU",12,GRAIN STORAGE CAPACITY,ALL CLASSES,FIRST OF DEC,ALL PRODUCTION PRACTICES,27,12,27
SURVEY,POINT IN TIME,MN,UNITED STATES,2012,,STATE,,FIELD CROPS,,CAPACITY,00000000,2014-11-03 15:18:45.000,TOTAL,,MINNESOTA,CROPS,,,NOT SPECIFIED,MINNESOTA,"690,000,000",BU,,,,OFF FARM,,,9000,"GRAIN STORAGE CAPACITY, OFF FARM - CAPACITY, MEASURED IN BU",12,GRAIN STORAGE CAPACITY,ALL CLASSES,FIRST OF DEC,ALL PRODUCTION PRACTICES,27,12,27
SURVEY,POINT IN TIME,MN,UNITED STATES,2011,,STATE,,FIELD CROPS,,CAPACITY,00000000,2014-11-03 15:18:45.000,TOTAL,,MINNESOTA,CROPS,,,NOT SPECIFIED,MINNESOTA,"660,000,000",BU,,,,OFF FARM,,,9000,"GRAIN STORAGE CAPACITY, OFF FARM - CAPACITY, MEASURED IN BU",12,GRAIN STORAGE CAPACITY,ALL CLASSES,FIRST OF DEC,ALL PRODUCTION PRACTICES,27,12,27
SURVEY,POINT IN TIME,MN,UNITED STATES,2010,,STATE,,FIELD CROPS,,CAPACITY,00000000,2014-11-03 15:18:45.000,TOTAL,,MINNESOTA,CROPS,,,NOT SPECIFIED,MINNESOTA,"630,000,000",BU,,,,OFF FARM,,,9000,"GRAIN STORAGE CAPACITY, OFF FARM - CAPACITY, MEASURED IN BU",12,GRAIN STORAGE CAPACITY,ALL CLASSES,FIRST OF DEC,ALL PRODUCTION PRACTICES,27,12,27
SURVEY,POINT IN TIME,MS,UNITED STATES,2025,,STATE,,FIELD CROPS,,CAPACITY,00000000,2026-01-12 12:00:00.000,TOTAL,,MISSISSIPPI,CROPS,,,NOT SPECIFIED,MISSISSIPPI,"70,000,000",BU,,,,OFF FARM,,,9000,"GRAIN STORAGE CAPACITY, OFF FARM - CAPACITY, MEASURED IN BU",12,GRAIN STORAGE CAPACITY,ALL CLASSES,FIRST OF DEC,ALL PRODUCTION PRACTICES,28,12,28
SURVEY,POINT IN TIME,MS,UNITED STATES,2024,,STATE,,FIELD CROPS,,CAPACITY,00000000,2026-01-12 12:00:00.000,TOTAL,,MISSISSIPPI,CROPS,,,NOT SPECIFIED,MISSISSIPPI,"70,000,000",BU,,,,OFF FARM,,,9000,"GRAIN STORAGE CAPACITY, OFF FARM - CAPACITY, MEASURED IN BU",12,GRAIN STORAGE CAPACITY,ALL CLASSES,FIRST OF DEC,ALL PRODUCTION PRACTICES,28,12,28
SURVEY,POINT IN TIME,MS,UNITED STATES,2023,,STATE,,FIELD CROPS,,CAPACITY,00000000,2025-01-10 12:00:00.000,TOTAL,,MISSISSIPPI,CROPS,,,NOT SPECIFIED,MISSISSIPPI,"80,000,000",BU,,,,OFF FARM,,,9000,"GRAIN STORAGE CAPACITY, OFF FARM - CAPACITY, MEASURED IN BU",12,GRAIN STORAGE CAPACITY,ALL CLASSES,FIRST OF DEC,ALL PRODUCTION PRACTICES,28,12,28
SURVEY,POINT IN TIME,MS,UNITED STATES,2022,,STATE,,FIELD CROPS,,CAPACITY,00000000,2024-01-09 15:00:00.000,TOTAL,,MISSISSIPPI,CROPS,,,NOT SPECIFIED,MISSISSIPPI,"84,000,000",BU,,,,OFF FARM,,,9000,"GRAIN STORAGE CAPACITY, OFF FARM - CAPACITY, MEASURED IN BU",12,GRAIN STORAGE CAPACITY,ALL CLASSES,FIRST OF DEC,ALL PRODUCTION PRACTICES,28,12,28
SURVEY,POINT IN TIME,MS,UNITED STATES,2021,,STATE,,FIELD CROPS,,CAPACITY,00000000,2024-01-09 15:00:00.000,TOTAL,,MISSISSIPPI,CROPS,,,NOT SPECIFIED,MISSISSIPPI,"84,000,000",BU,,,,OFF FARM,,,9000,"GRAIN STORAGE CAPACITY, OFF FARM - CAPACITY, MEASURED IN BU",12,GRAIN STORAGE CAPACITY,ALL CLASSES,FIRST OF DEC,ALL PRODUCTION PRACTICES,28,12,28
SURVEY,POINT IN TIME,MS,UNITED STATES,2020,,STATE,,FIELD CROPS,,CAPACITY,00000000,2024-01-09 15:00:00.000,TOTAL,,MISSISSIPPI,CROPS,,,NOT SPECIFIED,MISSISSIPPI,"84,000,000",BU,,,,OFF FARM,,,9000,"GRAIN STORAGE CAPACITY, OFF FARM - CAPACITY, MEASURED IN BU",12,GRAIN STORAGE CAPACITY,ALL CLASSES,FIRST OF DEC,ALL PRODUCTION PRACTICES,28,12,28
SURVEY,POINT IN TIME,MS,UNITED STATES,2019,,STATE,,FIELD CROPS,,CAPACITY,00000000,2024-01-09 15:00:00.000,TOTAL,,MISSISSIPPI,CROPS,,,NOT SPECIFIED,MISSISSIPPI,"84,000,000",BU,,,,OFF FARM,,,9000,"GRAIN STORAGE CAPACITY, OFF FARM - CAPACITY, MEASURED IN BU",12,GRAIN STORAGE CAPACITY,ALL CLASSES,FIRST OF DEC,ALL PRODUCTION PRACTICES,28,12,28
SURVEY,POINT IN TIME,MS,UNITED STATES,2018,,STATE,,FIELD CROPS,,CAPACITY,00000000,2024-01-09 15:00:00.000,TOTAL,,MISSISSIPPI,CROPS,,,NOT SPECIFIED,MISSISSIPPI,"81,000,000",BU,,,,OFF FARM,,,9000,"GRAIN STORAGE CAPACITY, OFF FARM - CAPACITY, MEASURED IN BU",12,GRAIN STORAGE CAPACITY,ALL CLASSES,FIRST OF DEC,ALL PRODUCTION PRACTICES,28,12,28
SURVEY,POINT IN TIME,MS,UNITED STATES,2017,,STATE,,FIELD CROPS,,CAPACITY,00000000,2019-02-06 15:00:06.000,TOTAL,,MISSISSIPPI,CROPS,,,NOT SPECIFIED,MISSISSIPPI,"73,000,000",BU,,,,OFF FARM,,,9000,"GRAIN STORAGE CAPACITY, OFF FARM - CAPACITY, MEASURED IN BU",12,GRAIN STORAGE CAPACITY,ALL CLASSES,FIRST OF DEC,ALL PRODUCTION PRACTICES,28,12,28
SURVEY,POINT IN TIME,MS,UNITED STATES,2016,,STATE,,FIELD CROPS,,CAPACITY,00000000,2019-02-06 15:00:06.000,TOTAL,,MISSISSIPPI,CROPS,,,NOT SPECIFIED,MISSISSIPPI,"71,000,000",BU,,,,OFF FARM,,,9000,"GRAIN STORAGE CAPACITY, OFF FARM - CAPACITY, MEASURED IN BU",12,GRAIN STORAGE CAPACITY,ALL CLASSES,FIRST OF DEC,ALL PRODUCTION PRACTICES,28,12,28
SURVEY,POINT IN TIME,MS,UNITED STATES,2015,,STATE,,FIELD CROPS,,CAPACITY,00000000,2019-02-06 15:00:06.000,TOTAL,,MISSISSIPPI,CROPS,,,NOT SPECIFIED,MISSISSIPPI,"71,000,000",BU,,,,OFF FARM,,,9000,"GRAIN STORAGE CAPACITY, OFF FARM - CAPACITY, MEASURED IN BU",12,GRAIN STORAGE CAPACITY,ALL CLASSES,FIRST OF DEC,ALL PRODUCTION PRACTICES,28,12,28
SURVEY,POINT IN TIME,MS,UNITED STATES,2014,,STATE,,FIELD CROPS,,CAPACITY,00000000,2019-02-06 15:00:06.000,TOTAL,,MISSISSIPPI,CROPS,,,NOT SPECIFIED,MISSISSIPPI,"64,900,000",BU,,,,OFF FARM,,,9000,"GRAIN STORAGE CAPACITY, OFF FARM - CAPACITY, MEASURED IN BU",12,GRAIN STORAGE CAPACITY,ALL CLASSES,FIRST OF DEC,ALL PRODUCTION PRACTICES,28,12,28
SURVEY,POINT IN TIME,MS,UNITED STATES,2013,,STATE,,FIELD CROPS,,CAPACITY,00000000,2019-02-06 15:00:06.000,TOTAL,,MISSISSIPPI,CROPS,,,NOT SPECIFIED,MISSISSIPPI,"63,900,000",BU,,,,OFF FARM,,,9000,"GRAIN STORAGE CAPACITY, OFF FARM - CAPACITY, MEASURED IN BU",12,GRAIN STORAGE CAPACITY,ALL CLASSES,FIRST OF DEC,ALL PRODUCTION PRACTICES,28,12,28
SURVEY,POINT IN TIME,MS,UNITED STATES,2012,,STATE,,FIELD CROPS,,CAPACITY,00000000,2014-11-03 15:18:45.000,TOTAL,,MISSISSIPPI,CROPS,,,NOT SPECIFIED,MISSISSIPPI,"66,300,000",BU,,,,OFF FARM,,,9000,"GRAIN STORAGE CAPACITY, OFF FARM - CAPACITY, MEASURED IN BU",12,GRAIN STORAGE CAPACITY,ALL CLASSES,FIRST OF DEC,ALL PRODUCTION PRACTICES,28,12,28
SURVEY,POINT IN TIME,MS,UNITED STATES,2011,,STATE,,FIELD CROPS,,CAPACITY,00000000,2014-11-03 15:18:45.000,TOTAL,,MISSISSIPPI,CROPS,,,NOT SPECIFIED,MISSISSIPPI,"62,700,000",BU,,,,OFF FARM,,,9000,"GRAIN STORAGE CAPACITY, OFF FARM - CAPACITY, MEASURED IN BU",12,GRAIN STORAGE CAPACITY,ALL CLASSES,FIRST OF DEC,ALL PRODUCTION PRACTICES,28,12,28
SURVEY,POINT IN TIME,MS,UNITED STATES,2010,,STATE,,FIELD CROPS,,CAPACITY,00000000,2014-11-03 15:18:45.000,TOTAL,,MISSISSIPPI,CROPS,,,NOT SPECIFIED,MISSISSIPPI,"65,000,000",BU,,,,OFF FARM,,,9000,"GRAIN STORAGE CAPACITY, OFF FARM - CAPACITY, MEASURED IN BU",12,GRAIN STORAGE CAPACITY,ALL CLASSES,FIRST OF DEC,ALL PRODUCTION PRACTICES,28,12,28
SURVEY,POINT IN TIME,MO,UNITED STATES,2025,,STATE,,FIELD CROPS,,CAPACITY,00000000,2026-01-12 12:00:00.000,TOTAL,,MISSOURI,CROPS,,,NOT SPECIFIED,MISSOURI,"290,000,000",BU,,,,OFF FARM,,,9000,"GRAIN STORAGE CAPACITY, OFF FARM - CAPACITY, MEASURED IN BU",12,GRAIN STORAGE CAPACITY,ALL CLASSES,FIRST OF DEC,ALL PRODUCTION PRACTICES,29,12,29
SURVEY,POINT IN TIME,MO,UNITED STATES,2024,,STATE,,FIELD CROPS,,CAPACITY,00000000,2026-01-12 12:00:00.000,TOTAL,,MISSOURI,CROPS,,,NOT SPECIFIED,MISSOURI,"290,000,000",BU,,,,OFF FARM,,,9000,"GRAIN STORAGE CAPACITY, OFF FARM - CAPACITY, MEASURED IN BU",12,GRAIN STORAGE CAPACITY,ALL CLASSES,FIRST OF DEC,ALL PRODUCTION PRACTICES,29,12,29
SURVEY,POINT IN TIME,MO,UNITED STATES,2023,,STATE,,FIELD CROPS,,CAPACITY,00000000,2025-01-10 12:00:00.000,TOTAL,,MISSOURI,CROPS,,,NOT SPECIFIED,MISSOURI,"290,000,000",BU,,,,OFF FARM,,,9000,"GRAIN STORAGE CAPACITY, OFF FARM - CAPACITY, MEASURED IN BU",12,GRAIN STORAGE CAPACITY,ALL CLASSES,FIRST OF DEC,ALL PRODUCTION PRACTICES,29,12,29
SURVEY,POINT IN TIME,MO,UNITED STATES,2022,,STATE,,FIELD CROPS,,CAPACITY,00000000,2024-01-09 15:00:00.000,TOTAL,,MISSOURI,CROPS,,,NOT SPECIFIED,MISSOURI,"290,000,000",BU,,,,OFF FARM,,,9000,"GRAIN STORAGE CAPACITY, OFF FARM - CAPACITY, MEASURED IN BU",12,GRAIN STORAGE CAPACITY,ALL CLASSES,FIRST OF DEC,ALL PRODUCTION PRACTICES,29,12,29
SURVEY,POINT IN TIME,MO,UNITED STATES,2021,,STATE,,FIELD CROPS,,CAPACITY,00000000,2024-01-09 15:00:00.000,TOTAL,,MISSOURI,CROPS,,,NOT SPECIFIED,MISSOURI,"285,000,000",BU,,,,OFF FARM,,,9000,"GRAIN STORAGE CAPACITY, OFF FARM - CAPACITY, MEASURED IN BU",12,GRAIN STORAGE CAPACITY,ALL CLASSES,FIRST OF DEC,ALL PRODUCTION PRACTICES,29,12,29
SURVEY,POINT IN TIME,MO,UNITED STATES,2020,,STATE,,FIELD CROPS,,CAPACITY,00000000,2024-01-09 15:00:00.000,TOTAL,,MISSOURI,CROPS,,,NOT SPECIFIED,MISSOURI,"285,000,000",BU,,,,OFF FARM,,,9000,"GRAIN STORAGE CAPACITY, OFF FARM - CAPACITY, MEASURED IN BU",12,GRAIN STORAGE CAPACITY,ALL CLASSES,FIRST OF DEC,ALL PRODUCTION PRACTICES,29,12,29
SURVEY,POINT IN TIME,MO,UNITED STATES,2019,,STATE,,FIELD CROPS,,CAPACITY,00000000,2024-01-09 15:00:00.000,TOTAL,,MISSOURI,CROPS,,,NOT SPECIFIED,MISSOURI,"285,000,000",BU,,,,OFF FARM,,,9000,"GRAIN STORAGE CAPACITY, OFF FARM - CAPACITY, MEASURED IN BU",12,GRAIN STORAGE CAPACITY,ALL CLASSES,FIRST OF DEC,ALL PRODUCTION PRACTICES,29,12,29
SURVEY,POINT IN TIME,MO,UNITED STATES,2018,,STATE,,FIELD CROPS,,CAPACITY,00000000,2024-01-09 15:00:00.000,TOTAL,,MISSOURI,CROPS,,,NOT SPECIFIED,MISSOURI,"275,000,000",BU,,,,OFF FARM,,,9000,"GRAIN STORAGE CAPACITY, OFF FARM - CAPACITY, MEASURED IN BU",12,GRAIN STORAGE CAPACITY,ALL CLASSES,FIRST OF DEC,ALL PRODUCTION PRACTICES,29,12,29
SURVEY,POINT IN TIME,MO,UNITED STATES,2017,,STATE,,FIELD CROPS,,CAPACITY,00000000,2019-02-06 15:00:06.000,TOTAL,,MISSOURI,CROPS,,,NOT SPECIFIED,MISSOURI,"275,000,000",BU,,,,OFF FARM,,,9000,"GRAIN STORAGE CAPACITY, OFF FARM - CAPACITY, MEASURED IN BU",12,GRAIN STORAGE CAPACITY,ALL CLASSES,FIRST OF DEC,ALL PRODUCTION PRACTICES,29,12,29
SURVEY,POINT IN TIME,MO,UNITED STATES,2016,,STATE,,FIELD CROPS,,CAPACITY,00000000,2019-02-06 15:00:06.000,TOTAL,,MISSOURI,CROPS,,,NOT SPECIFIED,MISSOURI,"265,000,000",BU,,,,OFF FARM,,,9000,"GRAIN STORAGE CAPACITY, OFF FARM - CAPACITY, MEASURED IN BU",12,GRAIN STORAGE CAPACITY,ALL CLASSES,FIRST OF DEC,ALL PRODUCTION PRACTICES,29,12,29
SURVEY,POINT IN TIME,MO,UNITED STATES,2015,,STATE,,FIELD CROPS,,CAPACITY,00000000,2019-02-06 15:00:06.000,TOTAL,,MISSOURI,CROPS,,,NOT SPECIFIED,MISSOURI,"250,000,000",BU,,,,OFF FARM,,,9000,"GRAIN STORAGE CAPACITY, OFF FARM - CAPACITY, MEASURED IN BU",12,GRAIN STORAGE CAPACITY,ALL CLASSES,FIRST OF DEC,ALL PRODUCTION PRACTICES,29,12,29
SURVEY,POINT IN TIME,MO,UNITED STATES,2014,,STATE,,FIELD CROPS,,CAPACITY,00000000,2019-02-06 15:00:06.000,TOTAL,,MISSOURI,CROPS,,,NOT SPECIFIED,MISSOURI,"245,000,000",BU,,,,OFF FARM,,,9000,"GRAIN STORAGE CAPACITY, OFF FARM - CAPACITY, MEASURED IN BU",12,GRAIN STORAGE CAPACITY,ALL CLASSES,FIRST OF DEC,ALL PRODUCTION PRACTICES,29,12,29
SURVEY,POINT IN TIME,MO,UNITED STATES,2013,,STATE,,FIELD CROPS,,CAPACITY,00000000,2019-02-06 15:00:06.000,TOTAL,,MISSOURI,CROPS,,,NOT SPECIFIED,MISSOURI,"245,000,000",BU,,,,OFF FARM,,,9000,"GRAIN STORAGE CAPACITY, OFF FARM - CAPACITY, MEASURED IN BU",12,GRAIN STORAGE CAPACITY,ALL CLASSES,FIRST OF DEC,ALL PRODUCTION PRACTICES,29,12,29
SURVEY,POINT IN TIME,MO,UNITED STATES,2012,,STATE,,FIELD CROPS,,CAPACITY,00000000,2014-11-03 15:18:45.000,TOTAL,,MISSOURI,CROPS,,,NOT SPECIFIED,MISSOURI,"240,000,000",BU,,,,OFF FARM,,,9000,"GRAIN STORAGE CAPACITY, OFF FARM - CAPACITY, MEASURED IN BU",12,GRAIN STORAGE CAPACITY,ALL CLASSES,FIRST OF DEC,ALL PRODUCTION PRACTICES,29,12,29
SURVEY,POINT IN TIME,MO,UNITED STATES,2011,,STATE,,FIELD CROPS,,CAPACITY,00000000,2014-11-03 15:18:45.000,TOTAL,,MISSOURI,CROPS,,,NOT SPECIFIED,MISSOURI,"240,000,000",BU,,,,OFF FARM,,,9000,"GRAIN STORAGE CAPACITY, OFF FARM - CAPACITY, MEASURED IN BU",12,GRAIN STORAGE CAPACITY,ALL CLASSES,FIRST OF DEC,ALL PRODUCTION PRACTICES,29,12,29
SURVEY,POINT IN TIME,MO,UNITED STATES,2010,,STATE,,FIELD CROPS,,CAPACITY,00000000,2014-11-03 15:18:45.000,TOTAL,,MISSOURI,CROPS,,,NOT SPECIFIED,MISSOURI,"240,000,000",BU,,,,OFF FARM,,,9000,"GRAIN STORAGE CAPACITY, OFF FARM - CAPACITY, MEASURED IN BU",12,GRAIN STORAGE CAPACITY,ALL CLASSES,FIRST OF DEC,ALL PRODUCTION PRACTICES,29,12,29
SURVEY,POINT IN TIME,MT,UNITED STATES,2025,,STATE,,FIELD CROPS,,CAPACITY,00000000,2026-01-12 12:00:00.000,TOTAL,,MONTANA,CROPS,,,NOT SPECIFIED,MONTANA,"85,000,000",BU,,,,OFF FARM,,,9000,"GRAIN STORAGE CAPACITY, OFF FARM - CAPACITY, MEASURED IN BU",12,GRAIN STORAGE CAPACITY,ALL CLASSES,FIRST OF DEC,ALL PRODUCTION PRACTICES,30,12,30
SURVEY,POINT IN TIME,MT,UNITED STATES,2024,,STATE,,FIELD CROPS,,CAPACITY,00000000,2026-01-12 12:00:00.000,TOTAL,,MONTANA,CROPS,,,NOT SPECIFIED,MONTANA,"85,000,000",BU,,,,OFF FARM,,,9000,"GRAIN STORAGE CAPACITY, OFF FARM - CAPACITY, MEASURED IN BU",12,GRAIN STORAGE CAPACITY,ALL CLASSES,FIRST OF DEC,ALL PRODUCTION PRACTICES,30,12,30
SURVEY,POINT IN TIME,MT,UNITED STATES,2023,,STATE,,FIELD CROPS,,CAPACITY,00000000,2025-01-10 12:00:00.000,TOTAL,,MONTANA,CROPS,,,NOT SPECIFIED,MONTANA,"88,000,000",BU,,,,OFF FARM,,,9000,"GRAIN STORAGE CAPACITY, OFF FARM - CAPACITY, MEASURED IN BU",12,GRAIN STORAGE CAPACITY,ALL CLASSES,FIRST OF DEC,ALL PRODUCTION PRACTICES,30,12,30
SURVEY,POINT IN TIME,MT,UNITED STATES,2022,,STATE,,FIELD CROPS,,CAPACITY,00000000,2024-01-09 15:00:00.000,TOTAL,,MONTANA,CROPS,,,NOT SPECIFIED,MONTANA,"90,000,000",BU,,,,OFF FARM,,,9000,"GRAIN STORAGE CAPACITY, OFF FARM - CAPACITY, MEASURED IN BU",12,GRAIN STORAGE CAPACITY,ALL CLASSES,FIRST OF DEC,ALL PRODUCTION PRACTICES,30,12,30
SURVEY,POINT IN TIME,MT,UNITED STATES,2021,,STATE,,FIELD CROPS,,CAPACITY,00000000,2024-01-09 15:00:00.000,TOTAL,,MONTANA,CROPS,,,NOT SPECIFIED,MONTANA,"90,000,000",BU,,,,OFF FARM,,,9000,"GRAIN STORAGE CAPACITY, OFF FARM - CAPACITY, MEASURED IN BU",12,GRAIN STORAGE CAPACITY,ALL CLASSES,FIRST OF DEC,ALL PRODUCTION PRACTICES,30,12,30
SURVEY,POINT IN TIME,MT,UNITED STATES,2020,,STATE,,FIELD CROPS,,CAPACITY,00000000,2024-01-09 15:00:00.000,TOTAL,,MONTANA,CROPS,,,NOT SPECIFIED,MONTANA,"90,000,000",BU,,,,OFF FARM,,,9000,"GRAIN STORAGE CAPACITY, OFF FARM - CAPACITY, MEASURED IN BU",12,GRAIN STORAGE CAPACITY,ALL CLASSES,FIRST OF DEC,ALL PRODUCTION PRACTICES,30,12,30
SURVEY,POINT IN TIME,MT,UNITED STATES,2019,,STATE,,FIELD CROPS,,CAPACITY,00000000,2024-01-09 15:00:00.000,TOTAL,,MONTANA,CROPS,,,NOT SPECIFIED,MONTANA,"90,000,000",BU,,,,OFF FARM,,,9000,"GRAIN STORAGE CAPACITY, OFF FARM - CAPACITY, MEASURED IN BU",12,GRAIN STORAGE CAPACITY,ALL CLASSES,FIRST OF DEC,ALL PRODUCTION PRACTICES,30,12,30
SURVEY,POINT IN TIME,MT,UNITED STATES,2018,,STATE,,FIELD CROPS,,CAPACITY,00000000,2024-01-09 15:00:00.000,TOTAL,,MONTANA,CROPS,,,NOT SPECIFIED,MONTANA,"90,000,000",BU,,,,OFF FARM,,,9000,"GRAIN STORAGE CAPACITY, OFF FARM - CAPACITY, MEASURED IN BU",12,GRAIN STORAGE CAPACITY,ALL CLASSES,FIRST OF DEC,ALL PRODUCTION PRACTICES,30,12,30
SURVEY,POINT IN TIME,MT,UNITED STATES,2017,,STATE,,FIELD CROPS,,CAPACITY,00000000,2019-02-06 15:00:06.000,TOTAL,,MONTANA,CROPS,,,NOT SPECIFIED,MONTANA,"87,000,000",BU,,,,OFF FARM,,,9000,"GRAIN STORAGE CAPACITY, OFF FARM - CAPACITY, MEASURED IN BU",12,GRAIN STORAGE CAPACITY,ALL CLASSES,FIRST OF DEC,ALL PRODUCTION PRACTICES,30,12,30
SURVEY,POINT IN TIME,MT,UNITED STATES,2016,,STATE,,FIELD CROPS,,CAPACITY,00000000,2019-02-06 15:00:06.000,TOTAL,,MONTANA,CROPS,,,NOT SPECIFIED,MONTANA,"84,000,000",BU,,,,OFF FARM,,,9000,"GRAIN STORAGE CAPACITY, OFF FARM - CAPACITY, MEASURED IN BU",12,GRAIN STORAGE CAPACITY,ALL CLASSES,FIRST OF DEC,ALL PRODUCTION PRACTICES,30,12,30
SURVEY,POINT IN TIME,MT,UNITED STATES,2015,,STATE,,FIELD CROPS,,CAPACITY,00000000,2019-02-06 15:00:06.000,TOTAL,,MONTANA,CROPS,,,NOT SPECIFIED,MONTANA,"84,000,000",BU,,,,OFF FARM,,,9000,"GRAIN STORAGE CAPACITY, OFF FARM - CAPACITY, MEASURED IN BU",12,GRAIN STORAGE CAPACITY,ALL CLASSES,FIRST OF DEC,ALL PRODUCTION PRACTICES,30,12,30
SURVEY,POINT IN TIME,MT,UNITED STATES,2014,,STATE,,FIELD CROPS,,CAPACITY,00000000,2019-02-06 15:00:06.000,TOTAL,,MONTANA,CROPS,,,NOT SPECIFIED,MONTANA,"80,600,000",BU,,,,OFF FARM,,,9000,"GRAIN STORAGE CAPACITY, OFF FARM - CAPACITY, MEASURED IN BU",12,GRAIN STORAGE CAPACITY,ALL CLASSES,FIRST OF DEC,ALL PRODUCTION PRACTICES,30,12,30
SURVEY,POINT IN TIME,MT,UNITED STATES,2013,,STATE,,FIELD CROPS,,CAPACITY,00000000,2019-02-06 15:00:06.000,TOTAL,,MONTANA,CROPS,,,NOT SPECIFIED,MONTANA,"81,300,000",BU,,,,OFF FARM,,,9000,"GRAIN STORAGE CAPACITY, OFF FARM - CAPACITY, MEASURED IN BU",12,GRAIN STORAGE CAPACITY,ALL CLASSES,FIRST OF DEC,ALL PRODUCTION PRACTICES,30,12,30
SURVEY,POINT IN TIME,MT,UNITED STATES,2012,,STATE,,FIELD CROPS,,CAPACITY,00000000,2014-11-03 15:18:45.000,TOTAL,,MONTANA,CROPS,,,NOT SPECIFIED,MONTANA,"81,700,000",BU,,,,OFF FARM,,,9000,"GRAIN STORAGE CAPACITY, OFF FARM - CAPACITY, MEASURED IN BU",12,GRAIN STORAGE CAPACITY,ALL CLASSES,FIRST OF DEC,ALL PRODUCTION PRACTICES,30,12,30
SURVEY,POINT IN TIME,MT,UNITED STATES,2011,,STATE,,FIELD CROPS,,CAPACITY,00000000,2014-11-03 15:18:45.000,TOTAL,,MONTANA,CROPS,,,NOT SPECIFIED,MONTANA,"78,250,000",BU,,,,OFF FARM,,,9000,"GRAIN STORAGE CAPACITY, OFF FARM - CAPACITY, MEASURED IN BU",12,GRAIN STORAGE CAPACITY,ALL CLASSES,FIRST OF DEC,ALL PRODUCTION PRACTICES,30,12,30
SURVEY,POINT IN TIME,MT,UNITED STATES,2010,,STATE,,FIELD CROPS,,CAPACITY,00000000,2014-11-03 15:18:45.000,TOTAL,,MONTANA,CROPS,,,NOT SPECIFIED,MONTANA,"75,850,000",BU,,,,OFF FARM,,,9000,"GRAIN STORAGE CAPACITY, OFF FARM - CAPACITY, MEASURED IN BU",12,GRAIN STORAGE CAPACITY,ALL CLASSES,FIRST OF DEC,ALL PRODUCTION PRACTICES,30,12,30
SURVEY,POINT IN TIME,NE,UNITED STATES,2025,,STATE,,FIELD CROPS,,CAPACITY,00000000,2026-01-12 12:00:00.000,TOTAL,,NEBRASKA,CROPS,,,NOT SPECIFIED,NEBRASKA,"990,000,000",BU,,,,OFF FARM,,,9000,"GRAIN STORAGE CAPACITY, OFF FARM - CAPACITY, MEASURED IN BU",12,GRAIN STORAGE CAPACITY,ALL CLASSES,FIRST OF DEC,ALL PRODUCTION PRACTICES,31,12,31
SURVEY,POINT IN TIME,NE,UNITED STATES,2024,,STATE,,FIELD CROPS,,CAPACITY,00000000,2026-01-12 12:00:00.000,TOTAL,,NEBRASKA,CROPS,,,NOT SPECIFIED,NEBRASKA,"990,000,000",BU,,,,OFF FARM,,,9000,"GRAIN STORAGE CAPACITY, OFF FARM - CAPACITY, MEASURED IN BU",12,GRAIN STORAGE CAPACITY,ALL CLASSES,FIRST OF DEC,ALL PRODUCTION PRACTICES,31,12,31
SURVEY,POINT IN TIME,NE,UNITED STATES,2023,,STATE,,FIELD CROPS,,CAPACITY,00000000,2025-01-10 12:00:00.000,TOTAL,,NEBRASKA,CROPS,,,NOT SPECIFIED,NEBRASKA,"990,000,000",BU,,,,OFF FARM,,,9000,"GRAIN STORAGE CAPACITY, OFF FARM - CAPACITY, MEASURED IN BU",12,GRAIN STORAGE CAPACITY,ALL CLASSES,FIRST OF DEC,ALL PRODUCTION PRACTICES,31,12,31
SURVEY,POINT IN TIME,NE,UNITED STATES,2022,,STATE,,FIELD CROPS,,CAPACITY,00000000,2024-01-09 15:00:00.000,TOTAL,,NEBRASKA,CROPS,,,NOT SPECIFIED,NEBRASKA,"990,000,000",BU,,,,OFF FARM,,,9000,"GRAIN STORAGE CAPACITY, OFF FARM - CAPACITY, MEASURED IN BU",12,GRAIN STORAGE CAPACITY,ALL CLASSES,FIRST OF DEC,ALL PRODUCTION PRACTICES,31,12,31
SURVEY,POINT IN TIME,NE,UNITED STATES,2021,,STATE,,FIELD CROPS,,CAPACITY,00000000,2024-01-09 15:00:00.000,TOTAL,,NEBRASKA,CROPS,,,NOT SPECIFIED,NEBRASKA,"990,000,000",BU,,,,OFF FARM,,,9000,"GRAIN STORAGE CAPACITY, OFF FARM - CAPACITY, MEASURED IN BU",12,GRAIN STORAGE CAPACITY,ALL CLASSES,FIRST OF DEC,ALL PRODUCTION PRACTICES,31,12,31
SURVEY,POINT IN TIME,NE,UNITED STATES,2020,,STATE,,FIELD CROPS,,CAPACITY,00000000,2024-01-09 15:00:00.000,TOTAL,,NEBRASKA,CROPS,,,NOT SPECIFIED,NEBRASKA,"990,000,000",BU,,,,OFF FARM,,,9000,"GRAIN STORAGE CAPACITY, OFF FARM - CAPACITY, MEASURED IN BU",12,GRAIN STORAGE CAPACITY,ALL CLASSES,FIRST OF DEC,ALL PRODUCTION PRACTICES,31,12,31
SURVEY,POINT IN TIME,NE,UNITED STATES,2019,,STATE,,FIELD CROPS,,CAPACITY,00000000,2024-01-09 15:00:00.000,TOTAL,,NEBRASKA,CROPS,,,NOT SPECIFIED,NEBRASKA,"980,000,000",BU,,,,OFF FARM,,,9000,"GRAIN STORAGE CAPACITY, OFF FARM - CAPACITY, MEASURED IN BU",12,GRAIN STORAGE CAPACITY,ALL CLASSES,FIRST OF DEC,ALL PRODUCTION PRACTICES,31,12,31
SURVEY,POINT IN TIME,NE,UNITED STATES,2018,,STATE,,FIELD CROPS,,CAPACITY,00000000,2024-01-09 15:00:00.000,TOTAL,,NEBRASKA,CROPS,,,NOT SPECIFIED,NEBRASKA,"973,000,000",BU,,,,OFF FARM,,,9000,"GRAIN STORAGE CAPACITY, OFF FARM - CAPACITY, MEASURED IN BU",12,GRAIN STORAGE CAPACITY,ALL CLASSES,FIRST OF DEC,ALL PRODUCTION PRACTICES,31,12,31
SURVEY,POINT IN TIME,NE,UNITED STATES,2017,,STATE,,FIELD CROPS,,CAPACITY,00000000,2019-02-06 15:00:06.000,TOTAL,,NEBRASKA,CROPS,,,NOT SPECIFIED,NEBRASKA,"930,000,000",BU,,,,OFF FARM,,,9000,"GRAIN STORAGE CAPACITY, OFF FARM - CAPACITY, MEASURED IN BU",12,GRAIN STORAGE CAPACITY,ALL CLASSES,FIRST OF DEC,ALL PRODUCTION PRACTICES,31,12,31
SURVEY,POINT IN TIME,NE,UNITED STATES,2016,,STATE,,FIELD CROPS,,CAPACITY,00000000,2019-02-06 15:00:06.000,TOTAL,,NEBRASKA,CROPS,,,NOT SPECIFIED,NEBRASKA,"923,000,000",BU,,,,OFF FARM,,,9000,"GRAIN STORAGE CAPACITY, OFF FARM - CAPACITY, MEASURED IN BU",12,GRAIN STORAGE CAPACITY,ALL CLASSES,FIRST OF DEC,ALL PRODUCTION PRACTICES,31,12,31
SURVEY,POINT IN TIME,NE,UNITED STATES,2015,,STATE,,FIELD CROPS,,CAPACITY,00000000,2019-02-06 15:00:06.000,TOTAL,,NEBRASKA,CROPS,,,NOT SPECIFIED,NEBRASKA,"915,000,000",BU,,,,OFF FARM,,,9000,"GRAIN STORAGE CAPACITY, OFF FARM - CAPACITY, MEASURED IN BU",12,GRAIN STORAGE CAPACITY,ALL CLASSES,FIRST OF DEC,ALL PRODUCTION PRACTICES,31,12,31
SURVEY,POINT IN TIME,NE,UNITED STATES,2014,,STATE,,FIELD CROPS,,CAPACITY,00000000,2019-02-06 15:00:06.000,TOTAL,,NEBRASKA,CROPS,,,NOT SPECIFIED,NEBRASKA,"896,950,000",BU,,,,OFF FARM,,,9000,"GRAIN STORAGE CAPACITY, OFF FARM - CAPACITY, MEASURED IN BU",12,GRAIN STORAGE CAPACITY,ALL CLASSES,FIRST OF DEC,ALL PRODUCTION PRACTICES,31,12,31
SURVEY,POINT IN TIME,NE,UNITED STATES,2013,,STATE,,FIELD CROPS,,CAPACITY,00000000,2019-02-06 15:00:06.000,TOTAL,,NEBRASKA,CROPS,,,NOT SPECIFIED,NEBRASKA,"885,130,000",BU,,,,OFF FARM,,,9000,"GRAIN STORAGE CAPACITY, OFF FARM - CAPACITY, MEASURED IN BU",12,GRAIN STORAGE CAPACITY,ALL CLASSES,FIRST OF DEC,ALL PRODUCTION PRACTICES,31,12,31
SURVEY,POINT IN TIME,NE,UNITED STATES,2012,,STATE,,FIELD CROPS,,CAPACITY,00000000,2014-11-03 15:18:45.000,TOTAL,,NEBRASKA,CROPS,,,NOT SPECIFIED,NEBRASKA,"863,470,000",BU,,,,OFF FARM,,,9000,"GRAIN STORAGE CAPACITY, OFF FARM - CAPACITY, MEASURED IN BU",12,GRAIN STORAGE CAPACITY,ALL CLASSES,FIRST OF DEC,ALL PRODUCTION PRACTICES,31,12,31
SURVEY,POINT IN TIME,NE,UNITED STATES,2011,,STATE,,FIELD CROPS,,CAPACITY,00000000,2014-11-03 15:18:45.000,TOTAL,,NEBRASKA,CROPS,,,NOT SPECIFIED,NEBRASKA,"855,800,000",BU,,,,OFF FARM,,,9000,"GRAIN STORAGE CAPACITY, OFF FARM - CAPACITY, MEASURED IN BU",12,GRAIN STORAGE CAPACITY,ALL CLASSES,FIRST OF DEC,ALL PRODUCTION PRACTICES,31,12,31
SURVEY,POINT IN TIME,NE,UNITED STATES,2010,,STATE,,FIELD CROPS,,CAPACITY,00000000,2014-11-03 15:18:45.000,TOTAL,,NEBRASKA,CROPS,,,NOT SPECIFIED,NEBRASKA,"806,190,000",BU,,,,OFF FARM,,,9000,"GRAIN STORAGE CAPACITY, OFF FARM - CAPACITY, MEASURED IN BU",12,GRAIN STORAGE CAPACITY,ALL CLASSES,FIRST OF DEC,ALL PRODUCTION PRACTICES,31,12,31
SURVEY,POINT IN TIME,NH,UNITED STATES,2025,,STATE,,FIELD CROPS,,CAPACITY,00000000,2026-01-12 12:00:00.000,TOTAL,,NEW HAMPSHIRE,CROPS,,,NOT SPECIFIED,NEW HAMPSHIRE,"5,400,000",BU,,,,OFF FARM,,,9000,"GRAIN STORAGE CAPACITY, OFF FARM - CAPACITY, MEASURED IN BU",12,GRAIN STORAGE CAPACITY,ALL CLASSES,FIRST OF DEC,ALL PRODUCTION PRACTICES,33,12,33
SURVEY,POINT IN TIME,NH,UNITED STATES,2024,,STATE,,FIELD CROPS,,CAPACITY,00000000,2026-01-12 12:00:00.000,TOTAL,,NEW HAMPSHIRE,CROPS,,,NOT SPECIFIED,NEW HAMPSHIRE,"5,500,000",BU,,,,OFF FARM,,,9000,"GRAIN STORAGE CAPACITY, OFF FARM - CAPACITY, MEASURED IN BU",12,GRAIN STORAGE CAPACITY,ALL CLASSES,FIRST OF DEC,ALL PRODUCTION PRACTICES,33,12,33
SURVEY,POINT IN TIME,NH,UNITED STATES,2023,,STATE,,FIELD CROPS,,CAPACITY,00000000,2025-01-10 12:00:00.000,TOTAL,,NEW HAMPSHIRE,CROPS,,,NOT SPECIFIED,NEW HAMPSHIRE,"5,500,000",BU,,,,OFF FARM,,,9000,"GRAIN STORAGE CAPACITY, OFF FARM - CAPACITY, MEASURED IN BU",12,GRAIN STORAGE CAPACITY,ALL CLASSES,FIRST OF DEC,ALL PRODUCTION PRACTICES,33,12,33
SURVEY,POINT IN TIME,NH,UNITED STATES,2022,,STATE,,FIELD CROPS,,CAPACITY,00000000,2024-01-09 15:00:00.000,TOTAL,,NEW HAMPSHIRE,CROPS,,,NOT SPECIFIED,NEW HAMPSHIRE,"5,500,000",BU,,,,OFF FARM,,,9000,"GRAIN STORAGE CAPACITY, OFF FARM - CAPACITY, MEASURED IN BU",12,GRAIN STORAGE CAPACITY,ALL CLASSES,FIRST OF DEC,ALL PRODUCTION PRACTICES,33,12,33
SURVEY,POINT IN TIME,NH,UNITED STATES,2021,,STATE,,FIELD CROPS,,CAPACITY,00000000,2024-01-09 15:00:00.000,TOTAL,,NEW HAMPSHIRE,CROPS,,,NOT SPECIFIED,NEW HAMPSHIRE,"5,600,000",BU,,,,OFF FARM,,,9000,"GRAIN STORAGE CAPACITY, OFF FARM - CAPACITY, MEASURED IN BU",12,GRAIN STORAGE CAPACITY,ALL CLASSES,FIRST OF DEC,ALL PRODUCTION PRACTICES,33,12,33
SURVEY,POINT IN TIME,NH,UNITED STATES,2020,,STATE,,FIELD CROPS,,CAPACITY,00000000,2024-01-09 15:00:00.000,TOTAL,,NEW HAMPSHIRE,CROPS,,,NOT SPECIFIED,NEW HAMPSHIRE,"5,790,000",BU,,,,OFF FARM,,,9000,"GRAIN STORAGE CAPACITY, OFF FARM - CAPACITY, MEASURED IN BU",12,GRAIN STORAGE CAPACITY,ALL CLASSES,FIRST OF DEC,ALL PRODUCTION PRACTICES,33,12,33
SURVEY,POINT IN TIME,NH,UNITED STATES,2019,,STATE,,FIELD CROPS,,CAPACITY,00000000,2024-01-09 15:00:00.000,TOTAL,,NEW HAMPSHIRE,CROPS,,,NOT SPECIFIED,NEW HAMPSHIRE,"5,790,000",BU,,,,OFF FARM,,,9000,"GRAIN STORAGE CAPACITY, OFF FARM - CAPACITY, MEASURED IN BU",12,GRAIN STORAGE CAPACITY,ALL CLASSES,FIRST OF DEC,ALL PRODUCTION PRACTICES,33,12,33
SURVEY,POINT IN TIME,NH,UNITED STATES,2018,,STATE,,FIELD CROPS,,CAPACITY,00000000,2024-01-09 15:00:00.000,TOTAL,,NEW HAMPSHIRE,CROPS,,,NOT SPECIFIED,NEW HAMPSHIRE,"5,790,000",BU,,,,OFF FARM,,,9000,"GRAIN STORAGE CAPACITY, OFF FARM - CAPACITY, MEASURED IN BU",12,GRAIN STORAGE CAPACITY,ALL CLASSES,FIRST OF DEC,ALL PRODUCTION PRACTICES,33,12,33
SURVEY,POINT IN TIME,NH,UNITED STATES,2017,,STATE,,FIELD CROPS,,CAPACITY,00000000,2019-02-06 15:00:06.000,TOTAL,,NEW HAMPSHIRE,CROPS,,,NOT SPECIFIED,NEW HAMPSHIRE,"5,790,000",BU,,,,OFF FARM,,,9000,"GRAIN STORAGE CAPACITY, OFF FARM - CAPACITY, MEASURED IN BU",12,GRAIN STORAGE CAPACITY,ALL CLASSES,FIRST OF DEC,ALL PRODUCTION PRACTICES,33,12,33
SURVEY,POINT IN TIME,NH,UNITED STATES,2016,,STATE,,FIELD CROPS,,CAPACITY,00000000,2019-02-06 15:00:06.000,TOTAL,,NEW HAMPSHIRE,CROPS,,,NOT SPECIFIED,NEW HAMPSHIRE,"5,790,000",BU,,,,OFF FARM,,,9000,"GRAIN STORAGE CAPACITY, OFF FARM - CAPACITY, MEASURED IN BU",12,GRAIN STORAGE CAPACITY,ALL CLASSES,FIRST OF DEC,ALL PRODUCTION PRACTICES,33,12,33
SURVEY,POINT IN TIME,NH,UNITED STATES,2015,,STATE,,FIELD CROPS,,CAPACITY,00000000,2019-02-06 15:00:06.000,TOTAL,,NEW HAMPSHIRE,CROPS,,,NOT SPECIFIED,NEW HAMPSHIRE,"5,790,000",BU,,,,OFF FARM,,,9000,"GRAIN STORAGE CAPACITY, OFF FARM - CAPACITY, MEASURED IN BU",12,GRAIN STORAGE CAPACITY,ALL CLASSES,FIRST OF DEC,ALL PRODUCTION PRACTICES,33,12,33
SURVEY,POINT IN TIME,NH,UNITED STATES,2014,,STATE,,FIELD CROPS,,CAPACITY,00000000,2019-02-06 15:00:06.000,TOTAL,,NEW HAMPSHIRE,CROPS,,,NOT SPECIFIED,NEW HAMPSHIRE,"5,790,000",BU,,,,OFF FARM,,,9000,"GRAIN STORAGE CAPACITY, OFF FARM - CAPACITY, MEASURED IN BU",12,GRAIN STORAGE CAPACITY,ALL CLASSES,FIRST OF DEC,ALL PRODUCTION PRACTICES,33,12,33
SURVEY,POINT IN TIME,NH,UNITED STATES,2013,,STATE,,FIELD CROPS,,CAPACITY,00000000,2019-02-06 15:00:06.000,TOTAL,,NEW HAMPSHIRE,CROPS,,,NOT SPECIFIED,NEW HAMPSHIRE,"5,790,000",BU,,,,OFF FARM,,,9000,"GRAIN STORAGE CAPACITY, OFF FARM - CAPACITY, MEASURED IN BU",12,GRAIN STORAGE CAPACITY,ALL CLASSES,FIRST OF DEC,ALL PRODUCTION PRACTICES,33,12,33
SURVEY,POINT IN TIME,NH,UNITED STATES,2012,,STATE,,FIELD CROPS,,CAPACITY,00000000,2014-11-03 15:18:45.000,TOTAL,,NEW HAMPSHIRE,CROPS,,,NOT SPECIFIED,NEW HAMPSHIRE,"5,790,000",BU,,,,OFF FARM,,,9000,"GRAIN STORAGE CAPACITY, OFF FARM - CAPACITY, MEASURED IN BU",12,GRAIN STORAGE CAPACITY,ALL CLASSES,FIRST OF DEC,ALL PRODUCTION PRACTICES,33,12,33
SURVEY,POINT IN TIME,NH,UNITED STATES,2011,,STATE,,FIELD CROPS,,CAPACITY,00000000,2014-11-03 15:18:45.000,TOTAL,,NEW HAMPSHIRE,CROPS,,,NOT SPECIFIED,NEW HAMPSHIRE,"5,790,000",BU,,,,OFF FARM,,,9000,"GRAIN STORAGE CAPACITY, OFF FARM - CAPACITY, MEASURED IN BU",12,GRAIN STORAGE CAPACITY,ALL CLASSES,FIRST OF DEC,ALL PRODUCTION PRACTICES,33,12,33
SURVEY,POINT IN TIME,NH,UNITED STATES,2010,,STATE,,FIELD CROPS,,CAPACITY,00000000,2014-11-03 15:18:45.000,TOTAL,,NEW HAMPSHIRE,CROPS,,,NOT SPECIFIED,NEW HAMPSHIRE,"5,790,000",BU,,,,OFF FARM,,,9000,"GRAIN STORAGE CAPACITY, OFF FARM - CAPACITY, MEASURED IN BU",12,GRAIN STORAGE CAPACITY,ALL CLASSES,FIRST OF DEC,ALL PRODUCTION PRACTICES,33,12,33
SURVEY,POINT IN TIME,NJ,UNITED STATES,2018,,STATE,,FIELD CROPS,,CAPACITY,00000000,2019-02-08 12:04:51.000,TOTAL,,NEW JERSEY,CROPS,,,NOT SPECIFIED,NEW JERSEY,                 (D),BU,,,,OFF FARM,,,9000,"GRAIN STORAGE CAPACITY, OFF FARM - CAPACITY, MEASURED IN BU",12,GRAIN STORAGE CAPACITY,ALL CLASSES,FIRST OF DEC,ALL PRODUCTION PRACTICES,34,12,34
SURVEY,POINT IN TIME,NM,UNITED STATES,2025,,STATE,,FIELD CROPS,,CAPACITY,00000000,2026-01-12 12:00:00.000,TOTAL,,NEW MEXICO,CROPS,,,NOT SPECIFIED,NEW MEXICO,"12,000,000",BU,,,,OFF FARM,,,9000,"GRAIN STORAGE CAPACITY, OFF FARM - CAPACITY, MEASURED IN BU",12,GRAIN STORAGE CAPACITY,ALL CLASSES,FIRST OF DEC,ALL PRODUCTION PRACTICES,35,12,35
SURVEY,POINT IN TIME,NM,UNITED STATES,2024,,STATE,,FIELD CROPS,,CAPACITY,00000000,2026-01-12 12:00:00.000,TOTAL,,NEW MEXICO,CROPS,,,NOT SPECIFIED,NEW MEXICO,"12,000,000",BU,,,,OFF FARM,,,9000,"GRAIN STORAGE CAPACITY, OFF FARM - CAPACITY, MEASURED IN BU",12,GRAIN STORAGE CAPACITY,ALL CLASSES,FIRST OF DEC,ALL PRODUCTION PRACTICES,35,12,35
SURVEY,POINT IN TIME,NM,UNITED STATES,2023,,STATE,,FIELD CROPS,,CAPACITY,00000000,2025-01-10 12:00:00.000,TOTAL,,NEW MEXICO,CROPS,,,NOT SPECIFIED,NEW MEXICO,"12,000,000",BU,,,,OFF FARM,,,9000,"GRAIN STORAGE CAPACITY, OFF FARM - CAPACITY, MEASURED IN BU",12,GRAIN STORAGE CAPACITY,ALL CLASSES,FIRST OF DEC,ALL PRODUCTION PRACTICES,35,12,35
SURVEY,POINT IN TIME,NM,UNITED STATES,2022,,STATE,,FIELD CROPS,,CAPACITY,00000000,2024-01-09 15:00:00.000,TOTAL,,NEW MEXICO,CROPS,,,NOT SPECIFIED,NEW MEXICO,"12,000,000",BU,,,,OFF FARM,,,9000,"GRAIN STORAGE CAPACITY, OFF FARM - CAPACITY, MEASURED IN BU",12,GRAIN STORAGE CAPACITY,ALL CLASSES,FIRST OF DEC,ALL PRODUCTION PRACTICES,35,12,35
SURVEY,POINT IN TIME,NM,UNITED STATES,2021,,STATE,,FIELD CROPS,,CAPACITY,00000000,2024-01-09 15:00:00.000,TOTAL,,NEW MEXICO,CROPS,,,NOT SPECIFIED,NEW MEXICO,"12,500,000",BU,,,,OFF FARM,,,9000,"GRAIN STORAGE CAPACITY, OFF FARM - CAPACITY, MEASURED IN BU",12,GRAIN STORAGE CAPACITY,ALL CLASSES,FIRST OF DEC,ALL PRODUCTION PRACTICES,35,12,35
SURVEY,POINT IN TIME,NM,UNITED STATES,2020,,STATE,,FIELD CROPS,,CAPACITY,00000000,2024-01-09 15:00:00.000,TOTAL,,NEW MEXICO,CROPS,,,NOT SPECIFIED,NEW MEXICO,"13,500,000",BU,,,,OFF FARM,,,9000,"GRAIN STORAGE CAPACITY, OFF FARM - CAPACITY, MEASURED IN BU",12,GRAIN STORAGE CAPACITY,ALL CLASSES,FIRST OF DEC,ALL PRODUCTION PRACTICES,35,12,35
SURVEY,POINT IN TIME,NM,UNITED STATES,2019,,STATE,,FIELD CROPS,,CAPACITY,00000000,2024-01-09 15:00:00.000,TOTAL,,NEW MEXICO,CROPS,,,NOT SPECIFIED,NEW MEXICO,"13,500,000",BU,,,,OFF FARM,,,9000,"GRAIN STORAGE CAPACITY, OFF FARM - CAPACITY, MEASURED IN BU",12,GRAIN STORAGE CAPACITY,ALL CLASSES,FIRST OF DEC,ALL PRODUCTION PRACTICES,35,12,35
SURVEY,POINT IN TIME,NM,UNITED STATES,2018,,STATE,,FIELD CROPS,,CAPACITY,00000000,2024-01-09 15:00:00.000,TOTAL,,NEW MEXICO,CROPS,,,NOT SPECIFIED,NEW MEXICO,"13,500,000",BU,,,,OFF FARM,,,9000,"GRAIN STORAGE CAPACITY, OFF FARM - CAPACITY, MEASURED IN BU",12,GRAIN STORAGE CAPACITY,ALL CLASSES,FIRST OF DEC,ALL PRODUCTION PRACTICES,35,12,35
SURVEY,POINT IN TIME,NM,UNITED STATES,2017,,STATE,,FIELD CROPS,,CAPACITY,00000000,2019-02-06 15:00:06.000,TOTAL,,NEW MEXICO,CROPS,,,NOT SPECIFIED,NEW MEXICO,"13,500,000",BU,,,,OFF FARM,,,9000,"GRAIN STORAGE CAPACITY, OFF FARM - CAPACITY, MEASURED IN BU",12,GRAIN STORAGE CAPACITY,ALL CLASSES,FIRST OF DEC,ALL PRODUCTION PRACTICES,35,12,35
SURVEY,POINT IN TIME,NM,UNITED STATES,2016,,STATE,,FIELD CROPS,,CAPACITY,00000000,2019-02-06 15:00:06.000,TOTAL,,NEW MEXICO,CROPS,,,NOT SPECIFIED,NEW MEXICO,"13,500,000",BU,,,,OFF FARM,,,9000,"GRAIN STORAGE CAPACITY, OFF FARM - CAPACITY, MEASURED IN BU",12,GRAIN STORAGE CAPACITY,ALL CLASSES,FIRST OF DEC,ALL PRODUCTION PRACTICES,35,12,35
SURVEY,POINT IN TIME,NM,UNITED STATES,2015,,STATE,,FIELD CROPS,,CAPACITY,00000000,2019-02-06 15:00:06.000,TOTAL,,NEW MEXICO,CROPS,,,NOT SPECIFIED,NEW MEXICO,"13,500,000",BU,,,,OFF FARM,,,9000,"GRAIN STORAGE CAPACITY, OFF FARM - CAPACITY, MEASURED IN BU",12,GRAIN STORAGE CAPACITY,ALL CLASSES,FIRST OF DEC,ALL PRODUCTION PRACTICES,35,12,35
SURVEY,POINT IN TIME,NM,UNITED STATES,2014,,STATE,,FIELD CROPS,,CAPACITY,00000000,2019-02-06 15:00:06.000,TOTAL,,NEW MEXICO,CROPS,,,NOT SPECIFIED,NEW MEXICO,"13,500,000",BU,,,,OFF FARM,,,9000,"GRAIN STORAGE CAPACITY, OFF FARM - CAPACITY, MEASURED IN BU",12,GRAIN STORAGE CAPACITY,ALL CLASSES,FIRST OF DEC,ALL PRODUCTION PRACTICES,35,12,35
SURVEY,POINT IN TIME,NM,UNITED STATES,2013,,STATE,,FIELD CROPS,,CAPACITY,00000000,2019-02-06 15:00:06.000,TOTAL,,NEW MEXICO,CROPS,,,NOT SPECIFIED,NEW MEXICO,"13,500,000",BU,,,,OFF FARM,,,9000,"GRAIN STORAGE CAPACITY, OFF FARM - CAPACITY, MEASURED IN BU",12,GRAIN STORAGE CAPACITY,ALL CLASSES,FIRST OF DEC,ALL PRODUCTION PRACTICES,35,12,35
SURVEY,POINT IN TIME,NM,UNITED STATES,2012,,STATE,,FIELD CROPS,,CAPACITY,00000000,2014-11-03 15:18:45.000,TOTAL,,NEW MEXICO,CROPS,,,NOT SPECIFIED,NEW MEXICO,"13,500,000",BU,,,,OFF FARM,,,9000,"GRAIN STORAGE CAPACITY, OFF FARM - CAPACITY, MEASURED IN BU",12,GRAIN STORAGE CAPACITY,ALL CLASSES,FIRST OF DEC,ALL PRODUCTION PRACTICES,35,12,35
SURVEY,POINT IN TIME,NM,UNITED STATES,2011,,STATE,,FIELD CROPS,,CAPACITY,00000000,2014-11-03 15:18:45.000,TOTAL,,NEW MEXICO,CROPS,,,NOT SPECIFIED,NEW MEXICO,"13,500,000",BU,,,,OFF FARM,,,9000,"GRAIN STORAGE CAPACITY, OFF FARM - CAPACITY, MEASURED IN BU",12,GRAIN STORAGE CAPACITY,ALL CLASSES,FIRST OF DEC,ALL PRODUCTION PRACTICES,35,12,35
SURVEY,POINT IN TIME,NM,UNITED STATES,2010,,STATE,,FIELD CROPS,,CAPACITY,00000000,2014-11-03 15:18:45.000,TOTAL,,NEW MEXICO,CROPS,,,NOT SPECIFIED,NEW MEXICO,"13,500,000",BU,,,,OFF FARM,,,9000,"GRAIN STORAGE CAPACITY, OFF FARM - CAPACITY, MEASURED IN BU",12,GRAIN STORAGE CAPACITY,ALL CLASSES,FIRST OF DEC,ALL PRODUCTION PRACTICES,35,12,35
SURVEY,POINT IN TIME,NY,UNITED STATES,2025,,STATE,,FIELD CROPS,,CAPACITY,00000000,2026-01-12 12:00:00.000,TOTAL,,NEW YORK,CROPS,,,NOT SPECIFIED,NEW YORK,"46,000,000",BU,,,,OFF FARM,,,9000,"GRAIN STORAGE CAPACITY, OFF FARM - CAPACITY, MEASURED IN BU",12,GRAIN STORAGE CAPACITY,ALL CLASSES,FIRST OF DEC,ALL PRODUCTION PRACTICES,36,12,36
SURVEY,POINT IN TIME,NY,UNITED STATES,2024,,STATE,,FIELD CROPS,,CAPACITY,00000000,2026-01-12 12:00:00.000,TOTAL,,NEW YORK,CROPS,,,NOT SPECIFIED,NEW YORK,"46,000,000",BU,,,,OFF FARM,,,9000,"GRAIN STORAGE CAPACITY, OFF FARM - CAPACITY, MEASURED IN BU",12,GRAIN STORAGE CAPACITY,ALL CLASSES,FIRST OF DEC,ALL PRODUCTION PRACTICES,36,12,36
SURVEY,POINT IN TIME,NY,UNITED STATES,2023,,STATE,,FIELD CROPS,,CAPACITY,00000000,2025-01-10 12:00:00.000,TOTAL,,NEW YORK,CROPS,,,NOT SPECIFIED,NEW YORK,"46,000,000",BU,,,,OFF FARM,,,9000,"GRAIN STORAGE CAPACITY, OFF FARM - CAPACITY, MEASURED IN BU",12,GRAIN STORAGE CAPACITY,ALL CLASSES,FIRST OF DEC,ALL PRODUCTION PRACTICES,36,12,36
SURVEY,POINT IN TIME,NY,UNITED STATES,2022,,STATE,,FIELD CROPS,,CAPACITY,00000000,2024-01-09 15:00:00.000,TOTAL,,NEW YORK,CROPS,,,NOT SPECIFIED,NEW YORK,"46,000,000",BU,,,,OFF FARM,,,9000,"GRAIN STORAGE CAPACITY, OFF FARM - CAPACITY, MEASURED IN BU",12,GRAIN STORAGE CAPACITY,ALL CLASSES,FIRST OF DEC,ALL PRODUCTION PRACTICES,36,12,36
SURVEY,POINT IN TIME,NY,UNITED STATES,2021,,STATE,,FIELD CROPS,,CAPACITY,00000000,2024-01-09 15:00:00.000,TOTAL,,NEW YORK,CROPS,,,NOT SPECIFIED,NEW YORK,"46,000,000",BU,,,,OFF FARM,,,9000,"GRAIN STORAGE CAPACITY, OFF FARM - CAPACITY, MEASURED IN BU",12,GRAIN STORAGE CAPACITY,ALL CLASSES,FIRST OF DEC,ALL PRODUCTION PRACTICES,36,12,36
SURVEY,POINT IN TIME,NY,UNITED STATES,2020,,STATE,,FIELD CROPS,,CAPACITY,00000000,2024-01-09 15:00:00.000,TOTAL,,NEW YORK,CROPS,,,NOT SPECIFIED,NEW YORK,"47,800,000",BU,,,,OFF FARM,,,9000,"GRAIN STORAGE CAPACITY, OFF FARM - CAPACITY, MEASURED IN BU",12,GRAIN STORAGE CAPACITY,ALL CLASSES,FIRST OF DEC,ALL PRODUCTION PRACTICES,36,12,36
SURVEY,POINT IN TIME,NY,UNITED STATES,2019,,STATE,,FIELD CROPS,,CAPACITY,00000000,2024-01-09 15:00:00.000,TOTAL,,NEW YORK,CROPS,,,NOT SPECIFIED,NEW YORK,"47,800,000",BU,,,,OFF FARM,,,9000,"GRAIN STORAGE CAPACITY, OFF FARM - CAPACITY, MEASURED IN BU",12,GRAIN STORAGE CAPACITY,ALL CLASSES,FIRST OF DEC,ALL PRODUCTION PRACTICES,36,12,36
SURVEY,POINT IN TIME,NY,UNITED STATES,2018,,STATE,,FIELD CROPS,,CAPACITY,00000000,2024-01-09 15:00:00.000,TOTAL,,NEW YORK,CROPS,,,NOT SPECIFIED,NEW YORK,"47,800,000",BU,,,,OFF FARM,,,9000,"GRAIN STORAGE CAPACITY, OFF FARM - CAPACITY, MEASURED IN BU",12,GRAIN STORAGE CAPACITY,ALL CLASSES,FIRST OF DEC,ALL PRODUCTION PRACTICES,36,12,36
SURVEY,POINT IN TIME,NY,UNITED STATES,2017,,STATE,,FIELD CROPS,,CAPACITY,00000000,2019-02-06 15:00:06.000,TOTAL,,NEW YORK,CROPS,,,NOT SPECIFIED,NEW YORK,"47,800,000",BU,,,,OFF FARM,,,9000,"GRAIN STORAGE CAPACITY, OFF FARM - CAPACITY, MEASURED IN BU",12,GRAIN STORAGE CAPACITY,ALL CLASSES,FIRST OF DEC,ALL PRODUCTION PRACTICES,36,12,36
SURVEY,POINT IN TIME,NY,UNITED STATES,2016,,STATE,,FIELD CROPS,,CAPACITY,00000000,2019-02-06 15:00:06.000,TOTAL,,NEW YORK,CROPS,,,NOT SPECIFIED,NEW YORK,"47,800,000",BU,,,,OFF FARM,,,9000,"GRAIN STORAGE CAPACITY, OFF FARM - CAPACITY, MEASURED IN BU",12,GRAIN STORAGE CAPACITY,ALL CLASSES,FIRST OF DEC,ALL PRODUCTION PRACTICES,36,12,36
SURVEY,POINT IN TIME,NY,UNITED STATES,2015,,STATE,,FIELD CROPS,,CAPACITY,00000000,2019-02-06 15:00:06.000,TOTAL,,NEW YORK,CROPS,,,NOT SPECIFIED,NEW YORK,"47,800,000",BU,,,,OFF FARM,,,9000,"GRAIN STORAGE CAPACITY, OFF FARM - CAPACITY, MEASURED IN BU",12,GRAIN STORAGE CAPACITY,ALL CLASSES,FIRST OF DEC,ALL PRODUCTION PRACTICES,36,12,36
SURVEY,POINT IN TIME,NY,UNITED STATES,2014,,STATE,,FIELD CROPS,,CAPACITY,00000000,2019-02-06 15:00:06.000,TOTAL,,NEW YORK,CROPS,,,NOT SPECIFIED,NEW YORK,"37,600,000",BU,,,,OFF FARM,,,9000,"GRAIN STORAGE CAPACITY, OFF FARM - CAPACITY, MEASURED IN BU",12,GRAIN STORAGE CAPACITY,ALL CLASSES,FIRST OF DEC,ALL PRODUCTION PRACTICES,36,12,36
SURVEY,POINT IN TIME,NY,UNITED STATES,2013,,STATE,,FIELD CROPS,,CAPACITY,00000000,2019-02-06 15:00:06.000,TOTAL,,NEW YORK,CROPS,,,NOT SPECIFIED,NEW YORK,"37,600,000",BU,,,,OFF FARM,,,9000,"GRAIN STORAGE CAPACITY, OFF FARM - CAPACITY, MEASURED IN BU",12,GRAIN STORAGE CAPACITY,ALL CLASSES,FIRST OF DEC,ALL PRODUCTION PRACTICES,36,12,36
SURVEY,POINT IN TIME,NY,UNITED STATES,2012,,STATE,,FIELD CROPS,,CAPACITY,00000000,2014-11-03 15:18:45.000,TOTAL,,NEW YORK,CROPS,,,NOT SPECIFIED,NEW YORK,"37,600,000",BU,,,,OFF FARM,,,9000,"GRAIN STORAGE CAPACITY, OFF FARM - CAPACITY, MEASURED IN BU",12,GRAIN STORAGE CAPACITY,ALL CLASSES,FIRST OF DEC,ALL PRODUCTION PRACTICES,36,12,36
SURVEY,POINT IN TIME,NY,UNITED STATES,2011,,STATE,,FIELD CROPS,,CAPACITY,00000000,2014-11-03 15:18:45.000,TOTAL,,NEW YORK,CROPS,,,NOT SPECIFIED,NEW YORK,"37,600,000",BU,,,,OFF FARM,,,9000,"GRAIN STORAGE CAPACITY, OFF FARM - CAPACITY, MEASURED IN BU",12,GRAIN STORAGE CAPACITY,ALL CLASSES,FIRST OF DEC,ALL PRODUCTION PRACTICES,36,12,36
SURVEY,POINT IN TIME,NY,UNITED STATES,2010,,STATE,,FIELD CROPS,,CAPACITY,00000000,2014-11-03 15:18:45.000,TOTAL,,NEW YORK,CROPS,,,NOT SPECIFIED,NEW YORK,"37,100,000",BU,,,,OFF FARM,,,9000,"GRAIN STORAGE CAPACITY, OFF FARM - CAPACITY, MEASURED IN BU",12,GRAIN STORAGE CAPACITY,ALL CLASSES,FIRST OF DEC,ALL PRODUCTION PRACTICES,36,12,36
SURVEY,POINT IN TIME,NC,UNITED STATES,2025,,STATE,,FIELD CROPS,,CAPACITY,00000000,2026-01-12 12:00:00.000,TOTAL,,NORTH CAROLINA,CROPS,,,NOT SPECIFIED,NORTH CAROLINA,"110,000,000",BU,,,,OFF FARM,,,9000,"GRAIN STORAGE CAPACITY, OFF FARM - CAPACITY, MEASURED IN BU",12,GRAIN STORAGE CAPACITY,ALL CLASSES,FIRST OF DEC,ALL PRODUCTION PRACTICES,37,12,37
SURVEY,POINT IN TIME,NC,UNITED STATES,2024,,STATE,,FIELD CROPS,,CAPACITY,00000000,2026-01-12 12:00:00.000,TOTAL,,NORTH CAROLINA,CROPS,,,NOT SPECIFIED,NORTH CAROLINA,"110,000,000",BU,,,,OFF FARM,,,9000,"GRAIN STORAGE CAPACITY, OFF FARM - CAPACITY, MEASURED IN BU",12,GRAIN STORAGE CAPACITY,ALL CLASSES,FIRST OF DEC,ALL PRODUCTION PRACTICES,37,12,37
SURVEY,POINT IN TIME,NC,UNITED STATES,2023,,STATE,,FIELD CROPS,,CAPACITY,00000000,2025-01-10 12:00:00.000,TOTAL,,NORTH CAROLINA,CROPS,,,NOT SPECIFIED,NORTH CAROLINA,"110,000,000",BU,,,,OFF FARM,,,9000,"GRAIN STORAGE CAPACITY, OFF FARM - CAPACITY, MEASURED IN BU",12,GRAIN STORAGE CAPACITY,ALL CLASSES,FIRST OF DEC,ALL PRODUCTION PRACTICES,37,12,37
SURVEY,POINT IN TIME,NC,UNITED STATES,2022,,STATE,,FIELD CROPS,,CAPACITY,00000000,2024-01-09 15:00:00.000,TOTAL,,NORTH CAROLINA,CROPS,,,NOT SPECIFIED,NORTH CAROLINA,"110,000,000",BU,,,,OFF FARM,,,9000,"GRAIN STORAGE CAPACITY, OFF FARM - CAPACITY, MEASURED IN BU",12,GRAIN STORAGE CAPACITY,ALL CLASSES,FIRST OF DEC,ALL PRODUCTION PRACTICES,37,12,37
SURVEY,POINT IN TIME,NC,UNITED STATES,2021,,STATE,,FIELD CROPS,,CAPACITY,00000000,2024-01-09 15:00:00.000,TOTAL,,NORTH CAROLINA,CROPS,,,NOT SPECIFIED,NORTH CAROLINA,"105,000,000",BU,,,,OFF FARM,,,9000,"GRAIN STORAGE CAPACITY, OFF FARM - CAPACITY, MEASURED IN BU",12,GRAIN STORAGE CAPACITY,ALL CLASSES,FIRST OF DEC,ALL PRODUCTION PRACTICES,37,12,37
SURVEY,POINT IN TIME,NC,UNITED STATES,2020,,STATE,,FIELD CROPS,,CAPACITY,00000000,2024-01-09 15:00:00.000,TOTAL,,NORTH CAROLINA,CROPS,,,NOT SPECIFIED,NORTH CAROLINA,"103,000,000",BU,,,,OFF FARM,,,9000,"GRAIN STORAGE CAPACITY, OFF FARM - CAPACITY, MEASURED IN BU",12,GRAIN STORAGE CAPACITY,ALL CLASSES,FIRST OF DEC,ALL PRODUCTION PRACTICES,37,12,37
SURVEY,POINT IN TIME,NC,UNITED STATES,2019,,STATE,,FIELD CROPS,,CAPACITY,00000000,2024-01-09 15:00:00.000,TOTAL,,NORTH CAROLINA,CROPS,,,NOT SPECIFIED,NORTH CAROLINA,"103,000,000",BU,,,,OFF FARM,,,9000,"GRAIN STORAGE CAPACITY, OFF FARM - CAPACITY, MEASURED IN BU",12,GRAIN STORAGE CAPACITY,ALL CLASSES,FIRST OF DEC,ALL PRODUCTION PRACTICES,37,12,37
SURVEY,POINT IN TIME,NC,UNITED STATES,2018,,STATE,,FIELD CROPS,,CAPACITY,00000000,2024-01-09 15:00:00.000,TOTAL,,NORTH CAROLINA,CROPS,,,NOT SPECIFIED,NORTH CAROLINA,"103,000,000",BU,,,,OFF FARM,,,9000,"GRAIN STORAGE CAPACITY, OFF FARM - CAPACITY, MEASURED IN BU",12,GRAIN STORAGE CAPACITY,ALL CLASSES,FIRST OF DEC,ALL PRODUCTION PRACTICES,37,12,37
SURVEY,POINT IN TIME,NC,UNITED STATES,2017,,STATE,,FIELD CROPS,,CAPACITY,00000000,2019-02-06 15:00:06.000,TOTAL,,NORTH CAROLINA,CROPS,,,NOT SPECIFIED,NORTH CAROLINA,"103,000,000",BU,,,,OFF FARM,,,9000,"GRAIN STORAGE CAPACITY, OFF FARM - CAPACITY, MEASURED IN BU",12,GRAIN STORAGE CAPACITY,ALL CLASSES,FIRST OF DEC,ALL PRODUCTION PRACTICES,37,12,37
SURVEY,POINT IN TIME,NC,UNITED STATES,2016,,STATE,,FIELD CROPS,,CAPACITY,00000000,2019-02-06 15:00:06.000,TOTAL,,NORTH CAROLINA,CROPS,,,NOT SPECIFIED,NORTH CAROLINA,"99,000,000",BU,,,,OFF FARM,,,9000,"GRAIN STORAGE CAPACITY, OFF FARM - CAPACITY, MEASURED IN BU",12,GRAIN STORAGE CAPACITY,ALL CLASSES,FIRST OF DEC,ALL PRODUCTION PRACTICES,37,12,37
SURVEY,POINT IN TIME,NC,UNITED STATES,2015,,STATE,,FIELD CROPS,,CAPACITY,00000000,2019-02-06 15:00:06.000,TOTAL,,NORTH CAROLINA,CROPS,,,NOT SPECIFIED,NORTH CAROLINA,"94,000,000",BU,,,,OFF FARM,,,9000,"GRAIN STORAGE CAPACITY, OFF FARM - CAPACITY, MEASURED IN BU",12,GRAIN STORAGE CAPACITY,ALL CLASSES,FIRST OF DEC,ALL PRODUCTION PRACTICES,37,12,37
SURVEY,POINT IN TIME,NC,UNITED STATES,2014,,STATE,,FIELD CROPS,,CAPACITY,00000000,2019-02-06 15:00:06.000,TOTAL,,NORTH CAROLINA,CROPS,,,NOT SPECIFIED,NORTH CAROLINA,"94,000,000",BU,,,,OFF FARM,,,9000,"GRAIN STORAGE CAPACITY, OFF FARM - CAPACITY, MEASURED IN BU",12,GRAIN STORAGE CAPACITY,ALL CLASSES,FIRST OF DEC,ALL PRODUCTION PRACTICES,37,12,37
SURVEY,POINT IN TIME,NC,UNITED STATES,2013,,STATE,,FIELD CROPS,,CAPACITY,00000000,2019-02-06 15:00:06.000,TOTAL,,NORTH CAROLINA,CROPS,,,NOT SPECIFIED,NORTH CAROLINA,"88,000,000",BU,,,,OFF FARM,,,9000,"GRAIN STORAGE CAPACITY, OFF FARM - CAPACITY, MEASURED IN BU",12,GRAIN STORAGE CAPACITY,ALL CLASSES,FIRST OF DEC,ALL PRODUCTION PRACTICES,37,12,37
SURVEY,POINT IN TIME,NC,UNITED STATES,2012,,STATE,,FIELD CROPS,,CAPACITY,00000000,2014-11-03 15:18:45.000,TOTAL,,NORTH CAROLINA,CROPS,,,NOT SPECIFIED,NORTH CAROLINA,"85,000,000",BU,,,,OFF FARM,,,9000,"GRAIN STORAGE CAPACITY, OFF FARM - CAPACITY, MEASURED IN BU",12,GRAIN STORAGE CAPACITY,ALL CLASSES,FIRST OF DEC,ALL PRODUCTION PRACTICES,37,12,37
SURVEY,POINT IN TIME,NC,UNITED STATES,2011,,STATE,,FIELD CROPS,,CAPACITY,00000000,2014-11-03 15:18:45.000,TOTAL,,NORTH CAROLINA,CROPS,,,NOT SPECIFIED,NORTH CAROLINA,"85,000,000",BU,,,,OFF FARM,,,9000,"GRAIN STORAGE CAPACITY, OFF FARM - CAPACITY, MEASURED IN BU",12,GRAIN STORAGE CAPACITY,ALL CLASSES,FIRST OF DEC,ALL PRODUCTION PRACTICES,37,12,37
SURVEY,POINT IN TIME,NC,UNITED STATES,2010,,STATE,,FIELD CROPS,,CAPACITY,00000000,2014-11-03 15:18:45.000,TOTAL,,NORTH CAROLINA,CROPS,,,NOT SPECIFIED,NORTH CAROLINA,"83,000,000",BU,,,,OFF FARM,,,9000,"GRAIN STORAGE CAPACITY, OFF FARM - CAPACITY, MEASURED IN BU",12,GRAIN STORAGE CAPACITY,ALL CLASSES,FIRST OF DEC,ALL PRODUCTION PRACTICES,37,12,37
SURVEY,POINT IN TIME,ND,UNITED STATES,2025,,STATE,,FIELD CROPS,,CAPACITY,00000000,2026-01-12 12:00:00.000,TOTAL,,NORTH DAKOTA,CROPS,,,NOT SPECIFIED,NORTH DAKOTA,"460,000,000",BU,,,,OFF FARM,,,9000,"GRAIN STORAGE CAPACITY, OFF FARM - CAPACITY, MEASURED IN BU",12,GRAIN STORAGE CAPACITY,ALL CLASSES,FIRST OF DEC,ALL PRODUCTION PRACTICES,38,12,38
SURVEY,POINT IN TIME,ND,UNITED STATES,2024,,STATE,,FIELD CROPS,,CAPACITY,00000000,2026-01-12 12:00:00.000,TOTAL,,NORTH DAKOTA,CROPS,,,NOT SPECIFIED,NORTH DAKOTA,"460,000,000",BU,,,,OFF FARM,,,9000,"GRAIN STORAGE CAPACITY, OFF FARM - CAPACITY, MEASURED IN BU",12,GRAIN STORAGE CAPACITY,ALL CLASSES,FIRST OF DEC,ALL PRODUCTION PRACTICES,38,12,38
SURVEY,POINT IN TIME,ND,UNITED STATES,2023,,STATE,,FIELD CROPS,,CAPACITY,00000000,2025-01-10 12:00:00.000,TOTAL,,NORTH DAKOTA,CROPS,,,NOT SPECIFIED,NORTH DAKOTA,"460,000,000",BU,,,,OFF FARM,,,9000,"GRAIN STORAGE CAPACITY, OFF FARM - CAPACITY, MEASURED IN BU",12,GRAIN STORAGE CAPACITY,ALL CLASSES,FIRST OF DEC,ALL PRODUCTION PRACTICES,38,12,38
SURVEY,POINT IN TIME,ND,UNITED STATES,2022,,STATE,,FIELD CROPS,,CAPACITY,00000000,2024-01-09 15:00:00.000,TOTAL,,NORTH DAKOTA,CROPS,,,NOT SPECIFIED,NORTH DAKOTA,"460,000,000",BU,,,,OFF FARM,,,9000,"GRAIN STORAGE CAPACITY, OFF FARM - CAPACITY, MEASURED IN BU",12,GRAIN STORAGE CAPACITY,ALL CLASSES,FIRST OF DEC,ALL PRODUCTION PRACTICES,38,12,38
SURVEY,POINT IN TIME,ND,UNITED STATES,2021,,STATE,,FIELD CROPS,,CAPACITY,00000000,2024-01-09 15:00:00.000,TOTAL,,NORTH DAKOTA,CROPS,,,NOT SPECIFIED,NORTH DAKOTA,"460,000,000",BU,,,,OFF FARM,,,9000,"GRAIN STORAGE CAPACITY, OFF FARM - CAPACITY, MEASURED IN BU",12,GRAIN STORAGE CAPACITY,ALL CLASSES,FIRST OF DEC,ALL PRODUCTION PRACTICES,38,12,38
SURVEY,POINT IN TIME,ND,UNITED STATES,2020,,STATE,,FIELD CROPS,,CAPACITY,00000000,2024-01-09 15:00:00.000,TOTAL,,NORTH DAKOTA,CROPS,,,NOT SPECIFIED,NORTH DAKOTA,"460,000,000",BU,,,,OFF FARM,,,9000,"GRAIN STORAGE CAPACITY, OFF FARM - CAPACITY, MEASURED IN BU",12,GRAIN STORAGE CAPACITY,ALL CLASSES,FIRST OF DEC,ALL PRODUCTION PRACTICES,38,12,38
SURVEY,POINT IN TIME,ND,UNITED STATES,2019,,STATE,,FIELD CROPS,,CAPACITY,00000000,2024-01-09 15:00:00.000,TOTAL,,NORTH DAKOTA,CROPS,,,NOT SPECIFIED,NORTH DAKOTA,"460,000,000",BU,,,,OFF FARM,,,9000,"GRAIN STORAGE CAPACITY, OFF FARM - CAPACITY, MEASURED IN BU",12,GRAIN STORAGE CAPACITY,ALL CLASSES,FIRST OF DEC,ALL PRODUCTION PRACTICES,38,12,38
SURVEY,POINT IN TIME,ND,UNITED STATES,2018,,STATE,,FIELD CROPS,,CAPACITY,00000000,2024-01-09 15:00:00.000,TOTAL,,NORTH DAKOTA,CROPS,,,NOT SPECIFIED,NORTH DAKOTA,"460,000,000",BU,,,,OFF FARM,,,9000,"GRAIN STORAGE CAPACITY, OFF FARM - CAPACITY, MEASURED IN BU",12,GRAIN STORAGE CAPACITY,ALL CLASSES,FIRST OF DEC,ALL PRODUCTION PRACTICES,38,12,38
SURVEY,POINT IN TIME,ND,UNITED STATES,2017,,STATE,,FIELD CROPS,,CAPACITY,00000000,2019-02-06 15:00:06.000,TOTAL,,NORTH DAKOTA,CROPS,,,NOT SPECIFIED,NORTH DAKOTA,"455,000,000",BU,,,,OFF FARM,,,9000,"GRAIN STORAGE CAPACITY, OFF FARM - CAPACITY, MEASURED IN BU",12,GRAIN STORAGE CAPACITY,ALL CLASSES,FIRST OF DEC,ALL PRODUCTION PRACTICES,38,12,38
SURVEY,POINT IN TIME,ND,UNITED STATES,2016,,STATE,,FIELD CROPS,,CAPACITY,00000000,2019-02-06 15:00:06.000,TOTAL,,NORTH DAKOTA,CROPS,,,NOT SPECIFIED,NORTH DAKOTA,"455,000,000",BU,,,,OFF FARM,,,9000,"GRAIN STORAGE CAPACITY, OFF FARM - CAPACITY, MEASURED IN BU",12,GRAIN STORAGE CAPACITY,ALL CLASSES,FIRST OF DEC,ALL PRODUCTION PRACTICES,38,12,38
SURVEY,POINT IN TIME,ND,UNITED STATES,2015,,STATE,,FIELD CROPS,,CAPACITY,00000000,2019-02-06 15:00:06.000,TOTAL,,NORTH DAKOTA,CROPS,,,NOT SPECIFIED,NORTH DAKOTA,"424,000,000",BU,,,,OFF FARM,,,9000,"GRAIN STORAGE CAPACITY, OFF FARM - CAPACITY, MEASURED IN BU",12,GRAIN STORAGE CAPACITY,ALL CLASSES,FIRST OF DEC,ALL PRODUCTION PRACTICES,38,12,38
SURVEY,POINT IN TIME,ND,UNITED STATES,2014,,STATE,,FIELD CROPS,,CAPACITY,00000000,2019-02-06 15:00:06.000,TOTAL,,NORTH DAKOTA,CROPS,,,NOT SPECIFIED,NORTH DAKOTA,"409,000,000",BU,,,,OFF FARM,,,9000,"GRAIN STORAGE CAPACITY, OFF FARM - CAPACITY, MEASURED IN BU",12,GRAIN STORAGE CAPACITY,ALL CLASSES,FIRST OF DEC,ALL PRODUCTION PRACTICES,38,12,38
SURVEY,POINT IN TIME,ND,UNITED STATES,2013,,STATE,,FIELD CROPS,,CAPACITY,00000000,2019-02-06 15:00:06.000,TOTAL,,NORTH DAKOTA,CROPS,,,NOT SPECIFIED,NORTH DAKOTA,"380,000,000",BU,,,,OFF FARM,,,9000,"GRAIN STORAGE CAPACITY, OFF FARM - CAPACITY, MEASURED IN BU",12,GRAIN STORAGE CAPACITY,ALL CLASSES,FIRST OF DEC,ALL PRODUCTION PRACTICES,38,12,38
SURVEY,POINT IN TIME,ND,UNITED STATES,2012,,STATE,,FIELD CROPS,,CAPACITY,00000000,2014-11-03 15:18:45.000,TOTAL,,NORTH DAKOTA,CROPS,,,NOT SPECIFIED,NORTH DAKOTA,"357,000,000",BU,,,,OFF FARM,,,9000,"GRAIN STORAGE CAPACITY, OFF FARM - CAPACITY, MEASURED IN BU",12,GRAIN STORAGE CAPACITY,ALL CLASSES,FIRST OF DEC,ALL PRODUCTION PRACTICES,38,12,38
SURVEY,POINT IN TIME,ND,UNITED STATES,2011,,STATE,,FIELD CROPS,,CAPACITY,00000000,2014-11-03 15:18:45.000,TOTAL,,NORTH DAKOTA,CROPS,,,NOT SPECIFIED,NORTH DAKOTA,"343,000,000",BU,,,,OFF FARM,,,9000,"GRAIN STORAGE CAPACITY, OFF FARM - CAPACITY, MEASURED IN BU",12,GRAIN STORAGE CAPACITY,ALL CLASSES,FIRST OF DEC,ALL PRODUCTION PRACTICES,38,12,38
SURVEY,POINT IN TIME,ND,UNITED STATES,2010,,STATE,,FIELD CROPS,,CAPACITY,00000000,2014-11-03 15:18:45.000,TOTAL,,NORTH DAKOTA,CROPS,,,NOT SPECIFIED,NORTH DAKOTA,"335,000,000",BU,,,,OFF FARM,,,9000,"GRAIN STORAGE CAPACITY, OFF FARM - CAPACITY, MEASURED IN BU",12,GRAIN STORAGE CAPACITY,ALL CLASSES,FIRST OF DEC,ALL PRODUCTION PRACTICES,38,12,38
SURVEY,POINT IN TIME,OH,UNITED STATES,2025,,STATE,,FIELD CROPS,,CAPACITY,00000000,2026-01-12 12:00:00.000,TOTAL,,OHIO,CROPS,,,NOT SPECIFIED,OHIO,"475,000,000",BU,,,,OFF FARM,,,9000,"GRAIN STORAGE CAPACITY, OFF FARM - CAPACITY, MEASURED IN BU",12,GRAIN STORAGE CAPACITY,ALL CLASSES,FIRST OF DEC,ALL PRODUCTION PRACTICES,39,12,39
SURVEY,POINT IN TIME,OH,UNITED STATES,2024,,STATE,,FIELD CROPS,,CAPACITY,00000000,2026-01-12 12:00:00.000,TOTAL,,OHIO,CROPS,,,NOT SPECIFIED,OHIO,"475,000,000",BU,,,,OFF FARM,,,9000,"GRAIN STORAGE CAPACITY, OFF FARM - CAPACITY, MEASURED IN BU",12,GRAIN STORAGE CAPACITY,ALL CLASSES,FIRST OF DEC,ALL PRODUCTION PRACTICES,39,12,39
SURVEY,POINT IN TIME,OH,UNITED STATES,2023,,STATE,,FIELD CROPS,,CAPACITY,00000000,2025-01-10 12:00:00.000,TOTAL,,OHIO,CROPS,,,NOT SPECIFIED,OHIO,"475,000,000",BU,,,,OFF FARM,,,9000,"GRAIN STORAGE CAPACITY, OFF FARM - CAPACITY, MEASURED IN BU",12,GRAIN STORAGE CAPACITY,ALL CLASSES,FIRST OF DEC,ALL PRODUCTION PRACTICES,39,12,39
SURVEY,POINT IN TIME,OH,UNITED STATES,2022,,STATE,,FIELD CROPS,,CAPACITY,00000000,2024-01-09 15:00:00.000,TOTAL,,OHIO,CROPS,,,NOT SPECIFIED,OHIO,"475,000,000",BU,,,,OFF FARM,,,9000,"GRAIN STORAGE CAPACITY, OFF FARM - CAPACITY, MEASURED IN BU",12,GRAIN STORAGE CAPACITY,ALL CLASSES,FIRST OF DEC,ALL PRODUCTION PRACTICES,39,12,39
SURVEY,POINT IN TIME,OH,UNITED STATES,2021,,STATE,,FIELD CROPS,,CAPACITY,00000000,2024-01-09 15:00:00.000,TOTAL,,OHIO,CROPS,,,NOT SPECIFIED,OHIO,"471,000,000",BU,,,,OFF FARM,,,9000,"GRAIN STORAGE CAPACITY, OFF FARM - CAPACITY, MEASURED IN BU",12,GRAIN STORAGE CAPACITY,ALL CLASSES,FIRST OF DEC,ALL PRODUCTION PRACTICES,39,12,39
SURVEY,POINT IN TIME,OH,UNITED STATES,2020,,STATE,,FIELD CROPS,,CAPACITY,00000000,2024-01-09 15:00:00.000,TOTAL,,OHIO,CROPS,,,NOT SPECIFIED,OHIO,"468,000,000",BU,,,,OFF FARM,,,9000,"GRAIN STORAGE CAPACITY, OFF FARM - CAPACITY, MEASURED IN BU",12,GRAIN STORAGE CAPACITY,ALL CLASSES,FIRST OF DEC,ALL PRODUCTION PRACTICES,39,12,39
SURVEY,POINT IN TIME,OH,UNITED STATES,2019,,STATE,,FIELD CROPS,,CAPACITY,00000000,2024-01-09 15:00:00.000,TOTAL,,OHIO,CROPS,,,NOT SPECIFIED,OHIO,"465,000,000",BU,,,,OFF FARM,,,9000,"GRAIN STORAGE CAPACITY, OFF FARM - CAPACITY, MEASURED IN BU",12,GRAIN STORAGE CAPACITY,ALL CLASSES,FIRST OF DEC,ALL PRODUCTION PRACTICES,39,12,39
SURVEY,POINT IN TIME,OH,UNITED STATES,2018,,STATE,,FIELD CROPS,,CAPACITY,00000000,2024-01-09 15:00:00.000,TOTAL,,OHIO,CROPS,,,NOT SPECIFIED,OHIO,"465,000,000",BU,,,,OFF FARM,,,9000,"GRAIN STORAGE CAPACITY, OFF FARM - CAPACITY, MEASURED IN BU",12,GRAIN STORAGE CAPACITY,ALL CLASSES,FIRST OF DEC,ALL PRODUCTION PRACTICES,39,12,39
SURVEY,POINT IN TIME,OH,UNITED STATES,2017,,STATE,,FIELD CROPS,,CAPACITY,00000000,2019-02-06 15:00:06.000,TOTAL,,OHIO,CROPS,,,NOT SPECIFIED,OHIO,"455,000,000",BU,,,,OFF FARM,,,9000,"GRAIN STORAGE CAPACITY, OFF FARM - CAPACITY, MEASURED IN BU",12,GRAIN STORAGE CAPACITY,ALL CLASSES,FIRST OF DEC,ALL PRODUCTION PRACTICES,39,12,39
SURVEY,POINT IN TIME,OH,UNITED STATES,2016,,STATE,,FIELD CROPS,,CAPACITY,00000000,2019-02-06 15:00:06.000,TOTAL,,OHIO,CROPS,,,NOT SPECIFIED,OHIO,"435,000,000",BU,,,,OFF FARM,,,9000,"GRAIN STORAGE CAPACITY, OFF FARM - CAPACITY, MEASURED IN BU",12,GRAIN STORAGE CAPACITY,ALL CLASSES,FIRST OF DEC,ALL PRODUCTION PRACTICES,39,12,39
SURVEY,POINT IN TIME,OH,UNITED STATES,2015,,STATE,,FIELD CROPS,,CAPACITY,00000000,2019-02-06 15:00:06.000,TOTAL,,OHIO,CROPS,,,NOT SPECIFIED,OHIO,"425,000,000",BU,,,,OFF FARM,,,9000,"GRAIN STORAGE CAPACITY, OFF FARM - CAPACITY, MEASURED IN BU",12,GRAIN STORAGE CAPACITY,ALL CLASSES,FIRST OF DEC,ALL PRODUCTION PRACTICES,39,12,39
SURVEY,POINT IN TIME,OH,UNITED STATES,2014,,STATE,,FIELD CROPS,,CAPACITY,00000000,2019-02-06 15:00:06.000,TOTAL,,OHIO,CROPS,,,NOT SPECIFIED,OHIO,"423,000,000",BU,,,,OFF FARM,,,9000,"GRAIN STORAGE CAPACITY, OFF FARM - CAPACITY, MEASURED IN BU",12,GRAIN STORAGE CAPACITY,ALL CLASSES,FIRST OF DEC,ALL PRODUCTION PRACTICES,39,12,39
SURVEY,POINT IN TIME,OH,UNITED STATES,2013,,STATE,,FIELD CROPS,,CAPACITY,00000000,2019-02-06 15:00:06.000,TOTAL,,OHIO,CROPS,,,NOT SPECIFIED,OHIO,"425,200,000",BU,,,,OFF FARM,,,9000,"GRAIN STORAGE CAPACITY, OFF FARM - CAPACITY, MEASURED IN BU",12,GRAIN STORAGE CAPACITY,ALL CLASSES,FIRST OF DEC,ALL PRODUCTION PRACTICES,39,12,39
SURVEY,POINT IN TIME,OH,UNITED STATES,2012,,STATE,,FIELD CROPS,,CAPACITY,00000000,2014-11-03 15:18:45.000,TOTAL,,OHIO,CROPS,,,NOT SPECIFIED,OHIO,"420,500,000",BU,,,,OFF FARM,,,9000,"GRAIN STORAGE CAPACITY, OFF FARM - CAPACITY, MEASURED IN BU",12,GRAIN STORAGE CAPACITY,ALL CLASSES,FIRST OF DEC,ALL PRODUCTION PRACTICES,39,12,39
SURVEY,POINT IN TIME,OH,UNITED STATES,2011,,STATE,,FIELD CROPS,,CAPACITY,00000000,2014-11-03 15:18:45.000,TOTAL,,OHIO,CROPS,,,NOT SPECIFIED,OHIO,"412,240,000",BU,,,,OFF FARM,,,9000,"GRAIN STORAGE CAPACITY, OFF FARM - CAPACITY, MEASURED IN BU",12,GRAIN STORAGE CAPACITY,ALL CLASSES,FIRST OF DEC,ALL PRODUCTION PRACTICES,39,12,39
SURVEY,POINT IN TIME,OH,UNITED STATES,2010,,STATE,,FIELD CROPS,,CAPACITY,00000000,2014-11-03 15:18:45.000,TOTAL,,OHIO,CROPS,,,NOT SPECIFIED,OHIO,"371,650,000",BU,,,,OFF FARM,,,9000,"GRAIN STORAGE CAPACITY, OFF FARM - CAPACITY, MEASURED IN BU",12,GRAIN STORAGE CAPACITY,ALL CLASSES,FIRST OF DEC,ALL PRODUCTION PRACTICES,39,12,39
SURVEY,POINT IN TIME,OK,UNITED STATES,2025,,STATE,,FIELD CROPS,,CAPACITY,00000000,2026-01-12 12:00:00.000,TOTAL,,OKLAHOMA,CROPS,,,NOT SPECIFIED,OKLAHOMA,"245,000,000",BU,,,,OFF FARM,,,9000,"GRAIN STORAGE CAPACITY, OFF FARM - CAPACITY, MEASURED IN BU",12,GRAIN STORAGE CAPACITY,ALL CLASSES,FIRST OF DEC,ALL PRODUCTION PRACTICES,40,12,40
SURVEY,POINT IN TIME,OK,UNITED STATES,2024,,STATE,,FIELD CROPS,,CAPACITY,00000000,2026-01-12 12:00:00.000,TOTAL,,OKLAHOMA,CROPS,,,NOT SPECIFIED,OKLAHOMA,"245,000,000",BU,,,,OFF FARM,,,9000,"GRAIN STORAGE CAPACITY, OFF FARM - CAPACITY, MEASURED IN BU",12,GRAIN STORAGE CAPACITY,ALL CLASSES,FIRST OF DEC,ALL PRODUCTION PRACTICES,40,12,40
SURVEY,POINT IN TIME,OK,UNITED STATES,2023,,STATE,,FIELD CROPS,,CAPACITY,00000000,2025-01-10 12:00:00.000,TOTAL,,OKLAHOMA,CROPS,,,NOT SPECIFIED,OKLAHOMA,"245,000,000",BU,,,,OFF FARM,,,9000,"GRAIN STORAGE CAPACITY, OFF FARM - CAPACITY, MEASURED IN BU",12,GRAIN STORAGE CAPACITY,ALL CLASSES,FIRST OF DEC,ALL PRODUCTION PRACTICES,40,12,40
SURVEY,POINT IN TIME,OK,UNITED STATES,2022,,STATE,,FIELD CROPS,,CAPACITY,00000000,2024-01-09 15:00:00.000,TOTAL,,OKLAHOMA,CROPS,,,NOT SPECIFIED,OKLAHOMA,"245,000,000",BU,,,,OFF FARM,,,9000,"GRAIN STORAGE CAPACITY, OFF FARM - CAPACITY, MEASURED IN BU",12,GRAIN STORAGE CAPACITY,ALL CLASSES,FIRST OF DEC,ALL PRODUCTION PRACTICES,40,12,40
SURVEY,POINT IN TIME,OK,UNITED STATES,2021,,STATE,,FIELD CROPS,,CAPACITY,00000000,2024-01-09 15:00:00.000,TOTAL,,OKLAHOMA,CROPS,,,NOT SPECIFIED,OKLAHOMA,"245,000,000",BU,,,,OFF FARM,,,9000,"GRAIN STORAGE CAPACITY, OFF FARM - CAPACITY, MEASURED IN BU",12,GRAIN STORAGE CAPACITY,ALL CLASSES,FIRST OF DEC,ALL PRODUCTION PRACTICES,40,12,40
SURVEY,POINT IN TIME,OK,UNITED STATES,2020,,STATE,,FIELD CROPS,,CAPACITY,00000000,2024-01-09 15:00:00.000,TOTAL,,OKLAHOMA,CROPS,,,NOT SPECIFIED,OKLAHOMA,"245,000,000",BU,,,,OFF FARM,,,9000,"GRAIN STORAGE CAPACITY, OFF FARM - CAPACITY, MEASURED IN BU",12,GRAIN STORAGE CAPACITY,ALL CLASSES,FIRST OF DEC,ALL PRODUCTION PRACTICES,40,12,40
SURVEY,POINT IN TIME,OK,UNITED STATES,2019,,STATE,,FIELD CROPS,,CAPACITY,00000000,2024-01-09 15:00:00.000,TOTAL,,OKLAHOMA,CROPS,,,NOT SPECIFIED,OKLAHOMA,"245,000,000",BU,,,,OFF FARM,,,9000,"GRAIN STORAGE CAPACITY, OFF FARM - CAPACITY, MEASURED IN BU",12,GRAIN STORAGE CAPACITY,ALL CLASSES,FIRST OF DEC,ALL PRODUCTION PRACTICES,40,12,40
SURVEY,POINT IN TIME,OK,UNITED STATES,2018,,STATE,,FIELD CROPS,,CAPACITY,00000000,2024-01-09 15:00:00.000,TOTAL,,OKLAHOMA,CROPS,,,NOT SPECIFIED,OKLAHOMA,"245,000,000",BU,,,,OFF FARM,,,9000,"GRAIN STORAGE CAPACITY, OFF FARM - CAPACITY, MEASURED IN BU",12,GRAIN STORAGE CAPACITY,ALL CLASSES,FIRST OF DEC,ALL PRODUCTION PRACTICES,40,12,40
SURVEY,POINT IN TIME,OK,UNITED STATES,2017,,STATE,,FIELD CROPS,,CAPACITY,00000000,2019-02-06 15:00:06.000,TOTAL,,OKLAHOMA,CROPS,,,NOT SPECIFIED,OKLAHOMA,"245,000,000",BU,,,,OFF FARM,,,9000,"GRAIN STORAGE CAPACITY, OFF FARM - CAPACITY, MEASURED IN BU",12,GRAIN STORAGE CAPACITY,ALL CLASSES,FIRST OF DEC,ALL PRODUCTION PRACTICES,40,12,40
SURVEY,POINT IN TIME,OK,UNITED STATES,2016,,STATE,,FIELD CROPS,,CAPACITY,00000000,2019-02-06 15:00:06.000,TOTAL,,OKLAHOMA,CROPS,,,NOT SPECIFIED,OKLAHOMA,"235,000,000",BU,,,,OFF FARM,,,9000,"GRAIN STORAGE CAPACITY, OFF FARM - CAPACITY, MEASURED IN BU",12,GRAIN STORAGE CAPACITY,ALL CLASSES,FIRST OF DEC,ALL PRODUCTION PRACTICES,40,12,40
SURVEY,POINT IN TIME,OK,UNITED STATES,2015,,STATE,,FIELD CROPS,,CAPACITY,00000000,2019-02-06 15:00:06.000,TOTAL,,OKLAHOMA,CROPS,,,NOT SPECIFIED,OKLAHOMA,"235,000,000",BU,,,,OFF FARM,,,9000,"GRAIN STORAGE CAPACITY, OFF FARM - CAPACITY, MEASURED IN BU",12,GRAIN STORAGE CAPACITY,ALL CLASSES,FIRST OF DEC,ALL PRODUCTION PRACTICES,40,12,40
SURVEY,POINT IN TIME,OK,UNITED STATES,2014,,STATE,,FIELD CROPS,,CAPACITY,00000000,2019-02-06 15:00:06.000,TOTAL,,OKLAHOMA,CROPS,,,NOT SPECIFIED,OKLAHOMA,"235,000,000",BU,,,,OFF FARM,,,9000,"GRAIN STORAGE CAPACITY, OFF FARM - CAPACITY, MEASURED IN BU",12,GRAIN STORAGE CAPACITY,ALL CLASSES,FIRST OF DEC,ALL PRODUCTION PRACTICES,40,12,40
SURVEY,POINT IN TIME,OK,UNITED STATES,2013,,STATE,,FIELD CROPS,,CAPACITY,00000000,2019-02-06 15:00:06.000,TOTAL,,OKLAHOMA,CROPS,,,NOT SPECIFIED,OKLAHOMA,"235,000,000",BU,,,,OFF FARM,,,9000,"GRAIN STORAGE CAPACITY, OFF FARM - CAPACITY, MEASURED IN BU",12,GRAIN STORAGE CAPACITY,ALL CLASSES,FIRST OF DEC,ALL PRODUCTION PRACTICES,40,12,40
SURVEY,POINT IN TIME,OK,UNITED STATES,2012,,STATE,,FIELD CROPS,,CAPACITY,00000000,2014-11-03 15:18:45.000,TOTAL,,OKLAHOMA,CROPS,,,NOT SPECIFIED,OKLAHOMA,"235,000,000",BU,,,,OFF FARM,,,9000,"GRAIN STORAGE CAPACITY, OFF FARM - CAPACITY, MEASURED IN BU",12,GRAIN STORAGE CAPACITY,ALL CLASSES,FIRST OF DEC,ALL PRODUCTION PRACTICES,40,12,40
SURVEY,POINT IN TIME,OK,UNITED STATES,2011,,STATE,,FIELD CROPS,,CAPACITY,00000000,2014-11-03 15:18:45.000,TOTAL,,OKLAHOMA,CROPS,,,NOT SPECIFIED,OKLAHOMA,"230,000,000",BU,,,,OFF FARM,,,9000,"GRAIN STORAGE CAPACITY, OFF FARM - CAPACITY, MEASURED IN BU",12,GRAIN STORAGE CAPACITY,ALL CLASSES,FIRST OF DEC,ALL PRODUCTION PRACTICES,40,12,40
SURVEY,POINT IN TIME,OK,UNITED STATES,2010,,STATE,,FIELD CROPS,,CAPACITY,00000000,2014-11-03 15:18:45.000,TOTAL,,OKLAHOMA,CROPS,,,NOT SPECIFIED,OKLAHOMA,"230,000,000",BU,,,,OFF FARM,,,9000,"GRAIN STORAGE CAPACITY, OFF FARM - CAPACITY, MEASURED IN BU",12,GRAIN STORAGE CAPACITY,ALL CLASSES,FIRST OF DEC,ALL PRODUCTION PRACTICES,40,12,40
SURVEY,POINT IN TIME,OR,UNITED STATES,2025,,STATE,,FIELD CROPS,,CAPACITY,00000000,2026-01-12 12:00:00.000,TOTAL,,OREGON,CROPS,,,NOT SPECIFIED,OREGON,"62,000,000",BU,,,,OFF FARM,,,9000,"GRAIN STORAGE CAPACITY, OFF FARM - CAPACITY, MEASURED IN BU",12,GRAIN STORAGE CAPACITY,ALL CLASSES,FIRST OF DEC,ALL PRODUCTION PRACTICES,41,12,41
SURVEY,POINT IN TIME,OR,UNITED STATES,2024,,STATE,,FIELD CROPS,,CAPACITY,00000000,2026-01-12 12:00:00.000,TOTAL,,OREGON,CROPS,,,NOT SPECIFIED,OREGON,"62,000,000",BU,,,,OFF FARM,,,9000,"GRAIN STORAGE CAPACITY, OFF FARM - CAPACITY, MEASURED IN BU",12,GRAIN STORAGE CAPACITY,ALL CLASSES,FIRST OF DEC,ALL PRODUCTION PRACTICES,41,12,41
SURVEY,POINT IN TIME,OR,UNITED STATES,2023,,STATE,,FIELD CROPS,,CAPACITY,00000000,2025-01-10 12:00:00.000,TOTAL,,OREGON,CROPS,,,NOT SPECIFIED,OREGON,"60,000,000",BU,,,,OFF FARM,,,9000,"GRAIN STORAGE CAPACITY, OFF FARM - CAPACITY, MEASURED IN BU",12,GRAIN STORAGE CAPACITY,ALL CLASSES,FIRST OF DEC,ALL PRODUCTION PRACTICES,41,12,41
SURVEY,POINT IN TIME,OR,UNITED STATES,2022,,STATE,,FIELD CROPS,,CAPACITY,00000000,2024-01-09 15:00:00.000,TOTAL,,OREGON,CROPS,,,NOT SPECIFIED,OREGON,"58,000,000",BU,,,,OFF FARM,,,9000,"GRAIN STORAGE CAPACITY, OFF FARM - CAPACITY, MEASURED IN BU",12,GRAIN STORAGE CAPACITY,ALL CLASSES,FIRST OF DEC,ALL PRODUCTION PRACTICES,41,12,41
SURVEY,POINT IN TIME,OR,UNITED STATES,2021,,STATE,,FIELD CROPS,,CAPACITY,00000000,2024-01-09 15:00:00.000,TOTAL,,OREGON,CROPS,,,NOT SPECIFIED,OREGON,"58,000,000",BU,,,,OFF FARM,,,9000,"GRAIN STORAGE CAPACITY, OFF FARM - CAPACITY, MEASURED IN BU",12,GRAIN STORAGE CAPACITY,ALL CLASSES,FIRST OF DEC,ALL PRODUCTION PRACTICES,41,12,41
SURVEY,POINT IN TIME,OR,UNITED STATES,2020,,STATE,,FIELD CROPS,,CAPACITY,00000000,2024-01-09 15:00:00.000,TOTAL,,OREGON,CROPS,,,NOT SPECIFIED,OREGON,"58,000,000",BU,,,,OFF FARM,,,9000,"GRAIN STORAGE CAPACITY, OFF FARM - CAPACITY, MEASURED IN BU",12,GRAIN STORAGE CAPACITY,ALL CLASSES,FIRST OF DEC,ALL PRODUCTION PRACTICES,41,12,41
SURVEY,POINT IN TIME,OR,UNITED STATES,2019,,STATE,,FIELD CROPS,,CAPACITY,00000000,2024-01-09 15:00:00.000,TOTAL,,OREGON,CROPS,,,NOT SPECIFIED,OREGON,"57,000,000",BU,,,,OFF FARM,,,9000,"GRAIN STORAGE CAPACITY, OFF FARM - CAPACITY, MEASURED IN BU",12,GRAIN STORAGE CAPACITY,ALL CLASSES,FIRST OF DEC,ALL PRODUCTION PRACTICES,41,12,41
SURVEY,POINT IN TIME,OR,UNITED STATES,2018,,STATE,,FIELD CROPS,,CAPACITY,00000000,2024-01-09 15:00:00.000,TOTAL,,OREGON,CROPS,,,NOT SPECIFIED,OREGON,"57,000,000",BU,,,,OFF FARM,,,9000,"GRAIN STORAGE CAPACITY, OFF FARM - CAPACITY, MEASURED IN BU",12,GRAIN STORAGE CAPACITY,ALL CLASSES,FIRST OF DEC,ALL PRODUCTION PRACTICES,41,12,41
SURVEY,POINT IN TIME,OR,UNITED STATES,2017,,STATE,,FIELD CROPS,,CAPACITY,00000000,2019-02-06 15:00:06.000,TOTAL,,OREGON,CROPS,,,NOT SPECIFIED,OREGON,"56,000,000",BU,,,,OFF FARM,,,9000,"GRAIN STORAGE CAPACITY, OFF FARM - CAPACITY, MEASURED IN BU",12,GRAIN STORAGE CAPACITY,ALL CLASSES,FIRST OF DEC,ALL PRODUCTION PRACTICES,41,12,41
SURVEY,POINT IN TIME,OR,UNITED STATES,2016,,STATE,,FIELD CROPS,,CAPACITY,00000000,2019-02-06 15:00:06.000,TOTAL,,OREGON,CROPS,,,NOT SPECIFIED,OREGON,"56,000,000",BU,,,,OFF FARM,,,9000,"GRAIN STORAGE CAPACITY, OFF FARM - CAPACITY, MEASURED IN BU",12,GRAIN STORAGE CAPACITY,ALL CLASSES,FIRST OF DEC,ALL PRODUCTION PRACTICES,41,12,41
SURVEY,POINT IN TIME,OR,UNITED STATES,2015,,STATE,,FIELD CROPS,,CAPACITY,00000000,2019-02-06 15:00:06.000,TOTAL,,OREGON,CROPS,,,NOT SPECIFIED,OREGON,"56,000,000",BU,,,,OFF FARM,,,9000,"GRAIN STORAGE CAPACITY, OFF FARM - CAPACITY, MEASURED IN BU",12,GRAIN STORAGE CAPACITY,ALL CLASSES,FIRST OF DEC,ALL PRODUCTION PRACTICES,41,12,41
SURVEY,POINT IN TIME,OR,UNITED STATES,2014,,STATE,,FIELD CROPS,,CAPACITY,00000000,2019-02-06 15:00:06.000,TOTAL,,OREGON,CROPS,,,NOT SPECIFIED,OREGON,"56,000,000",BU,,,,OFF FARM,,,9000,"GRAIN STORAGE CAPACITY, OFF FARM - CAPACITY, MEASURED IN BU",12,GRAIN STORAGE CAPACITY,ALL CLASSES,FIRST OF DEC,ALL PRODUCTION PRACTICES,41,12,41
SURVEY,POINT IN TIME,OR,UNITED STATES,2013,,STATE,,FIELD CROPS,,CAPACITY,00000000,2019-02-06 15:00:06.000,TOTAL,,OREGON,CROPS,,,NOT SPECIFIED,OREGON,"56,000,000",BU,,,,OFF FARM,,,9000,"GRAIN STORAGE CAPACITY, OFF FARM - CAPACITY, MEASURED IN BU",12,GRAIN STORAGE CAPACITY,ALL CLASSES,FIRST OF DEC,ALL PRODUCTION PRACTICES,41,12,41
SURVEY,POINT IN TIME,OR,UNITED STATES,2012,,STATE,,FIELD CROPS,,CAPACITY,00000000,2014-11-03 15:18:45.000,TOTAL,,OREGON,CROPS,,,NOT SPECIFIED,OREGON,"56,000,000",BU,,,,OFF FARM,,,9000,"GRAIN STORAGE CAPACITY, OFF FARM - CAPACITY, MEASURED IN BU",12,GRAIN STORAGE CAPACITY,ALL CLASSES,FIRST OF DEC,ALL PRODUCTION PRACTICES,41,12,41
SURVEY,POINT IN TIME,OR,UNITED STATES,2011,,STATE,,FIELD CROPS,,CAPACITY,00000000,2014-11-03 15:18:45.000,TOTAL,,OREGON,CROPS,,,NOT SPECIFIED,OREGON,"53,000,000",BU,,,,OFF FARM,,,9000,"GRAIN STORAGE CAPACITY, OFF FARM - CAPACITY, MEASURED IN BU",12,GRAIN STORAGE CAPACITY,ALL CLASSES,FIRST OF DEC,ALL PRODUCTION PRACTICES,41,12,41
SURVEY,POINT IN TIME,OR,UNITED STATES,2010,,STATE,,FIELD CROPS,,CAPACITY,00000000,2014-11-03 15:18:45.000,TOTAL,,OREGON,CROPS,,,NOT SPECIFIED,OREGON,"52,000,000",BU,,,,OFF FARM,,,9000,"GRAIN STORAGE CAPACITY, OFF FARM - CAPACITY, MEASURED IN BU",12,GRAIN STORAGE CAPACITY,ALL CLASSES,FIRST OF DEC,ALL PRODUCTION PRACTICES,41,12,41
SURVEY,POINT IN TIME,PA,UNITED STATES,2025,,STATE,,FIELD CROPS,,CAPACITY,00000000,2026-01-12 12:00:00.000,TOTAL,,PENNSYLVANIA,CROPS,,,NOT SPECIFIED,PENNSYLVANIA,"48,000,000",BU,,,,OFF FARM,,,9000,"GRAIN STORAGE CAPACITY, OFF FARM - CAPACITY, MEASURED IN BU",12,GRAIN STORAGE CAPACITY,ALL CLASSES,FIRST OF DEC,ALL PRODUCTION PRACTICES,42,12,42
SURVEY,POINT IN TIME,PA,UNITED STATES,2024,,STATE,,FIELD CROPS,,CAPACITY,00000000,2026-01-12 12:00:00.000,TOTAL,,PENNSYLVANIA,CROPS,,,NOT SPECIFIED,PENNSYLVANIA,"47,000,000",BU,,,,OFF FARM,,,9000,"GRAIN STORAGE CAPACITY, OFF FARM - CAPACITY, MEASURED IN BU",12,GRAIN STORAGE CAPACITY,ALL CLASSES,FIRST OF DEC,ALL PRODUCTION PRACTICES,42,12,42
SURVEY,POINT IN TIME,PA,UNITED STATES,2023,,STATE,,FIELD CROPS,,CAPACITY,00000000,2025-01-10 12:00:00.000,TOTAL,,PENNSYLVANIA,CROPS,,,NOT SPECIFIED,PENNSYLVANIA,"47,000,000",BU,,,,OFF FARM,,,9000,"GRAIN STORAGE CAPACITY, OFF FARM - CAPACITY, MEASURED IN BU",12,GRAIN STORAGE CAPACITY,ALL CLASSES,FIRST OF DEC,ALL PRODUCTION PRACTICES,42,12,42
SURVEY,POINT IN TIME,PA,UNITED STATES,2022,,STATE,,FIELD CROPS,,CAPACITY,00000000,2024-01-09 15:00:00.000,TOTAL,,PENNSYLVANIA,CROPS,,,NOT SPECIFIED,PENNSYLVANIA,"46,000,000",BU,,,,OFF FARM,,,9000,"GRAIN STORAGE CAPACITY, OFF FARM - CAPACITY, MEASURED IN BU",12,GRAIN STORAGE CAPACITY,ALL CLASSES,FIRST OF DEC,ALL PRODUCTION PRACTICES,42,12,42
SURVEY,POINT IN TIME,PA,UNITED STATES,2021,,STATE,,FIELD CROPS,,CAPACITY,00000000,2024-01-09 15:00:00.000,TOTAL,,PENNSYLVANIA,CROPS,,,NOT SPECIFIED,PENNSYLVANIA,"46,000,000",BU,,,,OFF FARM,,,9000,"GRAIN STORAGE CAPACITY, OFF FARM - CAPACITY, MEASURED IN BU",12,GRAIN STORAGE CAPACITY,ALL CLASSES,FIRST OF DEC,ALL PRODUCTION PRACTICES,42,12,42
SURVEY,POINT IN TIME,PA,UNITED STATES,2020,,STATE,,FIELD CROPS,,CAPACITY,00000000,2024-01-09 15:00:00.000,TOTAL,,PENNSYLVANIA,CROPS,,,NOT SPECIFIED,PENNSYLVANIA,"46,000,000",BU,,,,OFF FARM,,,9000,"GRAIN STORAGE CAPACITY, OFF FARM - CAPACITY, MEASURED IN BU",12,GRAIN STORAGE CAPACITY,ALL CLASSES,FIRST OF DEC,ALL PRODUCTION PRACTICES,42,12,42
SURVEY,POINT IN TIME,PA,UNITED STATES,2019,,STATE,,FIELD CROPS,,CAPACITY,00000000,2024-01-09 15:00:00.000,TOTAL,,PENNSYLVANIA,CROPS,,,NOT SPECIFIED,PENNSYLVANIA,"46,000,000",BU,,,,OFF FARM,,,9000,"GRAIN STORAGE CAPACITY, OFF FARM - CAPACITY, MEASURED IN BU",12,GRAIN STORAGE CAPACITY,ALL CLASSES,FIRST OF DEC,ALL PRODUCTION PRACTICES,42,12,42
SURVEY,POINT IN TIME,PA,UNITED STATES,2018,,STATE,,FIELD CROPS,,CAPACITY,00000000,2024-01-09 15:00:00.000,TOTAL,,PENNSYLVANIA,CROPS,,,NOT SPECIFIED,PENNSYLVANIA,"44,000,000",BU,,,,OFF FARM,,,9000,"GRAIN STORAGE CAPACITY, OFF FARM - CAPACITY, MEASURED IN BU",12,GRAIN STORAGE CAPACITY,ALL CLASSES,FIRST OF DEC,ALL PRODUCTION PRACTICES,42,12,42
SURVEY,POINT IN TIME,PA,UNITED STATES,2017,,STATE,,FIELD CROPS,,CAPACITY,00000000,2019-02-06 15:00:06.000,TOTAL,,PENNSYLVANIA,CROPS,,,NOT SPECIFIED,PENNSYLVANIA,"40,000,000",BU,,,,OFF FARM,,,9000,"GRAIN STORAGE CAPACITY, OFF FARM - CAPACITY, MEASURED IN BU",12,GRAIN STORAGE CAPACITY,ALL CLASSES,FIRST OF DEC,ALL PRODUCTION PRACTICES,42,12,42
SURVEY,POINT IN TIME,PA,UNITED STATES,2016,,STATE,,FIELD CROPS,,CAPACITY,00000000,2019-02-06 15:00:06.000,TOTAL,,PENNSYLVANIA,CROPS,,,NOT SPECIFIED,PENNSYLVANIA,"39,000,000",BU,,,,OFF FARM,,,9000,"GRAIN STORAGE CAPACITY, OFF FARM - CAPACITY, MEASURED IN BU",12,GRAIN STORAGE CAPACITY,ALL CLASSES,FIRST OF DEC,ALL PRODUCTION PRACTICES,42,12,42
SURVEY,POINT IN TIME,PA,UNITED STATES,2015,,STATE,,FIELD CROPS,,CAPACITY,00000000,2019-02-06 15:00:06.000,TOTAL,,PENNSYLVANIA,CROPS,,,NOT SPECIFIED,PENNSYLVANIA,"39,000,000",BU,,,,OFF FARM,,,9000,"GRAIN STORAGE CAPACITY, OFF FARM - CAPACITY, MEASURED IN BU",12,GRAIN STORAGE CAPACITY,ALL CLASSES,FIRST OF DEC,ALL PRODUCTION PRACTICES,42,12,42
SURVEY,POINT IN TIME,PA,UNITED STATES,2014,,STATE,,FIELD CROPS,,CAPACITY,00000000,2019-02-06 15:00:06.000,TOTAL,,PENNSYLVANIA,CROPS,,,NOT SPECIFIED,PENNSYLVANIA,"39,000,000",BU,,,,OFF FARM,,,9000,"GRAIN STORAGE CAPACITY, OFF FARM - CAPACITY, MEASURED IN BU",12,GRAIN STORAGE CAPACITY,ALL CLASSES,FIRST OF DEC,ALL PRODUCTION PRACTICES,42,12,42
SURVEY,POINT IN TIME,PA,UNITED STATES,2013,,STATE,,FIELD CROPS,,CAPACITY,00000000,2019-02-06 15:00:06.000,TOTAL,,PENNSYLVANIA,CROPS,,,NOT SPECIFIED,PENNSYLVANIA,"38,000,000",BU,,,,OFF FARM,,,9000,"GRAIN STORAGE CAPACITY, OFF FARM - CAPACITY, MEASURED IN BU",12,GRAIN STORAGE CAPACITY,ALL CLASSES,FIRST OF DEC,ALL PRODUCTION PRACTICES,42,12,42
SURVEY,POINT IN TIME,PA,UNITED STATES,2012,,STATE,,FIELD CROPS,,CAPACITY,00000000,2014-11-03 15:18:45.000,TOTAL,,PENNSYLVANIA,CROPS,,,NOT SPECIFIED,PENNSYLVANIA,"37,000,000",BU,,,,OFF FARM,,,9000,"GRAIN STORAGE CAPACITY, OFF FARM - CAPACITY, MEASURED IN BU",12,GRAIN STORAGE CAPACITY,ALL CLASSES,FIRST OF DEC,ALL PRODUCTION PRACTICES,42,12,42
SURVEY,POINT IN TIME,PA,UNITED STATES,2011,,STATE,,FIELD CROPS,,CAPACITY,00000000,2014-11-03 15:18:45.000,TOTAL,,PENNSYLVANIA,CROPS,,,NOT SPECIFIED,PENNSYLVANIA,"35,000,000",BU,,,,OFF FARM,,,9000,"GRAIN STORAGE CAPACITY, OFF FARM - CAPACITY, MEASURED IN BU",12,GRAIN STORAGE CAPACITY,ALL CLASSES,FIRST OF DEC,ALL PRODUCTION PRACTICES,42,12,42
SURVEY,POINT IN TIME,PA,UNITED STATES,2010,,STATE,,FIELD CROPS,,CAPACITY,00000000,2014-11-03 15:18:45.000,TOTAL,,PENNSYLVANIA,CROPS,,,NOT SPECIFIED,PENNSYLVANIA,"34,000,000",BU,,,,OFF FARM,,,9000,"GRAIN STORAGE CAPACITY, OFF FARM - CAPACITY, MEASURED IN BU",12,GRAIN STORAGE CAPACITY,ALL CLASSES,FIRST OF DEC,ALL PRODUCTION PRACTICES,42,12,42
SURVEY,POINT IN TIME,SC,UNITED STATES,2025,,STATE,,FIELD CROPS,,CAPACITY,00000000,2026-01-12 12:00:00.000,TOTAL,,SOUTH CAROLINA,CROPS,,,NOT SPECIFIED,SOUTH CAROLINA,"19,000,000",BU,,,,OFF FARM,,,9000,"GRAIN STORAGE CAPACITY, OFF FARM - CAPACITY, MEASURED IN BU",12,GRAIN STORAGE CAPACITY,ALL CLASSES,FIRST OF DEC,ALL PRODUCTION PRACTICES,45,12,45
SURVEY,POINT IN TIME,SC,UNITED STATES,2024,,STATE,,FIELD CROPS,,CAPACITY,00000000,2026-01-12 12:00:00.000,TOTAL,,SOUTH CAROLINA,CROPS,,,NOT SPECIFIED,SOUTH CAROLINA,"19,000,000",BU,,,,OFF FARM,,,9000,"GRAIN STORAGE CAPACITY, OFF FARM - CAPACITY, MEASURED IN BU",12,GRAIN STORAGE CAPACITY,ALL CLASSES,FIRST OF DEC,ALL PRODUCTION PRACTICES,45,12,45
SURVEY,POINT IN TIME,SC,UNITED STATES,2023,,STATE,,FIELD CROPS,,CAPACITY,00000000,2025-01-10 12:00:00.000,TOTAL,,SOUTH CAROLINA,CROPS,,,NOT SPECIFIED,SOUTH CAROLINA,"19,000,000",BU,,,,OFF FARM,,,9000,"GRAIN STORAGE CAPACITY, OFF FARM - CAPACITY, MEASURED IN BU",12,GRAIN STORAGE CAPACITY,ALL CLASSES,FIRST OF DEC,ALL PRODUCTION PRACTICES,45,12,45
SURVEY,POINT IN TIME,SC,UNITED STATES,2022,,STATE,,FIELD CROPS,,CAPACITY,00000000,2024-01-09 15:00:00.000,TOTAL,,SOUTH CAROLINA,CROPS,,,NOT SPECIFIED,SOUTH CAROLINA,"19,000,000",BU,,,,OFF FARM,,,9000,"GRAIN STORAGE CAPACITY, OFF FARM - CAPACITY, MEASURED IN BU",12,GRAIN STORAGE CAPACITY,ALL CLASSES,FIRST OF DEC,ALL PRODUCTION PRACTICES,45,12,45
SURVEY,POINT IN TIME,SC,UNITED STATES,2021,,STATE,,FIELD CROPS,,CAPACITY,00000000,2024-01-09 15:00:00.000,TOTAL,,SOUTH CAROLINA,CROPS,,,NOT SPECIFIED,SOUTH CAROLINA,"19,000,000",BU,,,,OFF FARM,,,9000,"GRAIN STORAGE CAPACITY, OFF FARM - CAPACITY, MEASURED IN BU",12,GRAIN STORAGE CAPACITY,ALL CLASSES,FIRST OF DEC,ALL PRODUCTION PRACTICES,45,12,45
SURVEY,POINT IN TIME,SC,UNITED STATES,2020,,STATE,,FIELD CROPS,,CAPACITY,00000000,2024-01-09 15:00:00.000,TOTAL,,SOUTH CAROLINA,CROPS,,,NOT SPECIFIED,SOUTH CAROLINA,"19,000,000",BU,,,,OFF FARM,,,9000,"GRAIN STORAGE CAPACITY, OFF FARM - CAPACITY, MEASURED IN BU",12,GRAIN STORAGE CAPACITY,ALL CLASSES,FIRST OF DEC,ALL PRODUCTION PRACTICES,45,12,45
SURVEY,POINT IN TIME,SC,UNITED STATES,2019,,STATE,,FIELD CROPS,,CAPACITY,00000000,2024-01-09 15:00:00.000,TOTAL,,SOUTH CAROLINA,CROPS,,,NOT SPECIFIED,SOUTH CAROLINA,"19,000,000",BU,,,,OFF FARM,,,9000,"GRAIN STORAGE CAPACITY, OFF FARM - CAPACITY, MEASURED IN BU",12,GRAIN STORAGE CAPACITY,ALL CLASSES,FIRST OF DEC,ALL PRODUCTION PRACTICES,45,12,45
SURVEY,POINT IN TIME,SC,UNITED STATES,2018,,STATE,,FIELD CROPS,,CAPACITY,00000000,2024-01-09 15:00:00.000,TOTAL,,SOUTH CAROLINA,CROPS,,,NOT SPECIFIED,SOUTH CAROLINA,"19,000,000",BU,,,,OFF FARM,,,9000,"GRAIN STORAGE CAPACITY, OFF FARM - CAPACITY, MEASURED IN BU",12,GRAIN STORAGE CAPACITY,ALL CLASSES,FIRST OF DEC,ALL PRODUCTION PRACTICES,45,12,45
SURVEY,POINT IN TIME,SC,UNITED STATES,2017,,STATE,,FIELD CROPS,,CAPACITY,00000000,2019-02-06 15:00:06.000,TOTAL,,SOUTH CAROLINA,CROPS,,,NOT SPECIFIED,SOUTH CAROLINA,"18,800,000",BU,,,,OFF FARM,,,9000,"GRAIN STORAGE CAPACITY, OFF FARM - CAPACITY, MEASURED IN BU",12,GRAIN STORAGE CAPACITY,ALL CLASSES,FIRST OF DEC,ALL PRODUCTION PRACTICES,45,12,45
SURVEY,POINT IN TIME,SC,UNITED STATES,2016,,STATE,,FIELD CROPS,,CAPACITY,00000000,2019-02-06 15:00:06.000,TOTAL,,SOUTH CAROLINA,CROPS,,,NOT SPECIFIED,SOUTH CAROLINA,"18,700,000",BU,,,,OFF FARM,,,9000,"GRAIN STORAGE CAPACITY, OFF FARM - CAPACITY, MEASURED IN BU",12,GRAIN STORAGE CAPACITY,ALL CLASSES,FIRST OF DEC,ALL PRODUCTION PRACTICES,45,12,45
SURVEY,POINT IN TIME,SC,UNITED STATES,2015,,STATE,,FIELD CROPS,,CAPACITY,00000000,2019-02-06 15:00:06.000,TOTAL,,SOUTH CAROLINA,CROPS,,,NOT SPECIFIED,SOUTH CAROLINA,"18,200,000",BU,,,,OFF FARM,,,9000,"GRAIN STORAGE CAPACITY, OFF FARM - CAPACITY, MEASURED IN BU",12,GRAIN STORAGE CAPACITY,ALL CLASSES,FIRST OF DEC,ALL PRODUCTION PRACTICES,45,12,45
SURVEY,POINT IN TIME,SC,UNITED STATES,2014,,STATE,,FIELD CROPS,,CAPACITY,00000000,2019-02-06 15:00:06.000,TOTAL,,SOUTH CAROLINA,CROPS,,,NOT SPECIFIED,SOUTH CAROLINA,"16,400,000",BU,,,,OFF FARM,,,9000,"GRAIN STORAGE CAPACITY, OFF FARM - CAPACITY, MEASURED IN BU",12,GRAIN STORAGE CAPACITY,ALL CLASSES,FIRST OF DEC,ALL PRODUCTION PRACTICES,45,12,45
SURVEY,POINT IN TIME,SC,UNITED STATES,2013,,STATE,,FIELD CROPS,,CAPACITY,00000000,2019-02-06 15:00:06.000,TOTAL,,SOUTH CAROLINA,CROPS,,,NOT SPECIFIED,SOUTH CAROLINA,"17,500,000",BU,,,,OFF FARM,,,9000,"GRAIN STORAGE CAPACITY, OFF FARM - CAPACITY, MEASURED IN BU",12,GRAIN STORAGE CAPACITY,ALL CLASSES,FIRST OF DEC,ALL PRODUCTION PRACTICES,45,12,45
SURVEY,POINT IN TIME,SC,UNITED STATES,2012,,STATE,,FIELD CROPS,,CAPACITY,00000000,2014-11-03 15:18:45.000,TOTAL,,SOUTH CAROLINA,CROPS,,,NOT SPECIFIED,SOUTH CAROLINA,"18,700,000",BU,,,,OFF FARM,,,9000,"GRAIN STORAGE CAPACITY, OFF FARM - CAPACITY, MEASURED IN BU",12,GRAIN STORAGE CAPACITY,ALL CLASSES,FIRST OF DEC,ALL PRODUCTION PRACTICES,45,12,45
SURVEY,POINT IN TIME,SC,UNITED STATES,2011,,STATE,,FIELD CROPS,,CAPACITY,00000000,2014-11-03 15:18:45.000,TOTAL,,SOUTH CAROLINA,CROPS,,,NOT SPECIFIED,SOUTH CAROLINA,"18,500,000",BU,,,,OFF FARM,,,9000,"GRAIN STORAGE CAPACITY, OFF FARM - CAPACITY, MEASURED IN BU",12,GRAIN STORAGE CAPACITY,ALL CLASSES,FIRST OF DEC,ALL PRODUCTION PRACTICES,45,12,45
SURVEY,POINT IN TIME,SC,UNITED STATES,2010,,STATE,,FIELD CROPS,,CAPACITY,00000000,2014-11-03 15:18:45.000,TOTAL,,SOUTH CAROLINA,CROPS,,,NOT SPECIFIED,SOUTH CAROLINA,"17,500,000",BU,,,,OFF FARM,,,9000,"GRAIN STORAGE CAPACITY, OFF FARM - CAPACITY, MEASURED IN BU",12,GRAIN STORAGE CAPACITY,ALL CLASSES,FIRST OF DEC,ALL PRODUCTION PRACTICES,45,12,45
SURVEY,POINT IN TIME,SD,UNITED STATES,2025,,STATE,,FIELD CROPS,,CAPACITY,00000000,2026-01-12 12:00:00.000,TOTAL,,SOUTH DAKOTA,CROPS,,,NOT SPECIFIED,SOUTH DAKOTA,"450,000,000",BU,,,,OFF FARM,,,9000,"GRAIN STORAGE CAPACITY, OFF FARM - CAPACITY, MEASURED IN BU",12,GRAIN STORAGE CAPACITY,ALL CLASSES,FIRST OF DEC,ALL PRODUCTION PRACTICES,46,12,46
SURVEY,POINT IN TIME,SD,UNITED STATES,2024,,STATE,,FIELD CROPS,,CAPACITY,00000000,2026-01-12 12:00:00.000,TOTAL,,SOUTH DAKOTA,CROPS,,,NOT SPECIFIED,SOUTH DAKOTA,"445,000,000",BU,,,,OFF FARM,,,9000,"GRAIN STORAGE CAPACITY, OFF FARM - CAPACITY, MEASURED IN BU",12,GRAIN STORAGE CAPACITY,ALL CLASSES,FIRST OF DEC,ALL PRODUCTION PRACTICES,46,12,46
SURVEY,POINT IN TIME,SD,UNITED STATES,2023,,STATE,,FIELD CROPS,,CAPACITY,00000000,2025-01-10 12:00:00.000,TOTAL,,SOUTH DAKOTA,CROPS,,,NOT SPECIFIED,SOUTH DAKOTA,"445,000,000",BU,,,,OFF FARM,,,9000,"GRAIN STORAGE CAPACITY, OFF FARM - CAPACITY, MEASURED IN BU",12,GRAIN STORAGE CAPACITY,ALL CLASSES,FIRST OF DEC,ALL PRODUCTION PRACTICES,46,12,46
SURVEY,POINT IN TIME,SD,UNITED STATES,2022,,STATE,,FIELD CROPS,,CAPACITY,00000000,2024-01-09 15:00:00.000,TOTAL,,SOUTH DAKOTA,CROPS,,,NOT SPECIFIED,SOUTH DAKOTA,"445,000,000",BU,,,,OFF FARM,,,9000,"GRAIN STORAGE CAPACITY, OFF FARM - CAPACITY, MEASURED IN BU",12,GRAIN STORAGE CAPACITY,ALL CLASSES,FIRST OF DEC,ALL PRODUCTION PRACTICES,46,12,46
SURVEY,POINT IN TIME,SD,UNITED STATES,2021,,STATE,,FIELD CROPS,,CAPACITY,00000000,2024-01-09 15:00:00.000,TOTAL,,SOUTH DAKOTA,CROPS,,,NOT SPECIFIED,SOUTH DAKOTA,"440,000,000",BU,,,,OFF FARM,,,9000,"GRAIN STORAGE CAPACITY, OFF FARM - CAPACITY, MEASURED IN BU",12,GRAIN STORAGE CAPACITY,ALL CLASSES,FIRST OF DEC,ALL PRODUCTION PRACTICES,46,12,46
SURVEY,POINT IN TIME,SD,UNITED STATES,2020,,STATE,,FIELD CROPS,,CAPACITY,00000000,2024-01-09 15:00:00.000,TOTAL,,SOUTH DAKOTA,CROPS,,,NOT SPECIFIED,SOUTH DAKOTA,"440,000,000",BU,,,,OFF FARM,,,9000,"GRAIN STORAGE CAPACITY, OFF FARM - CAPACITY, MEASURED IN BU",12,GRAIN STORAGE CAPACITY,ALL CLASSES,FIRST OF DEC,ALL PRODUCTION PRACTICES,46,12,46
SURVEY,POINT IN TIME,SD,UNITED STATES,2019,,STATE,,FIELD CROPS,,CAPACITY,00000000,2024-01-09 15:00:00.000,TOTAL,,SOUTH DAKOTA,CROPS,,,NOT SPECIFIED,SOUTH DAKOTA,"435,000,000",BU,,,,OFF FARM,,,9000,"GRAIN STORAGE CAPACITY, OFF FARM - CAPACITY, MEASURED IN BU",12,GRAIN STORAGE CAPACITY,ALL CLASSES,FIRST OF DEC,ALL PRODUCTION PRACTICES,46,12,46
SURVEY,POINT IN TIME,SD,UNITED STATES,2018,,STATE,,FIELD CROPS,,CAPACITY,00000000,2024-01-09 15:00:00.000,TOTAL,,SOUTH DAKOTA,CROPS,,,NOT SPECIFIED,SOUTH DAKOTA,"425,000,000",BU,,,,OFF FARM,,,9000,"GRAIN STORAGE CAPACITY, OFF FARM - CAPACITY, MEASURED IN BU",12,GRAIN STORAGE CAPACITY,ALL CLASSES,FIRST OF DEC,ALL PRODUCTION PRACTICES,46,12,46
SURVEY,POINT IN TIME,SD,UNITED STATES,2017,,STATE,,FIELD CROPS,,CAPACITY,00000000,2019-02-06 15:00:06.000,TOTAL,,SOUTH DAKOTA,CROPS,,,NOT SPECIFIED,SOUTH DAKOTA,"410,000,000",BU,,,,OFF FARM,,,9000,"GRAIN STORAGE CAPACITY, OFF FARM - CAPACITY, MEASURED IN BU",12,GRAIN STORAGE CAPACITY,ALL CLASSES,FIRST OF DEC,ALL PRODUCTION PRACTICES,46,12,46
SURVEY,POINT IN TIME,SD,UNITED STATES,2016,,STATE,,FIELD CROPS,,CAPACITY,00000000,2019-02-06 15:00:06.000,TOTAL,,SOUTH DAKOTA,CROPS,,,NOT SPECIFIED,SOUTH DAKOTA,"405,000,000",BU,,,,OFF FARM,,,9000,"GRAIN STORAGE CAPACITY, OFF FARM - CAPACITY, MEASURED IN BU",12,GRAIN STORAGE CAPACITY,ALL CLASSES,FIRST OF DEC,ALL PRODUCTION PRACTICES,46,12,46
SURVEY,POINT IN TIME,SD,UNITED STATES,2015,,STATE,,FIELD CROPS,,CAPACITY,00000000,2019-02-06 15:00:06.000,TOTAL,,SOUTH DAKOTA,CROPS,,,NOT SPECIFIED,SOUTH DAKOTA,"394,000,000",BU,,,,OFF FARM,,,9000,"GRAIN STORAGE CAPACITY, OFF FARM - CAPACITY, MEASURED IN BU",12,GRAIN STORAGE CAPACITY,ALL CLASSES,FIRST OF DEC,ALL PRODUCTION PRACTICES,46,12,46
SURVEY,POINT IN TIME,SD,UNITED STATES,2014,,STATE,,FIELD CROPS,,CAPACITY,00000000,2019-02-06 15:00:06.000,TOTAL,,SOUTH DAKOTA,CROPS,,,NOT SPECIFIED,SOUTH DAKOTA,"345,000,000",BU,,,,OFF FARM,,,9000,"GRAIN STORAGE CAPACITY, OFF FARM - CAPACITY, MEASURED IN BU",12,GRAIN STORAGE CAPACITY,ALL CLASSES,FIRST OF DEC,ALL PRODUCTION PRACTICES,46,12,46
SURVEY,POINT IN TIME,SD,UNITED STATES,2013,,STATE,,FIELD CROPS,,CAPACITY,00000000,2019-02-06 15:00:06.000,TOTAL,,SOUTH DAKOTA,CROPS,,,NOT SPECIFIED,SOUTH DAKOTA,"310,000,000",BU,,,,OFF FARM,,,9000,"GRAIN STORAGE CAPACITY, OFF FARM - CAPACITY, MEASURED IN BU",12,GRAIN STORAGE CAPACITY,ALL CLASSES,FIRST OF DEC,ALL PRODUCTION PRACTICES,46,12,46
SURVEY,POINT IN TIME,SD,UNITED STATES,2012,,STATE,,FIELD CROPS,,CAPACITY,00000000,2014-11-03 15:18:45.000,TOTAL,,SOUTH DAKOTA,CROPS,,,NOT SPECIFIED,SOUTH DAKOTA,"302,000,000",BU,,,,OFF FARM,,,9000,"GRAIN STORAGE CAPACITY, OFF FARM - CAPACITY, MEASURED IN BU",12,GRAIN STORAGE CAPACITY,ALL CLASSES,FIRST OF DEC,ALL PRODUCTION PRACTICES,46,12,46
SURVEY,POINT IN TIME,SD,UNITED STATES,2011,,STATE,,FIELD CROPS,,CAPACITY,00000000,2014-11-03 15:18:45.000,TOTAL,,SOUTH DAKOTA,CROPS,,,NOT SPECIFIED,SOUTH DAKOTA,"290,000,000",BU,,,,OFF FARM,,,9000,"GRAIN STORAGE CAPACITY, OFF FARM - CAPACITY, MEASURED IN BU",12,GRAIN STORAGE CAPACITY,ALL CLASSES,FIRST OF DEC,ALL PRODUCTION PRACTICES,46,12,46
SURVEY,POINT IN TIME,SD,UNITED STATES,2010,,STATE,,FIELD CROPS,,CAPACITY,00000000,2014-11-03 15:18:45.000,TOTAL,,SOUTH DAKOTA,CROPS,,,NOT SPECIFIED,SOUTH DAKOTA,"261,000,000",BU,,,,OFF FARM,,,9000,"GRAIN STORAGE CAPACITY, OFF FARM - CAPACITY, MEASURED IN BU",12,GRAIN STORAGE CAPACITY,ALL CLASSES,FIRST OF DEC,ALL PRODUCTION PRACTICES,46,12,46
SURVEY,POINT IN TIME,TN,UNITED STATES,2025,,STATE,,FIELD CROPS,,CAPACITY,00000000,2026-01-12 12:00:00.000,TOTAL,,TENNESSEE,CROPS,,,NOT SPECIFIED,TENNESSEE,"73,000,000",BU,,,,OFF FARM,,,9000,"GRAIN STORAGE CAPACITY, OFF FARM - CAPACITY, MEASURED IN BU",12,GRAIN STORAGE CAPACITY,ALL CLASSES,FIRST OF DEC,ALL PRODUCTION PRACTICES,47,12,47
SURVEY,POINT IN TIME,TN,UNITED STATES,2024,,STATE,,FIELD CROPS,,CAPACITY,00000000,2026-01-12 12:00:00.000,TOTAL,,TENNESSEE,CROPS,,,NOT SPECIFIED,TENNESSEE,"73,000,000",BU,,,,OFF FARM,,,9000,"GRAIN STORAGE CAPACITY, OFF FARM - CAPACITY, MEASURED IN BU",12,GRAIN STORAGE CAPACITY,ALL CLASSES,FIRST OF DEC,ALL PRODUCTION PRACTICES,47,12,47
SURVEY,POINT IN TIME,TN,UNITED STATES,2023,,STATE,,FIELD CROPS,,CAPACITY,00000000,2025-01-10 12:00:00.000,TOTAL,,TENNESSEE,CROPS,,,NOT SPECIFIED,TENNESSEE,"73,000,000",BU,,,,OFF FARM,,,9000,"GRAIN STORAGE CAPACITY, OFF FARM - CAPACITY, MEASURED IN BU",12,GRAIN STORAGE CAPACITY,ALL CLASSES,FIRST OF DEC,ALL PRODUCTION PRACTICES,47,12,47
SURVEY,POINT IN TIME,TN,UNITED STATES,2022,,STATE,,FIELD CROPS,,CAPACITY,00000000,2024-01-09 15:00:00.000,TOTAL,,TENNESSEE,CROPS,,,NOT SPECIFIED,TENNESSEE,"75,000,000",BU,,,,OFF FARM,,,9000,"GRAIN STORAGE CAPACITY, OFF FARM - CAPACITY, MEASURED IN BU",12,GRAIN STORAGE CAPACITY,ALL CLASSES,FIRST OF DEC,ALL PRODUCTION PRACTICES,47,12,47
SURVEY,POINT IN TIME,TN,UNITED STATES,2021,,STATE,,FIELD CROPS,,CAPACITY,00000000,2024-01-09 15:00:00.000,TOTAL,,TENNESSEE,CROPS,,,NOT SPECIFIED,TENNESSEE,"75,000,000",BU,,,,OFF FARM,,,9000,"GRAIN STORAGE CAPACITY, OFF FARM - CAPACITY, MEASURED IN BU",12,GRAIN STORAGE CAPACITY,ALL CLASSES,FIRST OF DEC,ALL PRODUCTION PRACTICES,47,12,47
SURVEY,POINT IN TIME,TN,UNITED STATES,2020,,STATE,,FIELD CROPS,,CAPACITY,00000000,2024-01-09 15:00:00.000,TOTAL,,TENNESSEE,CROPS,,,NOT SPECIFIED,TENNESSEE,"75,000,000",BU,,,,OFF FARM,,,9000,"GRAIN STORAGE CAPACITY, OFF FARM - CAPACITY, MEASURED IN BU",12,GRAIN STORAGE CAPACITY,ALL CLASSES,FIRST OF DEC,ALL PRODUCTION PRACTICES,47,12,47
SURVEY,POINT IN TIME,TN,UNITED STATES,2019,,STATE,,FIELD CROPS,,CAPACITY,00000000,2024-01-09 15:00:00.000,TOTAL,,TENNESSEE,CROPS,,,NOT SPECIFIED,TENNESSEE,"75,000,000",BU,,,,OFF FARM,,,9000,"GRAIN STORAGE CAPACITY, OFF FARM - CAPACITY, MEASURED IN BU",12,GRAIN STORAGE CAPACITY,ALL CLASSES,FIRST OF DEC,ALL PRODUCTION PRACTICES,47,12,47
SURVEY,POINT IN TIME,TN,UNITED STATES,2018,,STATE,,FIELD CROPS,,CAPACITY,00000000,2024-01-09 15:00:00.000,TOTAL,,TENNESSEE,CROPS,,,NOT SPECIFIED,TENNESSEE,"75,000,000",BU,,,,OFF FARM,,,9000,"GRAIN STORAGE CAPACITY, OFF FARM - CAPACITY, MEASURED IN BU",12,GRAIN STORAGE CAPACITY,ALL CLASSES,FIRST OF DEC,ALL PRODUCTION PRACTICES,47,12,47
SURVEY,POINT IN TIME,TN,UNITED STATES,2017,,STATE,,FIELD CROPS,,CAPACITY,00000000,2019-02-06 15:00:06.000,TOTAL,,TENNESSEE,CROPS,,,NOT SPECIFIED,TENNESSEE,"75,000,000",BU,,,,OFF FARM,,,9000,"GRAIN STORAGE CAPACITY, OFF FARM - CAPACITY, MEASURED IN BU",12,GRAIN STORAGE CAPACITY,ALL CLASSES,FIRST OF DEC,ALL PRODUCTION PRACTICES,47,12,47
SURVEY,POINT IN TIME,TN,UNITED STATES,2016,,STATE,,FIELD CROPS,,CAPACITY,00000000,2019-02-06 15:00:06.000,TOTAL,,TENNESSEE,CROPS,,,NOT SPECIFIED,TENNESSEE,"70,000,000",BU,,,,OFF FARM,,,9000,"GRAIN STORAGE CAPACITY, OFF FARM - CAPACITY, MEASURED IN BU",12,GRAIN STORAGE CAPACITY,ALL CLASSES,FIRST OF DEC,ALL PRODUCTION PRACTICES,47,12,47
SURVEY,POINT IN TIME,TN,UNITED STATES,2015,,STATE,,FIELD CROPS,,CAPACITY,00000000,2019-02-06 15:00:06.000,TOTAL,,TENNESSEE,CROPS,,,NOT SPECIFIED,TENNESSEE,"66,000,000",BU,,,,OFF FARM,,,9000,"GRAIN STORAGE CAPACITY, OFF FARM - CAPACITY, MEASURED IN BU",12,GRAIN STORAGE CAPACITY,ALL CLASSES,FIRST OF DEC,ALL PRODUCTION PRACTICES,47,12,47
SURVEY,POINT IN TIME,TN,UNITED STATES,2014,,STATE,,FIELD CROPS,,CAPACITY,00000000,2019-02-06 15:00:06.000,TOTAL,,TENNESSEE,CROPS,,,NOT SPECIFIED,TENNESSEE,"63,000,000",BU,,,,OFF FARM,,,9000,"GRAIN STORAGE CAPACITY, OFF FARM - CAPACITY, MEASURED IN BU",12,GRAIN STORAGE CAPACITY,ALL CLASSES,FIRST OF DEC,ALL PRODUCTION PRACTICES,47,12,47
SURVEY,POINT IN TIME,TN,UNITED STATES,2013,,STATE,,FIELD CROPS,,CAPACITY,00000000,2019-02-06 15:00:06.000,TOTAL,,TENNESSEE,CROPS,,,NOT SPECIFIED,TENNESSEE,"61,000,000",BU,,,,OFF FARM,,,9000,"GRAIN STORAGE CAPACITY, OFF FARM - CAPACITY, MEASURED IN BU",12,GRAIN STORAGE CAPACITY,ALL CLASSES,FIRST OF DEC,ALL PRODUCTION PRACTICES,47,12,47
SURVEY,POINT IN TIME,TN,UNITED STATES,2012,,STATE,,FIELD CROPS,,CAPACITY,00000000,2014-11-03 15:18:45.000,TOTAL,,TENNESSEE,CROPS,,,NOT SPECIFIED,TENNESSEE,"61,000,000",BU,,,,OFF FARM,,,9000,"GRAIN STORAGE CAPACITY, OFF FARM - CAPACITY, MEASURED IN BU",12,GRAIN STORAGE CAPACITY,ALL CLASSES,FIRST OF DEC,ALL PRODUCTION PRACTICES,47,12,47
SURVEY,POINT IN TIME,TN,UNITED STATES,2011,,STATE,,FIELD CROPS,,CAPACITY,00000000,2014-11-03 15:18:45.000,TOTAL,,TENNESSEE,CROPS,,,NOT SPECIFIED,TENNESSEE,"58,000,000",BU,,,,OFF FARM,,,9000,"GRAIN STORAGE CAPACITY, OFF FARM - CAPACITY, MEASURED IN BU",12,GRAIN STORAGE CAPACITY,ALL CLASSES,FIRST OF DEC,ALL PRODUCTION PRACTICES,47,12,47
SURVEY,POINT IN TIME,TN,UNITED STATES,2010,,STATE,,FIELD CROPS,,CAPACITY,00000000,2014-11-03 15:18:45.000,TOTAL,,TENNESSEE,CROPS,,,NOT SPECIFIED,TENNESSEE,"57,000,000",BU,,,,OFF FARM,,,9000,"GRAIN STORAGE CAPACITY, OFF FARM - CAPACITY, MEASURED IN BU",12,GRAIN STORAGE CAPACITY,ALL CLASSES,FIRST OF DEC,ALL PRODUCTION PRACTICES,47,12,47
SURVEY,POINT IN TIME,TX,UNITED STATES,2025,,STATE,,FIELD CROPS,,CAPACITY,00000000,2026-01-12 12:00:00.000,TOTAL,,TEXAS,CROPS,,,NOT SPECIFIED,TEXAS,"610,000,000",BU,,,,OFF FARM,,,9000,"GRAIN STORAGE CAPACITY, OFF FARM - CAPACITY, MEASURED IN BU",12,GRAIN STORAGE CAPACITY,ALL CLASSES,FIRST OF DEC,ALL PRODUCTION PRACTICES,48,12,48
SURVEY,POINT IN TIME,TX,UNITED STATES,2024,,STATE,,FIELD CROPS,,CAPACITY,00000000,2026-01-12 12:00:00.000,TOTAL,,TEXAS,CROPS,,,NOT SPECIFIED,TEXAS,"610,000,000",BU,,,,OFF FARM,,,9000,"GRAIN STORAGE CAPACITY, OFF FARM - CAPACITY, MEASURED IN BU",12,GRAIN STORAGE CAPACITY,ALL CLASSES,FIRST OF DEC,ALL PRODUCTION PRACTICES,48,12,48
SURVEY,POINT IN TIME,TX,UNITED STATES,2023,,STATE,,FIELD CROPS,,CAPACITY,00000000,2025-01-10 12:00:00.000,TOTAL,,TEXAS,CROPS,,,NOT SPECIFIED,TEXAS,"610,000,000",BU,,,,OFF FARM,,,9000,"GRAIN STORAGE CAPACITY, OFF FARM - CAPACITY, MEASURED IN BU",12,GRAIN STORAGE CAPACITY,ALL CLASSES,FIRST OF DEC,ALL PRODUCTION PRACTICES,48,12,48
SURVEY,POINT IN TIME,TX,UNITED STATES,2022,,STATE,,FIELD CROPS,,CAPACITY,00000000,2024-01-09 15:00:00.000,TOTAL,,TEXAS,CROPS,,,NOT SPECIFIED,TEXAS,"610,000,000",BU,,,,OFF FARM,,,9000,"GRAIN STORAGE CAPACITY, OFF FARM - CAPACITY, MEASURED IN BU",12,GRAIN STORAGE CAPACITY,ALL CLASSES,FIRST OF DEC,ALL PRODUCTION PRACTICES,48,12,48
SURVEY,POINT IN TIME,TX,UNITED STATES,2021,,STATE,,FIELD CROPS,,CAPACITY,00000000,2024-01-09 15:00:00.000,TOTAL,,TEXAS,CROPS,,,NOT SPECIFIED,TEXAS,"620,000,000",BU,,,,OFF FARM,,,9000,"GRAIN STORAGE CAPACITY, OFF FARM - CAPACITY, MEASURED IN BU",12,GRAIN STORAGE CAPACITY,ALL CLASSES,FIRST OF DEC,ALL PRODUCTION PRACTICES,48,12,48
SURVEY,POINT IN TIME,TX,UNITED STATES,2020,,STATE,,FIELD CROPS,,CAPACITY,00000000,2024-01-09 15:00:00.000,TOTAL,,TEXAS,CROPS,,,NOT SPECIFIED,TEXAS,"620,000,000",BU,,,,OFF FARM,,,9000,"GRAIN STORAGE CAPACITY, OFF FARM - CAPACITY, MEASURED IN BU",12,GRAIN STORAGE CAPACITY,ALL CLASSES,FIRST OF DEC,ALL PRODUCTION PRACTICES,48,12,48
SURVEY,POINT IN TIME,TX,UNITED STATES,2019,,STATE,,FIELD CROPS,,CAPACITY,00000000,2024-01-09 15:00:00.000,TOTAL,,TEXAS,CROPS,,,NOT SPECIFIED,TEXAS,"630,000,000",BU,,,,OFF FARM,,,9000,"GRAIN STORAGE CAPACITY, OFF FARM - CAPACITY, MEASURED IN BU",12,GRAIN STORAGE CAPACITY,ALL CLASSES,FIRST OF DEC,ALL PRODUCTION PRACTICES,48,12,48
SURVEY,POINT IN TIME,TX,UNITED STATES,2018,,STATE,,FIELD CROPS,,CAPACITY,00000000,2024-01-09 15:00:00.000,TOTAL,,TEXAS,CROPS,,,NOT SPECIFIED,TEXAS,"640,000,000",BU,,,,OFF FARM,,,9000,"GRAIN STORAGE CAPACITY, OFF FARM - CAPACITY, MEASURED IN BU",12,GRAIN STORAGE CAPACITY,ALL CLASSES,FIRST OF DEC,ALL PRODUCTION PRACTICES,48,12,48
SURVEY,POINT IN TIME,TX,UNITED STATES,2017,,STATE,,FIELD CROPS,,CAPACITY,00000000,2019-02-06 15:00:06.000,TOTAL,,TEXAS,CROPS,,,NOT SPECIFIED,TEXAS,"640,000,000",BU,,,,OFF FARM,,,9000,"GRAIN STORAGE CAPACITY, OFF FARM - CAPACITY, MEASURED IN BU",12,GRAIN STORAGE CAPACITY,ALL CLASSES,FIRST OF DEC,ALL PRODUCTION PRACTICES,48,12,48
SURVEY,POINT IN TIME,TX,UNITED STATES,2016,,STATE,,FIELD CROPS,,CAPACITY,00000000,2019-02-06 15:00:06.000,TOTAL,,TEXAS,CROPS,,,NOT SPECIFIED,TEXAS,"640,000,000",BU,,,,OFF FARM,,,9000,"GRAIN STORAGE CAPACITY, OFF FARM - CAPACITY, MEASURED IN BU",12,GRAIN STORAGE CAPACITY,ALL CLASSES,FIRST OF DEC,ALL PRODUCTION PRACTICES,48,12,48
SURVEY,POINT IN TIME,TX,UNITED STATES,2015,,STATE,,FIELD CROPS,,CAPACITY,00000000,2019-02-06 15:00:06.000,TOTAL,,TEXAS,CROPS,,,NOT SPECIFIED,TEXAS,"640,000,000",BU,,,,OFF FARM,,,9000,"GRAIN STORAGE CAPACITY, OFF FARM - CAPACITY, MEASURED IN BU",12,GRAIN STORAGE CAPACITY,ALL CLASSES,FIRST OF DEC,ALL PRODUCTION PRACTICES,48,12,48
SURVEY,POINT IN TIME,TX,UNITED STATES,2014,,STATE,,FIELD CROPS,,CAPACITY,00000000,2019-02-06 15:00:06.000,TOTAL,,TEXAS,CROPS,,,NOT SPECIFIED,TEXAS,"640,000,000",BU,,,,OFF FARM,,,9000,"GRAIN STORAGE CAPACITY, OFF FARM - CAPACITY, MEASURED IN BU",12,GRAIN STORAGE CAPACITY,ALL CLASSES,FIRST OF DEC,ALL PRODUCTION PRACTICES,48,12,48
SURVEY,POINT IN TIME,TX,UNITED STATES,2013,,STATE,,FIELD CROPS,,CAPACITY,00000000,2019-02-06 15:00:06.000,TOTAL,,TEXAS,CROPS,,,NOT SPECIFIED,TEXAS,"640,000,000",BU,,,,OFF FARM,,,9000,"GRAIN STORAGE CAPACITY, OFF FARM - CAPACITY, MEASURED IN BU",12,GRAIN STORAGE CAPACITY,ALL CLASSES,FIRST OF DEC,ALL PRODUCTION PRACTICES,48,12,48
SURVEY,POINT IN TIME,TX,UNITED STATES,2012,,STATE,,FIELD CROPS,,CAPACITY,00000000,2014-11-03 15:18:45.000,TOTAL,,TEXAS,CROPS,,,NOT SPECIFIED,TEXAS,"640,000,000",BU,,,,OFF FARM,,,9000,"GRAIN STORAGE CAPACITY, OFF FARM - CAPACITY, MEASURED IN BU",12,GRAIN STORAGE CAPACITY,ALL CLASSES,FIRST OF DEC,ALL PRODUCTION PRACTICES,48,12,48
SURVEY,POINT IN TIME,TX,UNITED STATES,2011,,STATE,,FIELD CROPS,,CAPACITY,00000000,2014-11-03 15:18:45.000,TOTAL,,TEXAS,CROPS,,,NOT SPECIFIED,TEXAS,"640,000,000",BU,,,,OFF FARM,,,9000,"GRAIN STORAGE CAPACITY, OFF FARM - CAPACITY, MEASURED IN BU",12,GRAIN STORAGE CAPACITY,ALL CLASSES,FIRST OF DEC,ALL PRODUCTION PRACTICES,48,12,48
SURVEY,POINT IN TIME,TX,UNITED STATES,2010,,STATE,,FIELD CROPS,,CAPACITY,00000000,2014-11-03 15:18:45.000,TOTAL,,TEXAS,CROPS,,,NOT SPECIFIED,TEXAS,"640,000,000",BU,,,,OFF FARM,,,9000,"GRAIN STORAGE CAPACITY, OFF FARM - CAPACITY, MEASURED IN BU",12,GRAIN STORAGE CAPACITY,ALL CLASSES,FIRST OF DEC,ALL PRODUCTION PRACTICES,48,12,48
SURVEY,POINT IN TIME,UT,UNITED STATES,2025,,STATE,,FIELD CROPS,,CAPACITY,00000000,2026-01-12 12:00:00.000,TOTAL,,UTAH,CROPS,,,NOT SPECIFIED,UTAH,"15,000,000",BU,,,,OFF FARM,,,9000,"GRAIN STORAGE CAPACITY, OFF FARM - CAPACITY, MEASURED IN BU",12,GRAIN STORAGE CAPACITY,ALL CLASSES,FIRST OF DEC,ALL PRODUCTION PRACTICES,49,12,49
SURVEY,POINT IN TIME,UT,UNITED STATES,2024,,STATE,,FIELD CROPS,,CAPACITY,00000000,2026-01-12 12:00:00.000,TOTAL,,UTAH,CROPS,,,NOT SPECIFIED,UTAH,"16,000,000",BU,,,,OFF FARM,,,9000,"GRAIN STORAGE CAPACITY, OFF FARM - CAPACITY, MEASURED IN BU",12,GRAIN STORAGE CAPACITY,ALL CLASSES,FIRST OF DEC,ALL PRODUCTION PRACTICES,49,12,49
SURVEY,POINT IN TIME,UT,UNITED STATES,2023,,STATE,,FIELD CROPS,,CAPACITY,00000000,2025-01-10 12:00:00.000,TOTAL,,UTAH,CROPS,,,NOT SPECIFIED,UTAH,"16,000,000",BU,,,,OFF FARM,,,9000,"GRAIN STORAGE CAPACITY, OFF FARM - CAPACITY, MEASURED IN BU",12,GRAIN STORAGE CAPACITY,ALL CLASSES,FIRST OF DEC,ALL PRODUCTION PRACTICES,49,12,49
SURVEY,POINT IN TIME,UT,UNITED STATES,2022,,STATE,,FIELD CROPS,,CAPACITY,00000000,2024-01-09 15:00:00.000,TOTAL,,UTAH,CROPS,,,NOT SPECIFIED,UTAH,"18,000,000",BU,,,,OFF FARM,,,9000,"GRAIN STORAGE CAPACITY, OFF FARM - CAPACITY, MEASURED IN BU",12,GRAIN STORAGE CAPACITY,ALL CLASSES,FIRST OF DEC,ALL PRODUCTION PRACTICES,49,12,49
SURVEY,POINT IN TIME,UT,UNITED STATES,2021,,STATE,,FIELD CROPS,,CAPACITY,00000000,2024-01-09 15:00:00.000,TOTAL,,UTAH,CROPS,,,NOT SPECIFIED,UTAH,"18,000,000",BU,,,,OFF FARM,,,9000,"GRAIN STORAGE CAPACITY, OFF FARM - CAPACITY, MEASURED IN BU",12,GRAIN STORAGE CAPACITY,ALL CLASSES,FIRST OF DEC,ALL PRODUCTION PRACTICES,49,12,49
SURVEY,POINT IN TIME,UT,UNITED STATES,2020,,STATE,,FIELD CROPS,,CAPACITY,00000000,2024-01-09 15:00:00.000,TOTAL,,UTAH,CROPS,,,NOT SPECIFIED,UTAH,"18,000,000",BU,,,,OFF FARM,,,9000,"GRAIN STORAGE CAPACITY, OFF FARM - CAPACITY, MEASURED IN BU",12,GRAIN STORAGE CAPACITY,ALL CLASSES,FIRST OF DEC,ALL PRODUCTION PRACTICES,49,12,49
SURVEY,POINT IN TIME,UT,UNITED STATES,2019,,STATE,,FIELD CROPS,,CAPACITY,00000000,2024-01-09 15:00:00.000,TOTAL,,UTAH,CROPS,,,NOT SPECIFIED,UTAH,"18,000,000",BU,,,,OFF FARM,,,9000,"GRAIN STORAGE CAPACITY, OFF FARM - CAPACITY, MEASURED IN BU",12,GRAIN STORAGE CAPACITY,ALL CLASSES,FIRST OF DEC,ALL PRODUCTION PRACTICES,49,12,49
SURVEY,POINT IN TIME,UT,UNITED STATES,2018,,STATE,,FIELD CROPS,,CAPACITY,00000000,2024-01-09 15:00:00.000,TOTAL,,UTAH,CROPS,,,NOT SPECIFIED,UTAH,"18,000,000",BU,,,,OFF FARM,,,9000,"GRAIN STORAGE CAPACITY, OFF FARM - CAPACITY, MEASURED IN BU",12,GRAIN STORAGE CAPACITY,ALL CLASSES,FIRST OF DEC,ALL PRODUCTION PRACTICES,49,12,49
SURVEY,POINT IN TIME,UT,UNITED STATES,2017,,STATE,,FIELD CROPS,,CAPACITY,00000000,2019-02-06 15:00:06.000,TOTAL,,UTAH,CROPS,,,NOT SPECIFIED,UTAH,"18,000,000",BU,,,,OFF FARM,,,9000,"GRAIN STORAGE CAPACITY, OFF FARM - CAPACITY, MEASURED IN BU",12,GRAIN STORAGE CAPACITY,ALL CLASSES,FIRST OF DEC,ALL PRODUCTION PRACTICES,49,12,49
SURVEY,POINT IN TIME,UT,UNITED STATES,2016,,STATE,,FIELD CROPS,,CAPACITY,00000000,2019-02-06 15:00:06.000,TOTAL,,UTAH,CROPS,,,NOT SPECIFIED,UTAH,"17,000,000",BU,,,,OFF FARM,,,9000,"GRAIN STORAGE CAPACITY, OFF FARM - CAPACITY, MEASURED IN BU",12,GRAIN STORAGE CAPACITY,ALL CLASSES,FIRST OF DEC,ALL PRODUCTION PRACTICES,49,12,49
SURVEY,POINT IN TIME,UT,UNITED STATES,2015,,STATE,,FIELD CROPS,,CAPACITY,00000000,2019-02-06 15:00:06.000,TOTAL,,UTAH,CROPS,,,NOT SPECIFIED,UTAH,"17,000,000",BU,,,,OFF FARM,,,9000,"GRAIN STORAGE CAPACITY, OFF FARM - CAPACITY, MEASURED IN BU",12,GRAIN STORAGE CAPACITY,ALL CLASSES,FIRST OF DEC,ALL PRODUCTION PRACTICES,49,12,49
SURVEY,POINT IN TIME,UT,UNITED STATES,2014,,STATE,,FIELD CROPS,,CAPACITY,00000000,2019-02-06 15:00:06.000,TOTAL,,UTAH,CROPS,,,NOT SPECIFIED,UTAH,"17,000,000",BU,,,,OFF FARM,,,9000,"GRAIN STORAGE CAPACITY, OFF FARM - CAPACITY, MEASURED IN BU",12,GRAIN STORAGE CAPACITY,ALL CLASSES,FIRST OF DEC,ALL PRODUCTION PRACTICES,49,12,49
SURVEY,POINT IN TIME,UT,UNITED STATES,2013,,STATE,,FIELD CROPS,,CAPACITY,00000000,2019-02-06 15:00:06.000,TOTAL,,UTAH,CROPS,,,NOT SPECIFIED,UTAH,"17,000,000",BU,,,,OFF FARM,,,9000,"GRAIN STORAGE CAPACITY, OFF FARM - CAPACITY, MEASURED IN BU",12,GRAIN STORAGE CAPACITY,ALL CLASSES,FIRST OF DEC,ALL PRODUCTION PRACTICES,49,12,49
SURVEY,POINT IN TIME,UT,UNITED STATES,2012,,STATE,,FIELD CROPS,,CAPACITY,00000000,2014-11-03 15:18:45.000,TOTAL,,UTAH,CROPS,,,NOT SPECIFIED,UTAH,"17,000,000",BU,,,,OFF FARM,,,9000,"GRAIN STORAGE CAPACITY, OFF FARM - CAPACITY, MEASURED IN BU",12,GRAIN STORAGE CAPACITY,ALL CLASSES,FIRST OF DEC,ALL PRODUCTION PRACTICES,49,12,49
SURVEY,POINT IN TIME,UT,UNITED STATES,2011,,STATE,,FIELD CROPS,,CAPACITY,00000000,2014-11-03 15:18:45.000,TOTAL,,UTAH,CROPS,,,NOT SPECIFIED,UTAH,"17,000,000",BU,,,,OFF FARM,,,9000,"GRAIN STORAGE CAPACITY, OFF FARM - CAPACITY, MEASURED IN BU",12,GRAIN STORAGE CAPACITY,ALL CLASSES,FIRST OF DEC,ALL PRODUCTION PRACTICES,49,12,49
SURVEY,POINT IN TIME,UT,UNITED STATES,2010,,STATE,,FIELD CROPS,,CAPACITY,00000000,2014-11-03 15:18:45.000,TOTAL,,UTAH,CROPS,,,NOT SPECIFIED,UTAH,"17,000,000",BU,,,,OFF FARM,,,9000,"GRAIN STORAGE CAPACITY, OFF FARM - CAPACITY, MEASURED IN BU",12,GRAIN STORAGE CAPACITY,ALL CLASSES,FIRST OF DEC,ALL PRODUCTION PRACTICES,49,12,49
SURVEY,POINT IN TIME,VA,UNITED STATES,2025,,STATE,,FIELD CROPS,,CAPACITY,00000000,2026-01-12 12:00:00.000,TOTAL,,VIRGINIA,CROPS,,,NOT SPECIFIED,VIRGINIA,"40,000,000",BU,,,,OFF FARM,,,9000,"GRAIN STORAGE CAPACITY, OFF FARM - CAPACITY, MEASURED IN BU",12,GRAIN STORAGE CAPACITY,ALL CLASSES,FIRST OF DEC,ALL PRODUCTION PRACTICES,51,12,51
SURVEY,POINT IN TIME,VA,UNITED STATES,2024,,STATE,,FIELD CROPS,,CAPACITY,00000000,2026-01-12 12:00:00.000,TOTAL,,VIRGINIA,CROPS,,,NOT SPECIFIED,VIRGINIA,"39,000,000",BU,,,,OFF FARM,,,9000,"GRAIN STORAGE CAPACITY, OFF FARM - CAPACITY, MEASURED IN BU",12,GRAIN STORAGE CAPACITY,ALL CLASSES,FIRST OF DEC,ALL PRODUCTION PRACTICES,51,12,51
SURVEY,POINT IN TIME,VA,UNITED STATES,2023,,STATE,,FIELD CROPS,,CAPACITY,00000000,2025-01-10 12:00:00.000,TOTAL,,VIRGINIA,CROPS,,,NOT SPECIFIED,VIRGINIA,"39,000,000",BU,,,,OFF FARM,,,9000,"GRAIN STORAGE CAPACITY, OFF FARM - CAPACITY, MEASURED IN BU",12,GRAIN STORAGE CAPACITY,ALL CLASSES,FIRST OF DEC,ALL PRODUCTION PRACTICES,51,12,51
SURVEY,POINT IN TIME,VA,UNITED STATES,2022,,STATE,,FIELD CROPS,,CAPACITY,00000000,2024-01-09 15:00:00.000,TOTAL,,VIRGINIA,CROPS,,,NOT SPECIFIED,VIRGINIA,"39,000,000",BU,,,,OFF FARM,,,9000,"GRAIN STORAGE CAPACITY, OFF FARM - CAPACITY, MEASURED IN BU",12,GRAIN STORAGE CAPACITY,ALL CLASSES,FIRST OF DEC,ALL PRODUCTION PRACTICES,51,12,51
SURVEY,POINT IN TIME,VA,UNITED STATES,2021,,STATE,,FIELD CROPS,,CAPACITY,00000000,2024-01-09 15:00:00.000,TOTAL,,VIRGINIA,CROPS,,,NOT SPECIFIED,VIRGINIA,"39,000,000",BU,,,,OFF FARM,,,9000,"GRAIN STORAGE CAPACITY, OFF FARM - CAPACITY, MEASURED IN BU",12,GRAIN STORAGE CAPACITY,ALL CLASSES,FIRST OF DEC,ALL PRODUCTION PRACTICES,51,12,51
SURVEY,POINT IN TIME,VA,UNITED STATES,2020,,STATE,,FIELD CROPS,,CAPACITY,00000000,2024-01-09 15:00:00.000,TOTAL,,VIRGINIA,CROPS,,,NOT SPECIFIED,VIRGINIA,"39,000,000",BU,,,,OFF FARM,,,9000,"GRAIN STORAGE CAPACITY, OFF FARM - CAPACITY, MEASURED IN BU",12,GRAIN STORAGE CAPACITY,ALL CLASSES,FIRST OF DEC,ALL PRODUCTION PRACTICES,51,12,51
SURVEY,POINT IN TIME,VA,UNITED STATES,2019,,STATE,,FIELD CROPS,,CAPACITY,00000000,2024-01-09 15:00:00.000,TOTAL,,VIRGINIA,CROPS,,,NOT SPECIFIED,VIRGINIA,"39,000,000",BU,,,,OFF FARM,,,9000,"GRAIN STORAGE CAPACITY, OFF FARM - CAPACITY, MEASURED IN BU",12,GRAIN STORAGE CAPACITY,ALL CLASSES,FIRST OF DEC,ALL PRODUCTION PRACTICES,51,12,51
SURVEY,POINT IN TIME,VA,UNITED STATES,2018,,STATE,,FIELD CROPS,,CAPACITY,00000000,2024-01-09 15:00:00.000,TOTAL,,VIRGINIA,CROPS,,,NOT SPECIFIED,VIRGINIA,"38,000,000",BU,,,,OFF FARM,,,9000,"GRAIN STORAGE CAPACITY, OFF FARM - CAPACITY, MEASURED IN BU",12,GRAIN STORAGE CAPACITY,ALL CLASSES,FIRST OF DEC,ALL PRODUCTION PRACTICES,51,12,51
SURVEY,POINT IN TIME,VA,UNITED STATES,2017,,STATE,,FIELD CROPS,,CAPACITY,00000000,2019-02-06 15:00:06.000,TOTAL,,VIRGINIA,CROPS,,,NOT SPECIFIED,VIRGINIA,"37,000,000",BU,,,,OFF FARM,,,9000,"GRAIN STORAGE CAPACITY, OFF FARM - CAPACITY, MEASURED IN BU",12,GRAIN STORAGE CAPACITY,ALL CLASSES,FIRST OF DEC,ALL PRODUCTION PRACTICES,51,12,51
SURVEY,POINT IN TIME,VA,UNITED STATES,2016,,STATE,,FIELD CROPS,,CAPACITY,00000000,2019-02-06 15:00:06.000,TOTAL,,VIRGINIA,CROPS,,,NOT SPECIFIED,VIRGINIA,"37,000,000",BU,,,,OFF FARM,,,9000,"GRAIN STORAGE CAPACITY, OFF FARM - CAPACITY, MEASURED IN BU",12,GRAIN STORAGE CAPACITY,ALL CLASSES,FIRST OF DEC,ALL PRODUCTION PRACTICES,51,12,51
SURVEY,POINT IN TIME,VA,UNITED STATES,2015,,STATE,,FIELD CROPS,,CAPACITY,00000000,2019-02-06 15:00:06.000,TOTAL,,VIRGINIA,CROPS,,,NOT SPECIFIED,VIRGINIA,"36,000,000",BU,,,,OFF FARM,,,9000,"GRAIN STORAGE CAPACITY, OFF FARM - CAPACITY, MEASURED IN BU",12,GRAIN STORAGE CAPACITY,ALL CLASSES,FIRST OF DEC,ALL PRODUCTION PRACTICES,51,12,51
SURVEY,POINT IN TIME,VA,UNITED STATES,2014,,STATE,,FIELD CROPS,,CAPACITY,00000000,2019-02-06 15:00:06.000,TOTAL,,VIRGINIA,CROPS,,,NOT SPECIFIED,VIRGINIA,"35,000,000",BU,,,,OFF FARM,,,9000,"GRAIN STORAGE CAPACITY, OFF FARM - CAPACITY, MEASURED IN BU",12,GRAIN STORAGE CAPACITY,ALL CLASSES,FIRST OF DEC,ALL PRODUCTION PRACTICES,51,12,51
SURVEY,POINT IN TIME,VA,UNITED STATES,2013,,STATE,,FIELD CROPS,,CAPACITY,00000000,2019-02-06 15:00:06.000,TOTAL,,VIRGINIA,CROPS,,,NOT SPECIFIED,VIRGINIA,"35,000,000",BU,,,,OFF FARM,,,9000,"GRAIN STORAGE CAPACITY, OFF FARM - CAPACITY, MEASURED IN BU",12,GRAIN STORAGE CAPACITY,ALL CLASSES,FIRST OF DEC,ALL PRODUCTION PRACTICES,51,12,51
SURVEY,POINT IN TIME,VA,UNITED STATES,2012,,STATE,,FIELD CROPS,,CAPACITY,00000000,2014-11-03 15:18:45.000,TOTAL,,VIRGINIA,CROPS,,,NOT SPECIFIED,VIRGINIA,"35,000,000",BU,,,,OFF FARM,,,9000,"GRAIN STORAGE CAPACITY, OFF FARM - CAPACITY, MEASURED IN BU",12,GRAIN STORAGE CAPACITY,ALL CLASSES,FIRST OF DEC,ALL PRODUCTION PRACTICES,51,12,51
SURVEY,POINT IN TIME,VA,UNITED STATES,2011,,STATE,,FIELD CROPS,,CAPACITY,00000000,2014-11-03 15:18:45.000,TOTAL,,VIRGINIA,CROPS,,,NOT SPECIFIED,VIRGINIA,"33,200,000",BU,,,,OFF FARM,,,9000,"GRAIN STORAGE CAPACITY, OFF FARM - CAPACITY, MEASURED IN BU",12,GRAIN STORAGE CAPACITY,ALL CLASSES,FIRST OF DEC,ALL PRODUCTION PRACTICES,51,12,51
SURVEY,POINT IN TIME,VA,UNITED STATES,2010,,STATE,,FIELD CROPS,,CAPACITY,00000000,2014-11-03 15:18:45.000,TOTAL,,VIRGINIA,CROPS,,,NOT SPECIFIED,VIRGINIA,"31,800,000",BU,,,,OFF FARM,,,9000,"GRAIN STORAGE CAPACITY, OFF FARM - CAPACITY, MEASURED IN BU",12,GRAIN STORAGE CAPACITY,ALL CLASSES,FIRST OF DEC,ALL PRODUCTION PRACTICES,51,12,51
SURVEY,POINT IN TIME,WA,UNITED STATES,2025,,STATE,,FIELD CROPS,,CAPACITY,00000000,2026-01-12 12:00:00.000,TOTAL,,WASHINGTON,CROPS,,,NOT SPECIFIED,WASHINGTON,"250,000,000",BU,,,,OFF FARM,,,9000,"GRAIN STORAGE CAPACITY, OFF FARM - CAPACITY, MEASURED IN BU",12,GRAIN STORAGE CAPACITY,ALL CLASSES,FIRST OF DEC,ALL PRODUCTION PRACTICES,53,12,53
SURVEY,POINT IN TIME,WA,UNITED STATES,2024,,STATE,,FIELD CROPS,,CAPACITY,00000000,2026-01-12 12:00:00.000,TOTAL,,WASHINGTON,CROPS,,,NOT SPECIFIED,WASHINGTON,"250,000,000",BU,,,,OFF FARM,,,9000,"GRAIN STORAGE CAPACITY, OFF FARM - CAPACITY, MEASURED IN BU",12,GRAIN STORAGE CAPACITY,ALL CLASSES,FIRST OF DEC,ALL PRODUCTION PRACTICES,53,12,53
SURVEY,POINT IN TIME,WA,UNITED STATES,2023,,STATE,,FIELD CROPS,,CAPACITY,00000000,2025-01-10 12:00:00.000,TOTAL,,WASHINGTON,CROPS,,,NOT SPECIFIED,WASHINGTON,"250,000,000",BU,,,,OFF FARM,,,9000,"GRAIN STORAGE CAPACITY, OFF FARM - CAPACITY, MEASURED IN BU",12,GRAIN STORAGE CAPACITY,ALL CLASSES,FIRST OF DEC,ALL PRODUCTION PRACTICES,53,12,53
SURVEY,POINT IN TIME,WA,UNITED STATES,2022,,STATE,,FIELD CROPS,,CAPACITY,00000000,2024-01-09 15:00:00.000,TOTAL,,WASHINGTON,CROPS,,,NOT SPECIFIED,WASHINGTON,"240,000,000",BU,,,,OFF FARM,,,9000,"GRAIN STORAGE CAPACITY, OFF FARM - CAPACITY, MEASURED IN BU",12,GRAIN STORAGE CAPACITY,ALL CLASSES,FIRST OF DEC,ALL PRODUCTION PRACTICES,53,12,53
SURVEY,POINT IN TIME,WA,UNITED STATES,2021,,STATE,,FIELD CROPS,,CAPACITY,00000000,2024-01-09 15:00:00.000,TOTAL,,WASHINGTON,CROPS,,,NOT SPECIFIED,WASHINGTON,"240,000,000",BU,,,,OFF FARM,,,9000,"GRAIN STORAGE CAPACITY, OFF FARM - CAPACITY, MEASURED IN BU",12,GRAIN STORAGE CAPACITY,ALL CLASSES,FIRST OF DEC,ALL PRODUCTION PRACTICES,53,12,53
SURVEY,POINT IN TIME,WA,UNITED STATES,2020,,STATE,,FIELD CROPS,,CAPACITY,00000000,2024-01-09 15:00:00.000,TOTAL,,WASHINGTON,CROPS,,,NOT SPECIFIED,WASHINGTON,"240,000,000",BU,,,,OFF FARM,,,9000,"GRAIN STORAGE CAPACITY, OFF FARM - CAPACITY, MEASURED IN BU",12,GRAIN STORAGE CAPACITY,ALL CLASSES,FIRST OF DEC,ALL PRODUCTION PRACTICES,53,12,53
SURVEY,POINT IN TIME,WA,UNITED STATES,2019,,STATE,,FIELD CROPS,,CAPACITY,00000000,2024-01-09 15:00:00.000,TOTAL,,WASHINGTON,CROPS,,,NOT SPECIFIED,WASHINGTON,"240,000,000",BU,,,,OFF FARM,,,9000,"GRAIN STORAGE CAPACITY, OFF FARM - CAPACITY, MEASURED IN BU",12,GRAIN STORAGE CAPACITY,ALL CLASSES,FIRST OF DEC,ALL PRODUCTION PRACTICES,53,12,53
SURVEY,POINT IN TIME,WA,UNITED STATES,2018,,STATE,,FIELD CROPS,,CAPACITY,00000000,2024-01-09 15:00:00.000,TOTAL,,WASHINGTON,CROPS,,,NOT SPECIFIED,WASHINGTON,"235,000,000",BU,,,,OFF FARM,,,9000,"GRAIN STORAGE CAPACITY, OFF FARM - CAPACITY, MEASURED IN BU",12,GRAIN STORAGE CAPACITY,ALL CLASSES,FIRST OF DEC,ALL PRODUCTION PRACTICES,53,12,53
SURVEY,POINT IN TIME,WA,UNITED STATES,2017,,STATE,,FIELD CROPS,,CAPACITY,00000000,2019-02-06 15:00:06.000,TOTAL,,WASHINGTON,CROPS,,,NOT SPECIFIED,WASHINGTON,"230,000,000",BU,,,,OFF FARM,,,9000,"GRAIN STORAGE CAPACITY, OFF FARM - CAPACITY, MEASURED IN BU",12,GRAIN STORAGE CAPACITY,ALL CLASSES,FIRST OF DEC,ALL PRODUCTION PRACTICES,53,12,53
SURVEY,POINT IN TIME,WA,UNITED STATES,2016,,STATE,,FIELD CROPS,,CAPACITY,00000000,2019-02-06 15:00:06.000,TOTAL,,WASHINGTON,CROPS,,,NOT SPECIFIED,WASHINGTON,"230,000,000",BU,,,,OFF FARM,,,9000,"GRAIN STORAGE CAPACITY, OFF FARM - CAPACITY, MEASURED IN BU",12,GRAIN STORAGE CAPACITY,ALL CLASSES,FIRST OF DEC,ALL PRODUCTION PRACTICES,53,12,53
SURVEY,POINT IN TIME,WA,UNITED STATES,2015,,STATE,,FIELD CROPS,,CAPACITY,00000000,2019-02-06 15:00:06.000,TOTAL,,WASHINGTON,CROPS,,,NOT SPECIFIED,WASHINGTON,"222,100,000",BU,,,,OFF FARM,,,9000,"GRAIN STORAGE CAPACITY, OFF FARM - CAPACITY, MEASURED IN BU",12,GRAIN STORAGE CAPACITY,ALL CLASSES,FIRST OF DEC,ALL PRODUCTION PRACTICES,53,12,53
SURVEY,POINT IN TIME,WA,UNITED STATES,2014,,STATE,,FIELD CROPS,,CAPACITY,00000000,2019-02-06 15:00:06.000,TOTAL,,WASHINGTON,CROPS,,,NOT SPECIFIED,WASHINGTON,"222,100,000",BU,,,,OFF FARM,,,9000,"GRAIN STORAGE CAPACITY, OFF FARM - CAPACITY, MEASURED IN BU",12,GRAIN STORAGE CAPACITY,ALL CLASSES,FIRST OF DEC,ALL PRODUCTION PRACTICES,53,12,53
SURVEY,POINT IN TIME,WA,UNITED STATES,2013,,STATE,,FIELD CROPS,,CAPACITY,00000000,2019-02-06 15:00:06.000,TOTAL,,WASHINGTON,CROPS,,,NOT SPECIFIED,WASHINGTON,"222,200,000",BU,,,,OFF FARM,,,9000,"GRAIN STORAGE CAPACITY, OFF FARM - CAPACITY, MEASURED IN BU",12,GRAIN STORAGE CAPACITY,ALL CLASSES,FIRST OF DEC,ALL PRODUCTION PRACTICES,53,12,53
SURVEY,POINT IN TIME,WA,UNITED STATES,2012,,STATE,,FIELD CROPS,,CAPACITY,00000000,2014-11-03 15:18:45.000,TOTAL,,WASHINGTON,CROPS,,,NOT SPECIFIED,WASHINGTON,"217,600,000",BU,,,,OFF FARM,,,9000,"GRAIN STORAGE CAPACITY, OFF FARM - CAPACITY, MEASURED IN BU",12,GRAIN STORAGE CAPACITY,ALL CLASSES,FIRST OF DEC,ALL PRODUCTION PRACTICES,53,12,53
SURVEY,POINT IN TIME,WA,UNITED STATES,2011,,STATE,,FIELD CROPS,,CAPACITY,00000000,2014-11-03 15:18:45.000,TOTAL,,WASHINGTON,CROPS,,,NOT SPECIFIED,WASHINGTON,"213,800,000",BU,,,,OFF FARM,,,9000,"GRAIN STORAGE CAPACITY, OFF FARM - CAPACITY, MEASURED IN BU",12,GRAIN STORAGE CAPACITY,ALL CLASSES,FIRST OF DEC,ALL PRODUCTION PRACTICES,53,12,53
SURVEY,POINT IN TIME,WA,UNITED STATES,2010,,STATE,,FIELD CROPS,,CAPACITY,00000000,2014-11-03 15:18:45.000,TOTAL,,WASHINGTON,CROPS,,,NOT SPECIFIED,WASHINGTON,"204,900,000",BU,,,,OFF FARM,,,9000,"GRAIN STORAGE CAPACITY, OFF FARM - CAPACITY, MEASURED IN BU",12,GRAIN STORAGE CAPACITY,ALL CLASSES,FIRST OF DEC,ALL PRODUCTION PRACTICES,53,12,53
SURVEY,POINT IN TIME,WV,UNITED STATES,2018,,STATE,,FIELD CROPS,,CAPACITY,00000000,2019-02-08 12:04:51.000,TOTAL,,WEST VIRGINIA,CROPS,,,NOT SPECIFIED,WEST VIRGINIA,                 (D),BU,,,,OFF FARM,,,9000,"GRAIN STORAGE CAPACITY, OFF FARM - CAPACITY, MEASURED IN BU",12,GRAIN STORAGE CAPACITY,ALL CLASSES,FIRST OF DEC,ALL PRODUCTION PRACTICES,54,12,54
SURVEY,POINT IN TIME,WI,UNITED STATES,2025,,STATE,,FIELD CROPS,,CAPACITY,00000000,2026-01-12 12:00:00.000,TOTAL,,WISCONSIN,CROPS,,,NOT SPECIFIED,WISCONSIN,"405,000,000",BU,,,,OFF FARM,,,9000,"GRAIN STORAGE CAPACITY, OFF FARM - CAPACITY, MEASURED IN BU",12,GRAIN STORAGE CAPACITY,ALL CLASSES,FIRST OF DEC,ALL PRODUCTION PRACTICES,55,12,55
SURVEY,POINT IN TIME,WI,UNITED STATES,2024,,STATE,,FIELD CROPS,,CAPACITY,00000000,2026-01-12 12:00:00.000,TOTAL,,WISCONSIN,CROPS,,,NOT SPECIFIED,WISCONSIN,"405,000,000",BU,,,,OFF FARM,,,9000,"GRAIN STORAGE CAPACITY, OFF FARM - CAPACITY, MEASURED IN BU",12,GRAIN STORAGE CAPACITY,ALL CLASSES,FIRST OF DEC,ALL PRODUCTION PRACTICES,55,12,55
SURVEY,POINT IN TIME,WI,UNITED STATES,2023,,STATE,,FIELD CROPS,,CAPACITY,00000000,2025-01-10 12:00:00.000,TOTAL,,WISCONSIN,CROPS,,,NOT SPECIFIED,WISCONSIN,"405,000,000",BU,,,,OFF FARM,,,9000,"GRAIN STORAGE CAPACITY, OFF FARM - CAPACITY, MEASURED IN BU",12,GRAIN STORAGE CAPACITY,ALL CLASSES,FIRST OF DEC,ALL PRODUCTION PRACTICES,55,12,55
SURVEY,POINT IN TIME,WI,UNITED STATES,2022,,STATE,,FIELD CROPS,,CAPACITY,00000000,2024-01-09 15:00:00.000,TOTAL,,WISCONSIN,CROPS,,,NOT SPECIFIED,WISCONSIN,"405,000,000",BU,,,,OFF FARM,,,9000,"GRAIN STORAGE CAPACITY, OFF FARM - CAPACITY, MEASURED IN BU",12,GRAIN STORAGE CAPACITY,ALL CLASSES,FIRST OF DEC,ALL PRODUCTION PRACTICES,55,12,55
SURVEY,POINT IN TIME,WI,UNITED STATES,2021,,STATE,,FIELD CROPS,,CAPACITY,00000000,2024-01-09 15:00:00.000,TOTAL,,WISCONSIN,CROPS,,,NOT SPECIFIED,WISCONSIN,"405,000,000",BU,,,,OFF FARM,,,9000,"GRAIN STORAGE CAPACITY, OFF FARM - CAPACITY, MEASURED IN BU",12,GRAIN STORAGE CAPACITY,ALL CLASSES,FIRST OF DEC,ALL PRODUCTION PRACTICES,55,12,55
SURVEY,POINT IN TIME,WI,UNITED STATES,2020,,STATE,,FIELD CROPS,,CAPACITY,00000000,2024-01-09 15:00:00.000,TOTAL,,WISCONSIN,CROPS,,,NOT SPECIFIED,WISCONSIN,"405,000,000",BU,,,,OFF FARM,,,9000,"GRAIN STORAGE CAPACITY, OFF FARM - CAPACITY, MEASURED IN BU",12,GRAIN STORAGE CAPACITY,ALL CLASSES,FIRST OF DEC,ALL PRODUCTION PRACTICES,55,12,55
SURVEY,POINT IN TIME,WI,UNITED STATES,2019,,STATE,,FIELD CROPS,,CAPACITY,00000000,2024-01-09 15:00:00.000,TOTAL,,WISCONSIN,CROPS,,,NOT SPECIFIED,WISCONSIN,"395,000,000",BU,,,,OFF FARM,,,9000,"GRAIN STORAGE CAPACITY, OFF FARM - CAPACITY, MEASURED IN BU",12,GRAIN STORAGE CAPACITY,ALL CLASSES,FIRST OF DEC,ALL PRODUCTION PRACTICES,55,12,55
SURVEY,POINT IN TIME,WI,UNITED STATES,2018,,STATE,,FIELD CROPS,,CAPACITY,00000000,2024-01-09 15:00:00.000,TOTAL,,WISCONSIN,CROPS,,,NOT SPECIFIED,WISCONSIN,"380,000,000",BU,,,,OFF FARM,,,9000,"GRAIN STORAGE CAPACITY, OFF FARM - CAPACITY, MEASURED IN BU",12,GRAIN STORAGE CAPACITY,ALL CLASSES,FIRST OF DEC,ALL PRODUCTION PRACTICES,55,12,55
SURVEY,POINT IN TIME,WI,UNITED STATES,2017,,STATE,,FIELD CROPS,,CAPACITY,00000000,2019-02-06 15:00:06.000,TOTAL,,WISCONSIN,CROPS,,,NOT SPECIFIED,WISCONSIN,"360,000,000",BU,,,,OFF FARM,,,9000,"GRAIN STORAGE CAPACITY, OFF FARM - CAPACITY, MEASURED IN BU",12,GRAIN STORAGE CAPACITY,ALL CLASSES,FIRST OF DEC,ALL PRODUCTION PRACTICES,55,12,55
SURVEY,POINT IN TIME,WI,UNITED STATES,2016,,STATE,,FIELD CROPS,,CAPACITY,00000000,2019-02-06 15:00:06.000,TOTAL,,WISCONSIN,CROPS,,,NOT SPECIFIED,WISCONSIN,"360,000,000",BU,,,,OFF FARM,,,9000,"GRAIN STORAGE CAPACITY, OFF FARM - CAPACITY, MEASURED IN BU",12,GRAIN STORAGE CAPACITY,ALL CLASSES,FIRST OF DEC,ALL PRODUCTION PRACTICES,55,12,55
SURVEY,POINT IN TIME,WI,UNITED STATES,2015,,STATE,,FIELD CROPS,,CAPACITY,00000000,2019-02-06 15:00:06.000,TOTAL,,WISCONSIN,CROPS,,,NOT SPECIFIED,WISCONSIN,"355,000,000",BU,,,,OFF FARM,,,9000,"GRAIN STORAGE CAPACITY, OFF FARM - CAPACITY, MEASURED IN BU",12,GRAIN STORAGE CAPACITY,ALL CLASSES,FIRST OF DEC,ALL PRODUCTION PRACTICES,55,12,55
SURVEY,POINT IN TIME,WI,UNITED STATES,2014,,STATE,,FIELD CROPS,,CAPACITY,00000000,2019-02-06 15:00:06.000,TOTAL,,WISCONSIN,CROPS,,,NOT SPECIFIED,WISCONSIN,"340,000,000",BU,,,,OFF FARM,,,9000,"GRAIN STORAGE CAPACITY, OFF FARM - CAPACITY, MEASURED IN BU",12,GRAIN STORAGE CAPACITY,ALL CLASSES,FIRST OF DEC,ALL PRODUCTION PRACTICES,55,12,55
SURVEY,POINT IN TIME,WI,UNITED STATES,2013,,STATE,,FIELD CROPS,,CAPACITY,00000000,2019-02-06 15:00:06.000,TOTAL,,WISCONSIN,CROPS,,,NOT SPECIFIED,WISCONSIN,"335,000,000",BU,,,,OFF FARM,,,9000,"GRAIN STORAGE CAPACITY, OFF FARM - CAPACITY, MEASURED IN BU",12,GRAIN STORAGE CAPACITY,ALL CLASSES,FIRST OF DEC,ALL PRODUCTION PRACTICES,55,12,55
SURVEY,POINT IN TIME,WI,UNITED STATES,2012,,STATE,,FIELD CROPS,,CAPACITY,00000000,2014-11-03 15:18:45.000,TOTAL,,WISCONSIN,CROPS,,,NOT SPECIFIED,WISCONSIN,"320,000,000",BU,,,,OFF FARM,,,9000,"GRAIN STORAGE CAPACITY, OFF FARM - CAPACITY, MEASURED IN BU",12,GRAIN STORAGE CAPACITY,ALL CLASSES,FIRST OF DEC,ALL PRODUCTION PRACTICES,55,12,55
SURVEY,POINT IN TIME,WI,UNITED STATES,2011,,STATE,,FIELD CROPS,,CAPACITY,00000000,2014-11-03 15:18:45.000,TOTAL,,WISCONSIN,CROPS,,,NOT SPECIFIED,WISCONSIN,"317,400,000",BU,,,,OFF FARM,,,9000,"GRAIN STORAGE CAPACITY, OFF FARM - CAPACITY, MEASURED IN BU",12,GRAIN STORAGE CAPACITY,ALL CLASSES,FIRST OF DEC,ALL PRODUCTION PRACTICES,55,12,55
SURVEY,POINT IN TIME,WI,UNITED STATES,2010,,STATE,,FIELD CROPS,,CAPACITY,00000000,2014-11-03 15:18:45.000,TOTAL,,WISCONSIN,CROPS,,,NOT SPECIFIED,WISCONSIN,"299,690,000",BU,,,,OFF FARM,,,9000,"GRAIN STORAGE CAPACITY, OFF FARM - CAPACITY, MEASURED IN BU",12,GRAIN STORAGE CAPACITY,ALL CLASSES,FIRST OF DEC,ALL PRODUCTION PRACTICES,55,12,55
SURVEY,POINT IN TIME,WY,UNITED STATES,2025,,STATE,,FIELD CROPS,,CAPACITY,00000000,2026-01-12 12:00:00.000,TOTAL,,WYOMING,CROPS,,,NOT SPECIFIED,WYOMING,"11,000,000",BU,,,,OFF FARM,,,9000,"GRAIN STORAGE CAPACITY, OFF FARM - CAPACITY, MEASURED IN BU",12,GRAIN STORAGE CAPACITY,ALL CLASSES,FIRST OF DEC,ALL PRODUCTION PRACTICES,56,12,56
SURVEY,POINT IN TIME,WY,UNITED STATES,2024,,STATE,,FIELD CROPS,,CAPACITY,00000000,2026-01-12 12:00:00.000,TOTAL,,WYOMING,CROPS,,,NOT SPECIFIED,WYOMING,"11,000,000",BU,,,,OFF FARM,,,9000,"GRAIN STORAGE CAPACITY, OFF FARM - CAPACITY, MEASURED IN BU",12,GRAIN STORAGE CAPACITY,ALL CLASSES,FIRST OF DEC,ALL PRODUCTION PRACTICES,56,12,56
SURVEY,POINT IN TIME,WY,UNITED STATES,2023,,STATE,,FIELD CROPS,,CAPACITY,00000000,2025-01-10 12:00:00.000,TOTAL,,WYOMING,CROPS,,,NOT SPECIFIED,WYOMING,"11,000,000",BU,,,,OFF FARM,,,9000,"GRAIN STORAGE CAPACITY, OFF FARM - CAPACITY, MEASURED IN BU",12,GRAIN STORAGE CAPACITY,ALL CLASSES,FIRST OF DEC,ALL PRODUCTION PRACTICES,56,12,56
SURVEY,POINT IN TIME,WY,UNITED STATES,2022,,STATE,,FIELD CROPS,,CAPACITY,00000000,2024-01-09 15:00:00.000,TOTAL,,WYOMING,CROPS,,,NOT SPECIFIED,WYOMING,"11,000,000",BU,,,,OFF FARM,,,9000,"GRAIN STORAGE CAPACITY, OFF FARM - CAPACITY, MEASURED IN BU",12,GRAIN STORAGE CAPACITY,ALL CLASSES,FIRST OF DEC,ALL PRODUCTION PRACTICES,56,12,56
SURVEY,POINT IN TIME,WY,UNITED STATES,2021,,STATE,,FIELD CROPS,,CAPACITY,00000000,2024-01-09 15:00:00.000,TOTAL,,WYOMING,CROPS,,,NOT SPECIFIED,WYOMING,"11,000,000",BU,,,,OFF FARM,,,9000,"GRAIN STORAGE CAPACITY, OFF FARM - CAPACITY, MEASURED IN BU",12,GRAIN STORAGE CAPACITY,ALL CLASSES,FIRST OF DEC,ALL PRODUCTION PRACTICES,56,12,56
SURVEY,POINT IN TIME,WY,UNITED STATES,2020,,STATE,,FIELD CROPS,,CAPACITY,00000000,2024-01-09 15:00:00.000,TOTAL,,WYOMING,CROPS,,,NOT SPECIFIED,WYOMING,"11,000,000",BU,,,,OFF FARM,,,9000,"GRAIN STORAGE CAPACITY, OFF FARM - CAPACITY, MEASURED IN BU",12,GRAIN STORAGE CAPACITY,ALL CLASSES,FIRST OF DEC,ALL PRODUCTION PRACTICES,56,12,56
SURVEY,POINT IN TIME,WY,UNITED STATES,2019,,STATE,,FIELD CROPS,,CAPACITY,00000000,2024-01-09 15:00:00.000,TOTAL,,WYOMING,CROPS,,,NOT SPECIFIED,WYOMING,"11,000,000",BU,,,,OFF FARM,,,9000,"GRAIN STORAGE CAPACITY, OFF FARM - CAPACITY, MEASURED IN BU",12,GRAIN STORAGE CAPACITY,ALL CLASSES,FIRST OF DEC,ALL PRODUCTION PRACTICES,56,12,56
SURVEY,POINT IN TIME,WY,UNITED STATES,2018,,STATE,,FIELD CROPS,,CAPACITY,00000000,2024-01-09 15:00:00.000,TOTAL,,WYOMING,CROPS,,,NOT SPECIFIED,WYOMING,"11,000,000",BU,,,,OFF FARM,,,9000,"GRAIN STORAGE CAPACITY, OFF FARM - CAPACITY, MEASURED IN BU",12,GRAIN STORAGE CAPACITY,ALL CLASSES,FIRST OF DEC,ALL PRODUCTION PRACTICES,56,12,56
SURVEY,POINT IN TIME,WY,UNITED STATES,2017,,STATE,,FIELD CROPS,,CAPACITY,00000000,2019-02-06 15:00:06.000,TOTAL,,WYOMING,CROPS,,,NOT SPECIFIED,WYOMING,"12,000,000",BU,,,,OFF FARM,,,9000,"GRAIN STORAGE CAPACITY, OFF FARM - CAPACITY, MEASURED IN BU",12,GRAIN STORAGE CAPACITY,ALL CLASSES,FIRST OF DEC,ALL PRODUCTION PRACTICES,56,12,56
SURVEY,POINT IN TIME,WY,UNITED STATES,2016,,STATE,,FIELD CROPS,,CAPACITY,00000000,2019-02-06 15:00:06.000,TOTAL,,WYOMING,CROPS,,,NOT SPECIFIED,WYOMING,"11,000,000",BU,,,,OFF FARM,,,9000,"GRAIN STORAGE CAPACITY, OFF FARM - CAPACITY, MEASURED IN BU",12,GRAIN STORAGE CAPACITY,ALL CLASSES,FIRST OF DEC,ALL PRODUCTION PRACTICES,56,12,56
SURVEY,POINT IN TIME,WY,UNITED STATES,2015,,STATE,,FIELD CROPS,,CAPACITY,00000000,2019-02-06 15:00:06.000,TOTAL,,WYOMING,CROPS,,,NOT SPECIFIED,WYOMING,"11,000,000",BU,,,,OFF FARM,,,9000,"GRAIN STORAGE CAPACITY, OFF FARM - CAPACITY, MEASURED IN BU",12,GRAIN STORAGE CAPACITY,ALL CLASSES,FIRST OF DEC,ALL PRODUCTION PRACTICES,56,12,56
SURVEY,POINT IN TIME,WY,UNITED STATES,2014,,STATE,,FIELD CROPS,,CAPACITY,00000000,2019-02-06 15:00:06.000,TOTAL,,WYOMING,CROPS,,,NOT SPECIFIED,WYOMING,"10,000,000",BU,,,,OFF FARM,,,9000,"GRAIN STORAGE CAPACITY, OFF FARM - CAPACITY, MEASURED IN BU",12,GRAIN STORAGE CAPACITY,ALL CLASSES,FIRST OF DEC,ALL PRODUCTION PRACTICES,56,12,56
SURVEY,POINT IN TIME,WY,UNITED STATES,2013,,STATE,,FIELD CROPS,,CAPACITY,00000000,2019-02-06 15:00:06.000,TOTAL,,WYOMING,CROPS,,,NOT SPECIFIED,WYOMING,"10,000,000",BU,,,,OFF FARM,,,9000,"GRAIN STORAGE CAPACITY, OFF FARM - CAPACITY, MEASURED IN BU",12,GRAIN STORAGE CAPACITY,ALL CLASSES,FIRST OF DEC,ALL PRODUCTION PRACTICES,56,12,56
SURVEY,POINT IN TIME,WY,UNITED STATES,2012,,STATE,,FIELD CROPS,,CAPACITY,00000000,2014-11-03 15:18:45.000,TOTAL,,WYOMING,CROPS,,,NOT SPECIFIED,WYOMING,"10,000,000",BU,,,,OFF FARM,,,9000,"GRAIN STORAGE CAPACITY, OFF FARM - CAPACITY, MEASURED IN BU",12,GRAIN STORAGE CAPACITY,ALL CLASSES,FIRST OF DEC,ALL PRODUCTION PRACTICES,56,12,56
SURVEY,POINT IN TIME,WY,UNITED STATES,2011,,STATE,,FIELD CROPS,,CAPACITY,00000000,2014-11-03 15:18:45.000,TOTAL,,WYOMING,CROPS,,,NOT SPECIFIED,WYOMING,"10,000,000",BU,,,,OFF FARM,,,9000,"GRAIN STORAGE CAPACITY, OFF FARM - CAPACITY, MEASURED IN BU",12,GRAIN STORAGE CAPACITY,ALL CLASSES,FIRST OF DEC,ALL PRODUCTION PRACTICES,56,12,56
SURVEY,POINT IN TIME,WY,UNITED STATES,2010,,STATE,,FIELD CROPS,,CAPACITY,00000000,2014-11-03 15:18:45.000,TOTAL,,WYOMING,CROPS,,,NOT SPECIFIED,WYOMING,"10,000,000",BU,,,,OFF FARM,,,9000,"GRAIN STORAGE CAPACITY, OFF FARM - CAPACITY, MEASURED IN BU",12,GRAIN STORAGE CAPACITY,ALL CLASSES,FIRST OF DEC,ALL PRODUCTION PRACTICES,56,12,56
SURVEY,POINT IN TIME,OT,UNITED STATES,2025,,STATE,,FIELD CROPS,,CAPACITY,00000000,2026-01-12 12:00:00.000,TOTAL,,OTHER STATES,CROPS,,,NOT SPECIFIED,OTHER STATES,"360,000,000",BU,,,,ON FARM,,,9000,"GRAIN STORAGE CAPACITY, ON FARM - CAPACITY, MEASURED IN BU",12,GRAIN STORAGE CAPACITY,ALL CLASSES,FIRST OF DEC,ALL PRODUCTION PRACTICES,,12,98
SURVEY,POINT IN TIME,OT,UNITED STATES,2024,,STATE,,FIELD CROPS,,CAPACITY,00000000,2026-01-12 12:00:00.000,TOTAL,,OTHER STATES,CROPS,,,NOT SPECIFIED,OTHER STATES,"350,000,000",BU,,,,ON FARM,,,9000,"GRAIN STORAGE CAPACITY, ON FARM - CAPACITY, MEASURED IN BU",12,GRAIN STORAGE CAPACITY,ALL CLASSES,FIRST OF DEC,ALL PRODUCTION PRACTICES,,12,98
SURVEY,POINT IN TIME,OT,UNITED STATES,2023,,STATE,,FIELD CROPS,,CAPACITY,00000000,2025-01-10 12:00:00.000,TOTAL,,OTHER STATES,CROPS,,,NOT SPECIFIED,OTHER STATES,"350,000,000",BU,,,,ON FARM,,,9000,"GRAIN STORAGE CAPACITY, ON FARM - CAPACITY, MEASURED IN BU",12,GRAIN STORAGE CAPACITY,ALL CLASSES,FIRST OF DEC,ALL PRODUCTION PRACTICES,,12,98
SURVEY,POINT IN TIME,OT,UNITED STATES,2022,,STATE,,FIELD CROPS,,CAPACITY,00000000,2024-01-09 15:00:00.000,TOTAL,,OTHER STATES,CROPS,,,NOT SPECIFIED,OTHER STATES,"340,000,000",BU,,,,ON FARM,,,9000,"GRAIN STORAGE CAPACITY, ON FARM - CAPACITY, MEASURED IN BU",12,GRAIN STORAGE CAPACITY,ALL CLASSES,FIRST OF DEC,ALL PRODUCTION PRACTICES,,12,98
SURVEY,POINT IN TIME,OT,UNITED STATES,2021,,STATE,,FIELD CROPS,,CAPACITY,00000000,2024-01-09 15:00:00.000,TOTAL,,OTHER STATES,CROPS,,,NOT SPECIFIED,OTHER STATES,"340,000,000",BU,,,,ON FARM,,,9000,"GRAIN STORAGE CAPACITY, ON FARM - CAPACITY, MEASURED IN BU",12,GRAIN STORAGE CAPACITY,ALL CLASSES,FIRST OF DEC,ALL PRODUCTION PRACTICES,,12,98
SURVEY,POINT IN TIME,OT,UNITED STATES,2020,,STATE,,FIELD CROPS,,CAPACITY,00000000,2024-01-09 15:00:00.000,TOTAL,,OTHER STATES,CROPS,,,NOT SPECIFIED,OTHER STATES,"330,000,000",BU,,,,ON FARM,,,9000,"GRAIN STORAGE CAPACITY, ON FARM - CAPACITY, MEASURED IN BU",12,GRAIN STORAGE CAPACITY,ALL CLASSES,FIRST OF DEC,ALL PRODUCTION PRACTICES,,12,98
SURVEY,POINT IN TIME,OT,UNITED STATES,2019,,STATE,,FIELD CROPS,,CAPACITY,00000000,2024-01-09 15:00:00.000,TOTAL,,OTHER STATES,CROPS,,,NOT SPECIFIED,OTHER STATES,"330,000,000",BU,,,,ON FARM,,,9000,"GRAIN STORAGE CAPACITY, ON FARM - CAPACITY, MEASURED IN BU",12,GRAIN STORAGE CAPACITY,ALL CLASSES,FIRST OF DEC,ALL PRODUCTION PRACTICES,,12,98
SURVEY,POINT IN TIME,OT,UNITED STATES,2018,,STATE,,FIELD CROPS,,CAPACITY,00000000,2024-01-09 15:00:00.000,TOTAL,,OTHER STATES,CROPS,,,NOT SPECIFIED,OTHER STATES,"320,000,000",BU,,,,ON FARM,,,9000,"GRAIN STORAGE CAPACITY, ON FARM - CAPACITY, MEASURED IN BU",12,GRAIN STORAGE CAPACITY,ALL CLASSES,FIRST OF DEC,ALL PRODUCTION PRACTICES,,12,98
SURVEY,POINT IN TIME,OT,UNITED STATES,2017,,STATE,,FIELD CROPS,,CAPACITY,00000000,2019-02-06 15:00:06.000,TOTAL,,OTHER STATES,CROPS,,,NOT SPECIFIED,OTHER STATES,"320,000,000",BU,,,,ON FARM,,,9000,"GRAIN STORAGE CAPACITY, ON FARM - CAPACITY, MEASURED IN BU",12,GRAIN STORAGE CAPACITY,ALL CLASSES,FIRST OF DEC,ALL PRODUCTION PRACTICES,,12,98
SURVEY,POINT IN TIME,OT,UNITED STATES,2016,,STATE,,FIELD CROPS,,CAPACITY,00000000,2019-02-06 15:00:06.000,TOTAL,,OTHER STATES,CROPS,,,NOT SPECIFIED,OTHER STATES,"320,000,000",BU,,,,ON FARM,,,9000,"GRAIN STORAGE CAPACITY, ON FARM - CAPACITY, MEASURED IN BU",12,GRAIN STORAGE CAPACITY,ALL CLASSES,FIRST OF DEC,ALL PRODUCTION PRACTICES,,12,98
SURVEY,POINT IN TIME,OT,UNITED STATES,2015,,STATE,,FIELD CROPS,,CAPACITY,00000000,2019-02-06 15:00:06.000,TOTAL,,OTHER STATES,CROPS,,,NOT SPECIFIED,OTHER STATES,"315,000,000",BU,,,,ON FARM,,,9000,"GRAIN STORAGE CAPACITY, ON FARM - CAPACITY, MEASURED IN BU",12,GRAIN STORAGE CAPACITY,ALL CLASSES,FIRST OF DEC,ALL PRODUCTION PRACTICES,,12,98
SURVEY,POINT IN TIME,OT,UNITED STATES,2014,,STATE,,FIELD CROPS,,CAPACITY,00000000,2019-02-06 15:00:06.000,TOTAL,,OTHER STATES,CROPS,,,NOT SPECIFIED,OTHER STATES,"310,000,000",BU,,,,ON FARM,,,9000,"GRAIN STORAGE CAPACITY, ON FARM - CAPACITY, MEASURED IN BU",12,GRAIN STORAGE CAPACITY,ALL CLASSES,FIRST OF DEC,ALL PRODUCTION PRACTICES,,12,98
SURVEY,POINT IN TIME,OT,UNITED STATES,2013,,STATE,,FIELD CROPS,,CAPACITY,00000000,2019-02-06 15:00:06.000,TOTAL,,OTHER STATES,CROPS,,,NOT SPECIFIED,OTHER STATES,"310,000,000",BU,,,,ON FARM,,,9000,"GRAIN STORAGE CAPACITY, ON FARM - CAPACITY, MEASURED IN BU",12,GRAIN STORAGE CAPACITY,ALL CLASSES,FIRST OF DEC,ALL PRODUCTION PRACTICES,,12,98
SURVEY,POINT IN TIME,OT,UNITED STATES,2012,,STATE,,FIELD CROPS,,CAPACITY,00000000,2014-01-10 12:26:24.000,TOTAL,,OTHER STATES,CROPS,,,NOT SPECIFIED,OTHER STATES,"310,000,000",BU,,,,ON FARM,,,9000,"GRAIN STORAGE CAPACITY, ON FARM - CAPACITY, MEASURED IN BU",12,GRAIN STORAGE CAPACITY,ALL CLASSES,FIRST OF DEC,ALL PRODUCTION PRACTICES,,12,98
SURVEY,POINT IN TIME,OT,UNITED STATES,2011,,STATE,,FIELD CROPS,,CAPACITY,00000000,2013-01-11 16:24:53.000,TOTAL,,OTHER STATES,CROPS,,,NOT SPECIFIED,OTHER STATES,"300,000,000",BU,,,,ON FARM,,,9000,"GRAIN STORAGE CAPACITY, ON FARM - CAPACITY, MEASURED IN BU",12,GRAIN STORAGE CAPACITY,ALL CLASSES,FIRST OF DEC,ALL PRODUCTION PRACTICES,,12,98
SURVEY,POINT IN TIME,OT,UNITED STATES,2010,,STATE,,FIELD CROPS,,CAPACITY,00000000,2012-01-01 00:00:00.000,TOTAL,,OTHER STATES,CROPS,,,NOT SPECIFIED,OTHER STATES,"300,000,000",BU,,,,ON FARM,,,9000,"GRAIN STORAGE CAPACITY, ON FARM - CAPACITY, MEASURED IN BU",12,GRAIN STORAGE CAPACITY,ALL CLASSES,FIRST OF DEC,ALL PRODUCTION PRACTICES,,12,98
SURVEY,POINT IN TIME,AL,UNITED STATES,2025,,STATE,,FIELD CROPS,,CAPACITY,00000000,2026-01-12 12:00:00.000,TOTAL,,ALABAMA,CROPS,,,NOT SPECIFIED,ALABAMA,"36,000,000",BU,,,,ON FARM,,,9000,"GRAIN STORAGE CAPACITY, ON FARM - CAPACITY, MEASURED IN BU",12,GRAIN STORAGE CAPACITY,ALL CLASSES,FIRST OF DEC,ALL PRODUCTION PRACTICES,01,12,01
SURVEY,POINT IN TIME,AL,UNITED STATES,2024,,STATE,,FIELD CROPS,,CAPACITY,00000000,2026-01-12 12:00:00.000,TOTAL,,ALABAMA,CROPS,,,NOT SPECIFIED,ALABAMA,"36,000,000",BU,,,,ON FARM,,,9000,"GRAIN STORAGE CAPACITY, ON FARM - CAPACITY, MEASURED IN BU",12,GRAIN STORAGE CAPACITY,ALL CLASSES,FIRST OF DEC,ALL PRODUCTION PRACTICES,01,12,01
SURVEY,POINT IN TIME,AL,UNITED STATES,2023,,STATE,,FIELD CROPS,,CAPACITY,00000000,2025-01-10 12:00:00.000,TOTAL,,ALABAMA,CROPS,,,NOT SPECIFIED,ALABAMA,"35,000,000",BU,,,,ON FARM,,,9000,"GRAIN STORAGE CAPACITY, ON FARM - CAPACITY, MEASURED IN BU",12,GRAIN STORAGE CAPACITY,ALL CLASSES,FIRST OF DEC,ALL PRODUCTION PRACTICES,01,12,01
SURVEY,POINT IN TIME,AL,UNITED STATES,2022,,STATE,,FIELD CROPS,,CAPACITY,00000000,2024-01-09 15:00:00.000,TOTAL,,ALABAMA,CROPS,,,NOT SPECIFIED,ALABAMA,"35,000,000",BU,,,,ON FARM,,,9000,"GRAIN STORAGE CAPACITY, ON FARM - CAPACITY, MEASURED IN BU",12,GRAIN STORAGE CAPACITY,ALL CLASSES,FIRST OF DEC,ALL PRODUCTION PRACTICES,01,12,01
SURVEY,POINT IN TIME,AL,UNITED STATES,2021,,STATE,,FIELD CROPS,,CAPACITY,00000000,2024-01-09 15:00:00.000,TOTAL,,ALABAMA,CROPS,,,NOT SPECIFIED,ALABAMA,"35,000,000",BU,,,,ON FARM,,,9000,"GRAIN STORAGE CAPACITY, ON FARM - CAPACITY, MEASURED IN BU",12,GRAIN STORAGE CAPACITY,ALL CLASSES,FIRST OF DEC,ALL PRODUCTION PRACTICES,01,12,01
SURVEY,POINT IN TIME,AL,UNITED STATES,2020,,STATE,,FIELD CROPS,,CAPACITY,00000000,2024-01-09 15:00:00.000,TOTAL,,ALABAMA,CROPS,,,NOT SPECIFIED,ALABAMA,"35,000,000",BU,,,,ON FARM,,,9000,"GRAIN STORAGE CAPACITY, ON FARM - CAPACITY, MEASURED IN BU",12,GRAIN STORAGE CAPACITY,ALL CLASSES,FIRST OF DEC,ALL PRODUCTION PRACTICES,01,12,01
SURVEY,POINT IN TIME,AL,UNITED STATES,2019,,STATE,,FIELD CROPS,,CAPACITY,00000000,2024-01-09 15:00:00.000,TOTAL,,ALABAMA,CROPS,,,NOT SPECIFIED,ALABAMA,"35,000,000",BU,,,,ON FARM,,,9000,"GRAIN STORAGE CAPACITY, ON FARM - CAPACITY, MEASURED IN BU",12,GRAIN STORAGE CAPACITY,ALL CLASSES,FIRST OF DEC,ALL PRODUCTION PRACTICES,01,12,01
SURVEY,POINT IN TIME,AL,UNITED STATES,2018,,STATE,,FIELD CROPS,,CAPACITY,00000000,2024-01-09 15:00:00.000,TOTAL,,ALABAMA,CROPS,,,NOT SPECIFIED,ALABAMA,"35,000,000",BU,,,,ON FARM,,,9000,"GRAIN STORAGE CAPACITY, ON FARM - CAPACITY, MEASURED IN BU",12,GRAIN STORAGE CAPACITY,ALL CLASSES,FIRST OF DEC,ALL PRODUCTION PRACTICES,01,12,01
SURVEY,POINT IN TIME,AL,UNITED STATES,2017,,STATE,,FIELD CROPS,,CAPACITY,00000000,2019-02-06 15:00:06.000,TOTAL,,ALABAMA,CROPS,,,NOT SPECIFIED,ALABAMA,"35,000,000",BU,,,,ON FARM,,,9000,"GRAIN STORAGE CAPACITY, ON FARM - CAPACITY, MEASURED IN BU",12,GRAIN STORAGE CAPACITY,ALL CLASSES,FIRST OF DEC,ALL PRODUCTION PRACTICES,01,12,01
SURVEY,POINT IN TIME,AL,UNITED STATES,2016,,STATE,,FIELD CROPS,,CAPACITY,00000000,2019-02-06 15:00:06.000,TOTAL,,ALABAMA,CROPS,,,NOT SPECIFIED,ALABAMA,"35,000,000",BU,,,,ON FARM,,,9000,"GRAIN STORAGE CAPACITY, ON FARM - CAPACITY, MEASURED IN BU",12,GRAIN STORAGE CAPACITY,ALL CLASSES,FIRST OF DEC,ALL PRODUCTION PRACTICES,01,12,01
SURVEY,POINT IN TIME,AL,UNITED STATES,2015,,STATE,,FIELD CROPS,,CAPACITY,00000000,2019-02-06 15:00:06.000,TOTAL,,ALABAMA,CROPS,,,NOT SPECIFIED,ALABAMA,"35,000,000",BU,,,,ON FARM,,,9000,"GRAIN STORAGE CAPACITY, ON FARM - CAPACITY, MEASURED IN BU",12,GRAIN STORAGE CAPACITY,ALL CLASSES,FIRST OF DEC,ALL PRODUCTION PRACTICES,01,12,01
SURVEY,POINT IN TIME,AL,UNITED STATES,2014,,STATE,,FIELD CROPS,,CAPACITY,00000000,2019-02-06 15:00:06.000,TOTAL,,ALABAMA,CROPS,,,NOT SPECIFIED,ALABAMA,"35,000,000",BU,,,,ON FARM,,,9000,"GRAIN STORAGE CAPACITY, ON FARM - CAPACITY, MEASURED IN BU",12,GRAIN STORAGE CAPACITY,ALL CLASSES,FIRST OF DEC,ALL PRODUCTION PRACTICES,01,12,01
SURVEY,POINT IN TIME,AL,UNITED STATES,2013,,STATE,,FIELD CROPS,,CAPACITY,00000000,2019-02-06 15:00:06.000,TOTAL,,ALABAMA,CROPS,,,NOT SPECIFIED,ALABAMA,"35,000,000",BU,,,,ON FARM,,,9000,"GRAIN STORAGE CAPACITY, ON FARM - CAPACITY, MEASURED IN BU",12,GRAIN STORAGE CAPACITY,ALL CLASSES,FIRST OF DEC,ALL PRODUCTION PRACTICES,01,12,01
SURVEY,POINT IN TIME,AL,UNITED STATES,2012,,STATE,,FIELD CROPS,,CAPACITY,00000000,2014-11-03 15:18:45.000,TOTAL,,ALABAMA,CROPS,,,NOT SPECIFIED,ALABAMA,"35,000,000",BU,,,,ON FARM,,,9000,"GRAIN STORAGE CAPACITY, ON FARM - CAPACITY, MEASURED IN BU",12,GRAIN STORAGE CAPACITY,ALL CLASSES,FIRST OF DEC,ALL PRODUCTION PRACTICES,01,12,01
SURVEY,POINT IN TIME,AL,UNITED STATES,2011,,STATE,,FIELD CROPS,,CAPACITY,00000000,2014-11-03 15:18:45.000,TOTAL,,ALABAMA,CROPS,,,NOT SPECIFIED,ALABAMA,"35,000,000",BU,,,,ON FARM,,,9000,"GRAIN STORAGE CAPACITY, ON FARM - CAPACITY, MEASURED IN BU",12,GRAIN STORAGE CAPACITY,ALL CLASSES,FIRST OF DEC,ALL PRODUCTION PRACTICES,01,12,01
SURVEY,POINT IN TIME,AL,UNITED STATES,2010,,STATE,,FIELD CROPS,,CAPACITY,00000000,2014-11-03 15:18:45.000,TOTAL,,ALABAMA,CROPS,,,NOT SPECIFIED,ALABAMA,"35,000,000",BU,,,,ON FARM,,,9000,"GRAIN STORAGE CAPACITY, ON FARM - CAPACITY, MEASURED IN BU",12,GRAIN STORAGE CAPACITY,ALL CLASSES,FIRST OF DEC,ALL PRODUCTION PRACTICES,01,12,01
SURVEY,POINT IN TIME,AR,UNITED STATES,2025,,STATE,,FIELD CROPS,,CAPACITY,00000000,2026-01-12 12:00:00.000,TOTAL,,ARKANSAS,CROPS,,,NOT SPECIFIED,ARKANSAS,"235,000,000",BU,,,,ON FARM,,,9000,"GRAIN STORAGE CAPACITY, ON FARM - CAPACITY, MEASURED IN BU",12,GRAIN STORAGE CAPACITY,ALL CLASSES,FIRST OF DEC,ALL PRODUCTION PRACTICES,05,12,05
SURVEY,POINT IN TIME,AR,UNITED STATES,2024,,STATE,,FIELD CROPS,,CAPACITY,00000000,2026-01-12 12:00:00.000,TOTAL,,ARKANSAS,CROPS,,,NOT SPECIFIED,ARKANSAS,"235,000,000",BU,,,,ON FARM,,,9000,"GRAIN STORAGE CAPACITY, ON FARM - CAPACITY, MEASURED IN BU",12,GRAIN STORAGE CAPACITY,ALL CLASSES,FIRST OF DEC,ALL PRODUCTION PRACTICES,05,12,05
SURVEY,POINT IN TIME,AR,UNITED STATES,2023,,STATE,,FIELD CROPS,,CAPACITY,00000000,2025-01-10 12:00:00.000,TOTAL,,ARKANSAS,CROPS,,,NOT SPECIFIED,ARKANSAS,"230,000,000",BU,,,,ON FARM,,,9000,"GRAIN STORAGE CAPACITY, ON FARM - CAPACITY, MEASURED IN BU",12,GRAIN STORAGE CAPACITY,ALL CLASSES,FIRST OF DEC,ALL PRODUCTION PRACTICES,05,12,05
SURVEY,POINT IN TIME,AR,UNITED STATES,2022,,STATE,,FIELD CROPS,,CAPACITY,00000000,2024-01-09 15:00:00.000,TOTAL,,ARKANSAS,CROPS,,,NOT SPECIFIED,ARKANSAS,"230,000,000",BU,,,,ON FARM,,,9000,"GRAIN STORAGE CAPACITY, ON FARM - CAPACITY, MEASURED IN BU",12,GRAIN STORAGE CAPACITY,ALL CLASSES,FIRST OF DEC,ALL PRODUCTION PRACTICES,05,12,05
SURVEY,POINT IN TIME,AR,UNITED STATES,2021,,STATE,,FIELD CROPS,,CAPACITY,00000000,2024-01-09 15:00:00.000,TOTAL,,ARKANSAS,CROPS,,,NOT SPECIFIED,ARKANSAS,"230,000,000",BU,,,,ON FARM,,,9000,"GRAIN STORAGE CAPACITY, ON FARM - CAPACITY, MEASURED IN BU",12,GRAIN STORAGE CAPACITY,ALL CLASSES,FIRST OF DEC,ALL PRODUCTION PRACTICES,05,12,05
SURVEY,POINT IN TIME,AR,UNITED STATES,2020,,STATE,,FIELD CROPS,,CAPACITY,00000000,2024-01-09 15:00:00.000,TOTAL,,ARKANSAS,CROPS,,,NOT SPECIFIED,ARKANSAS,"230,000,000",BU,,,,ON FARM,,,9000,"GRAIN STORAGE CAPACITY, ON FARM - CAPACITY, MEASURED IN BU",12,GRAIN STORAGE CAPACITY,ALL CLASSES,FIRST OF DEC,ALL PRODUCTION PRACTICES,05,12,05
SURVEY,POINT IN TIME,AR,UNITED STATES,2019,,STATE,,FIELD CROPS,,CAPACITY,00000000,2024-01-09 15:00:00.000,TOTAL,,ARKANSAS,CROPS,,,NOT SPECIFIED,ARKANSAS,"230,000,000",BU,,,,ON FARM,,,9000,"GRAIN STORAGE CAPACITY, ON FARM - CAPACITY, MEASURED IN BU",12,GRAIN STORAGE CAPACITY,ALL CLASSES,FIRST OF DEC,ALL PRODUCTION PRACTICES,05,12,05
SURVEY,POINT IN TIME,AR,UNITED STATES,2018,,STATE,,FIELD CROPS,,CAPACITY,00000000,2024-01-09 15:00:00.000,TOTAL,,ARKANSAS,CROPS,,,NOT SPECIFIED,ARKANSAS,"230,000,000",BU,,,,ON FARM,,,9000,"GRAIN STORAGE CAPACITY, ON FARM - CAPACITY, MEASURED IN BU",12,GRAIN STORAGE CAPACITY,ALL CLASSES,FIRST OF DEC,ALL PRODUCTION PRACTICES,05,12,05
SURVEY,POINT IN TIME,AR,UNITED STATES,2017,,STATE,,FIELD CROPS,,CAPACITY,00000000,2019-02-06 15:00:06.000,TOTAL,,ARKANSAS,CROPS,,,NOT SPECIFIED,ARKANSAS,"235,000,000",BU,,,,ON FARM,,,9000,"GRAIN STORAGE CAPACITY, ON FARM - CAPACITY, MEASURED IN BU",12,GRAIN STORAGE CAPACITY,ALL CLASSES,FIRST OF DEC,ALL PRODUCTION PRACTICES,05,12,05
SURVEY,POINT IN TIME,AR,UNITED STATES,2016,,STATE,,FIELD CROPS,,CAPACITY,00000000,2019-02-06 15:00:06.000,TOTAL,,ARKANSAS,CROPS,,,NOT SPECIFIED,ARKANSAS,"230,000,000",BU,,,,ON FARM,,,9000,"GRAIN STORAGE CAPACITY, ON FARM - CAPACITY, MEASURED IN BU",12,GRAIN STORAGE CAPACITY,ALL CLASSES,FIRST OF DEC,ALL PRODUCTION PRACTICES,05,12,05
SURVEY,POINT IN TIME,AR,UNITED STATES,2015,,STATE,,FIELD CROPS,,CAPACITY,00000000,2019-02-06 15:00:06.000,TOTAL,,ARKANSAS,CROPS,,,NOT SPECIFIED,ARKANSAS,"225,000,000",BU,,,,ON FARM,,,9000,"GRAIN STORAGE CAPACITY, ON FARM - CAPACITY, MEASURED IN BU",12,GRAIN STORAGE CAPACITY,ALL CLASSES,FIRST OF DEC,ALL PRODUCTION PRACTICES,05,12,05
SURVEY,POINT IN TIME,AR,UNITED STATES,2014,,STATE,,FIELD CROPS,,CAPACITY,00000000,2019-02-06 15:00:06.000,TOTAL,,ARKANSAS,CROPS,,,NOT SPECIFIED,ARKANSAS,"215,000,000",BU,,,,ON FARM,,,9000,"GRAIN STORAGE CAPACITY, ON FARM - CAPACITY, MEASURED IN BU",12,GRAIN STORAGE CAPACITY,ALL CLASSES,FIRST OF DEC,ALL PRODUCTION PRACTICES,05,12,05
SURVEY,POINT IN TIME,AR,UNITED STATES,2013,,STATE,,FIELD CROPS,,CAPACITY,00000000,2019-02-06 15:00:06.000,TOTAL,,ARKANSAS,CROPS,,,NOT SPECIFIED,ARKANSAS,"210,000,000",BU,,,,ON FARM,,,9000,"GRAIN STORAGE CAPACITY, ON FARM - CAPACITY, MEASURED IN BU",12,GRAIN STORAGE CAPACITY,ALL CLASSES,FIRST OF DEC,ALL PRODUCTION PRACTICES,05,12,05
SURVEY,POINT IN TIME,AR,UNITED STATES,2012,,STATE,,FIELD CROPS,,CAPACITY,00000000,2014-11-03 15:18:45.000,TOTAL,,ARKANSAS,CROPS,,,NOT SPECIFIED,ARKANSAS,"205,000,000",BU,,,,ON FARM,,,9000,"GRAIN STORAGE CAPACITY, ON FARM - CAPACITY, MEASURED IN BU",12,GRAIN STORAGE CAPACITY,ALL CLASSES,FIRST OF DEC,ALL PRODUCTION PRACTICES,05,12,05
SURVEY,POINT IN TIME,AR,UNITED STATES,2011,,STATE,,FIELD CROPS,,CAPACITY,00000000,2014-11-03 15:18:45.000,TOTAL,,ARKANSAS,CROPS,,,NOT SPECIFIED,ARKANSAS,"200,000,000",BU,,,,ON FARM,,,9000,"GRAIN STORAGE CAPACITY, ON FARM - CAPACITY, MEASURED IN BU",12,GRAIN STORAGE CAPACITY,ALL CLASSES,FIRST OF DEC,ALL PRODUCTION PRACTICES,05,12,05
SURVEY,POINT IN TIME,AR,UNITED STATES,2010,,STATE,,FIELD CROPS,,CAPACITY,00000000,2014-11-03 15:18:45.000,TOTAL,,ARKANSAS,CROPS,,,NOT SPECIFIED,ARKANSAS,"195,000,000",BU,,,,ON FARM,,,9000,"GRAIN STORAGE CAPACITY, ON FARM - CAPACITY, MEASURED IN BU",12,GRAIN STORAGE CAPACITY,ALL CLASSES,FIRST OF DEC,ALL PRODUCTION PRACTICES,05,12,05
SURVEY,POINT IN TIME,CO,UNITED STATES,2025,,STATE,,FIELD CROPS,,CAPACITY,00000000,2026-01-12 12:00:00.000,TOTAL,,COLORADO,CROPS,,,NOT SPECIFIED,COLORADO,"160,000,000",BU,,,,ON FARM,,,9000,"GRAIN STORAGE CAPACITY, ON FARM - CAPACITY, MEASURED IN BU",12,GRAIN STORAGE CAPACITY,ALL CLASSES,FIRST OF DEC,ALL PRODUCTION PRACTICES,08,12,08
SURVEY,POINT IN TIME,CO,UNITED STATES,2024,,STATE,,FIELD CROPS,,CAPACITY,00000000,2026-01-12 12:00:00.000,TOTAL,,COLORADO,CROPS,,,NOT SPECIFIED,COLORADO,"160,000,000",BU,,,,ON FARM,,,9000,"GRAIN STORAGE CAPACITY, ON FARM - CAPACITY, MEASURED IN BU",12,GRAIN STORAGE CAPACITY,ALL CLASSES,FIRST OF DEC,ALL PRODUCTION PRACTICES,08,12,08
SURVEY,POINT IN TIME,CO,UNITED STATES,2023,,STATE,,FIELD CROPS,,CAPACITY,00000000,2025-01-10 12:00:00.000,TOTAL,,COLORADO,CROPS,,,NOT SPECIFIED,COLORADO,"160,000,000",BU,,,,ON FARM,,,9000,"GRAIN STORAGE CAPACITY, ON FARM - CAPACITY, MEASURED IN BU",12,GRAIN STORAGE CAPACITY,ALL CLASSES,FIRST OF DEC,ALL PRODUCTION PRACTICES,08,12,08
SURVEY,POINT IN TIME,CO,UNITED STATES,2022,,STATE,,FIELD CROPS,,CAPACITY,00000000,2024-01-09 15:00:00.000,TOTAL,,COLORADO,CROPS,,,NOT SPECIFIED,COLORADO,"170,000,000",BU,,,,ON FARM,,,9000,"GRAIN STORAGE CAPACITY, ON FARM - CAPACITY, MEASURED IN BU",12,GRAIN STORAGE CAPACITY,ALL CLASSES,FIRST OF DEC,ALL PRODUCTION PRACTICES,08,12,08
SURVEY,POINT IN TIME,CO,UNITED STATES,2021,,STATE,,FIELD CROPS,,CAPACITY,00000000,2024-01-09 15:00:00.000,TOTAL,,COLORADO,CROPS,,,NOT SPECIFIED,COLORADO,"170,000,000",BU,,,,ON FARM,,,9000,"GRAIN STORAGE CAPACITY, ON FARM - CAPACITY, MEASURED IN BU",12,GRAIN STORAGE CAPACITY,ALL CLASSES,FIRST OF DEC,ALL PRODUCTION PRACTICES,08,12,08
SURVEY,POINT IN TIME,CO,UNITED STATES,2020,,STATE,,FIELD CROPS,,CAPACITY,00000000,2024-01-09 15:00:00.000,TOTAL,,COLORADO,CROPS,,,NOT SPECIFIED,COLORADO,"170,000,000",BU,,,,ON FARM,,,9000,"GRAIN STORAGE CAPACITY, ON FARM - CAPACITY, MEASURED IN BU",12,GRAIN STORAGE CAPACITY,ALL CLASSES,FIRST OF DEC,ALL PRODUCTION PRACTICES,08,12,08
SURVEY,POINT IN TIME,CO,UNITED STATES,2019,,STATE,,FIELD CROPS,,CAPACITY,00000000,2024-01-09 15:00:00.000,TOTAL,,COLORADO,CROPS,,,NOT SPECIFIED,COLORADO,"170,000,000",BU,,,,ON FARM,,,9000,"GRAIN STORAGE CAPACITY, ON FARM - CAPACITY, MEASURED IN BU",12,GRAIN STORAGE CAPACITY,ALL CLASSES,FIRST OF DEC,ALL PRODUCTION PRACTICES,08,12,08
SURVEY,POINT IN TIME,CO,UNITED STATES,2018,,STATE,,FIELD CROPS,,CAPACITY,00000000,2024-01-09 15:00:00.000,TOTAL,,COLORADO,CROPS,,,NOT SPECIFIED,COLORADO,"170,000,000",BU,,,,ON FARM,,,9000,"GRAIN STORAGE CAPACITY, ON FARM - CAPACITY, MEASURED IN BU",12,GRAIN STORAGE CAPACITY,ALL CLASSES,FIRST OF DEC,ALL PRODUCTION PRACTICES,08,12,08
SURVEY,POINT IN TIME,CO,UNITED STATES,2017,,STATE,,FIELD CROPS,,CAPACITY,00000000,2019-02-06 15:00:06.000,TOTAL,,COLORADO,CROPS,,,NOT SPECIFIED,COLORADO,"180,000,000",BU,,,,ON FARM,,,9000,"GRAIN STORAGE CAPACITY, ON FARM - CAPACITY, MEASURED IN BU",12,GRAIN STORAGE CAPACITY,ALL CLASSES,FIRST OF DEC,ALL PRODUCTION PRACTICES,08,12,08
SURVEY,POINT IN TIME,CO,UNITED STATES,2016,,STATE,,FIELD CROPS,,CAPACITY,00000000,2019-02-06 15:00:06.000,TOTAL,,COLORADO,CROPS,,,NOT SPECIFIED,COLORADO,"180,000,000",BU,,,,ON FARM,,,9000,"GRAIN STORAGE CAPACITY, ON FARM - CAPACITY, MEASURED IN BU",12,GRAIN STORAGE CAPACITY,ALL CLASSES,FIRST OF DEC,ALL PRODUCTION PRACTICES,08,12,08
SURVEY,POINT IN TIME,CO,UNITED STATES,2015,,STATE,,FIELD CROPS,,CAPACITY,00000000,2019-02-06 15:00:06.000,TOTAL,,COLORADO,CROPS,,,NOT SPECIFIED,COLORADO,"170,000,000",BU,,,,ON FARM,,,9000,"GRAIN STORAGE CAPACITY, ON FARM - CAPACITY, MEASURED IN BU",12,GRAIN STORAGE CAPACITY,ALL CLASSES,FIRST OF DEC,ALL PRODUCTION PRACTICES,08,12,08
SURVEY,POINT IN TIME,CO,UNITED STATES,2014,,STATE,,FIELD CROPS,,CAPACITY,00000000,2019-02-06 15:00:06.000,TOTAL,,COLORADO,CROPS,,,NOT SPECIFIED,COLORADO,"170,000,000",BU,,,,ON FARM,,,9000,"GRAIN STORAGE CAPACITY, ON FARM - CAPACITY, MEASURED IN BU",12,GRAIN STORAGE CAPACITY,ALL CLASSES,FIRST OF DEC,ALL PRODUCTION PRACTICES,08,12,08
SURVEY,POINT IN TIME,CO,UNITED STATES,2013,,STATE,,FIELD CROPS,,CAPACITY,00000000,2019-02-06 15:00:06.000,TOTAL,,COLORADO,CROPS,,,NOT SPECIFIED,COLORADO,"170,000,000",BU,,,,ON FARM,,,9000,"GRAIN STORAGE CAPACITY, ON FARM - CAPACITY, MEASURED IN BU",12,GRAIN STORAGE CAPACITY,ALL CLASSES,FIRST OF DEC,ALL PRODUCTION PRACTICES,08,12,08
SURVEY,POINT IN TIME,CO,UNITED STATES,2012,,STATE,,FIELD CROPS,,CAPACITY,00000000,2014-11-03 15:18:45.000,TOTAL,,COLORADO,CROPS,,,NOT SPECIFIED,COLORADO,"170,000,000",BU,,,,ON FARM,,,9000,"GRAIN STORAGE CAPACITY, ON FARM - CAPACITY, MEASURED IN BU",12,GRAIN STORAGE CAPACITY,ALL CLASSES,FIRST OF DEC,ALL PRODUCTION PRACTICES,08,12,08
SURVEY,POINT IN TIME,CO,UNITED STATES,2011,,STATE,,FIELD CROPS,,CAPACITY,00000000,2014-11-03 15:18:45.000,TOTAL,,COLORADO,CROPS,,,NOT SPECIFIED,COLORADO,"170,000,000",BU,,,,ON FARM,,,9000,"GRAIN STORAGE CAPACITY, ON FARM - CAPACITY, MEASURED IN BU",12,GRAIN STORAGE CAPACITY,ALL CLASSES,FIRST OF DEC,ALL PRODUCTION PRACTICES,08,12,08
SURVEY,POINT IN TIME,CO,UNITED STATES,2010,,STATE,,FIELD CROPS,,CAPACITY,00000000,2014-11-03 15:18:45.000,TOTAL,,COLORADO,CROPS,,,NOT SPECIFIED,COLORADO,"170,000,000",BU,,,,ON FARM,,,9000,"GRAIN STORAGE CAPACITY, ON FARM - CAPACITY, MEASURED IN BU",12,GRAIN STORAGE CAPACITY,ALL CLASSES,FIRST OF DEC,ALL PRODUCTION PRACTICES,08,12,08
SURVEY,POINT IN TIME,GA,UNITED STATES,2025,,STATE,,FIELD CROPS,,CAPACITY,00000000,2026-01-12 12:00:00.000,TOTAL,,GEORGIA,CROPS,,,NOT SPECIFIED,GEORGIA,"60,000,000",BU,,,,ON FARM,,,9000,"GRAIN STORAGE CAPACITY, ON FARM - CAPACITY, MEASURED IN BU",12,GRAIN STORAGE CAPACITY,ALL CLASSES,FIRST OF DEC,ALL PRODUCTION PRACTICES,13,12,13
SURVEY,POINT IN TIME,GA,UNITED STATES,2024,,STATE,,FIELD CROPS,,CAPACITY,00000000,2026-01-12 12:00:00.000,TOTAL,,GEORGIA,CROPS,,,NOT SPECIFIED,GEORGIA,"60,000,000",BU,,,,ON FARM,,,9000,"GRAIN STORAGE CAPACITY, ON FARM - CAPACITY, MEASURED IN BU",12,GRAIN STORAGE CAPACITY,ALL CLASSES,FIRST OF DEC,ALL PRODUCTION PRACTICES,13,12,13
SURVEY,POINT IN TIME,GA,UNITED STATES,2023,,STATE,,FIELD CROPS,,CAPACITY,00000000,2025-01-10 12:00:00.000,TOTAL,,GEORGIA,CROPS,,,NOT SPECIFIED,GEORGIA,"60,000,000",BU,,,,ON FARM,,,9000,"GRAIN STORAGE CAPACITY, ON FARM - CAPACITY, MEASURED IN BU",12,GRAIN STORAGE CAPACITY,ALL CLASSES,FIRST OF DEC,ALL PRODUCTION PRACTICES,13,12,13
SURVEY,POINT IN TIME,GA,UNITED STATES,2022,,STATE,,FIELD CROPS,,CAPACITY,00000000,2024-01-09 15:00:00.000,TOTAL,,GEORGIA,CROPS,,,NOT SPECIFIED,GEORGIA,"60,000,000",BU,,,,ON FARM,,,9000,"GRAIN STORAGE CAPACITY, ON FARM - CAPACITY, MEASURED IN BU",12,GRAIN STORAGE CAPACITY,ALL CLASSES,FIRST OF DEC,ALL PRODUCTION PRACTICES,13,12,13
SURVEY,POINT IN TIME,GA,UNITED STATES,2021,,STATE,,FIELD CROPS,,CAPACITY,00000000,2024-01-09 15:00:00.000,TOTAL,,GEORGIA,CROPS,,,NOT SPECIFIED,GEORGIA,"60,000,000",BU,,,,ON FARM,,,9000,"GRAIN STORAGE CAPACITY, ON FARM - CAPACITY, MEASURED IN BU",12,GRAIN STORAGE CAPACITY,ALL CLASSES,FIRST OF DEC,ALL PRODUCTION PRACTICES,13,12,13
SURVEY,POINT IN TIME,GA,UNITED STATES,2020,,STATE,,FIELD CROPS,,CAPACITY,00000000,2024-01-09 15:00:00.000,TOTAL,,GEORGIA,CROPS,,,NOT SPECIFIED,GEORGIA,"60,000,000",BU,,,,ON FARM,,,9000,"GRAIN STORAGE CAPACITY, ON FARM - CAPACITY, MEASURED IN BU",12,GRAIN STORAGE CAPACITY,ALL CLASSES,FIRST OF DEC,ALL PRODUCTION PRACTICES,13,12,13
SURVEY,POINT IN TIME,GA,UNITED STATES,2019,,STATE,,FIELD CROPS,,CAPACITY,00000000,2024-01-09 15:00:00.000,TOTAL,,GEORGIA,CROPS,,,NOT SPECIFIED,GEORGIA,"60,000,000",BU,,,,ON FARM,,,9000,"GRAIN STORAGE CAPACITY, ON FARM - CAPACITY, MEASURED IN BU",12,GRAIN STORAGE CAPACITY,ALL CLASSES,FIRST OF DEC,ALL PRODUCTION PRACTICES,13,12,13
SURVEY,POINT IN TIME,GA,UNITED STATES,2018,,STATE,,FIELD CROPS,,CAPACITY,00000000,2024-01-09 15:00:00.000,TOTAL,,GEORGIA,CROPS,,,NOT SPECIFIED,GEORGIA,"60,000,000",BU,,,,ON FARM,,,9000,"GRAIN STORAGE CAPACITY, ON FARM - CAPACITY, MEASURED IN BU",12,GRAIN STORAGE CAPACITY,ALL CLASSES,FIRST OF DEC,ALL PRODUCTION PRACTICES,13,12,13
SURVEY,POINT IN TIME,GA,UNITED STATES,2017,,STATE,,FIELD CROPS,,CAPACITY,00000000,2019-02-06 15:00:06.000,TOTAL,,GEORGIA,CROPS,,,NOT SPECIFIED,GEORGIA,"60,000,000",BU,,,,ON FARM,,,9000,"GRAIN STORAGE CAPACITY, ON FARM - CAPACITY, MEASURED IN BU",12,GRAIN STORAGE CAPACITY,ALL CLASSES,FIRST OF DEC,ALL PRODUCTION PRACTICES,13,12,13
SURVEY,POINT IN TIME,GA,UNITED STATES,2016,,STATE,,FIELD CROPS,,CAPACITY,00000000,2019-02-06 15:00:06.000,TOTAL,,GEORGIA,CROPS,,,NOT SPECIFIED,GEORGIA,"60,000,000",BU,,,,ON FARM,,,9000,"GRAIN STORAGE CAPACITY, ON FARM - CAPACITY, MEASURED IN BU",12,GRAIN STORAGE CAPACITY,ALL CLASSES,FIRST OF DEC,ALL PRODUCTION PRACTICES,13,12,13
SURVEY,POINT IN TIME,GA,UNITED STATES,2015,,STATE,,FIELD CROPS,,CAPACITY,00000000,2019-02-06 15:00:06.000,TOTAL,,GEORGIA,CROPS,,,NOT SPECIFIED,GEORGIA,"60,000,000",BU,,,,ON FARM,,,9000,"GRAIN STORAGE CAPACITY, ON FARM - CAPACITY, MEASURED IN BU",12,GRAIN STORAGE CAPACITY,ALL CLASSES,FIRST OF DEC,ALL PRODUCTION PRACTICES,13,12,13
SURVEY,POINT IN TIME,GA,UNITED STATES,2014,,STATE,,FIELD CROPS,,CAPACITY,00000000,2019-02-06 15:00:06.000,TOTAL,,GEORGIA,CROPS,,,NOT SPECIFIED,GEORGIA,"60,000,000",BU,,,,ON FARM,,,9000,"GRAIN STORAGE CAPACITY, ON FARM - CAPACITY, MEASURED IN BU",12,GRAIN STORAGE CAPACITY,ALL CLASSES,FIRST OF DEC,ALL PRODUCTION PRACTICES,13,12,13
SURVEY,POINT IN TIME,GA,UNITED STATES,2013,,STATE,,FIELD CROPS,,CAPACITY,00000000,2019-02-06 15:00:06.000,TOTAL,,GEORGIA,CROPS,,,NOT SPECIFIED,GEORGIA,"60,000,000",BU,,,,ON FARM,,,9000,"GRAIN STORAGE CAPACITY, ON FARM - CAPACITY, MEASURED IN BU",12,GRAIN STORAGE CAPACITY,ALL CLASSES,FIRST OF DEC,ALL PRODUCTION PRACTICES,13,12,13
SURVEY,POINT IN TIME,GA,UNITED STATES,2012,,STATE,,FIELD CROPS,,CAPACITY,00000000,2014-11-03 15:18:45.000,TOTAL,,GEORGIA,CROPS,,,NOT SPECIFIED,GEORGIA,"60,000,000",BU,,,,ON FARM,,,9000,"GRAIN STORAGE CAPACITY, ON FARM - CAPACITY, MEASURED IN BU",12,GRAIN STORAGE CAPACITY,ALL CLASSES,FIRST OF DEC,ALL PRODUCTION PRACTICES,13,12,13
SURVEY,POINT IN TIME,GA,UNITED STATES,2011,,STATE,,FIELD CROPS,,CAPACITY,00000000,2014-11-03 15:18:45.000,TOTAL,,GEORGIA,CROPS,,,NOT SPECIFIED,GEORGIA,"60,000,000",BU,,,,ON FARM,,,9000,"GRAIN STORAGE CAPACITY, ON FARM - CAPACITY, MEASURED IN BU",12,GRAIN STORAGE CAPACITY,ALL CLASSES,FIRST OF DEC,ALL PRODUCTION PRACTICES,13,12,13
SURVEY,POINT IN TIME,GA,UNITED STATES,2010,,STATE,,FIELD CROPS,,CAPACITY,00000000,2014-11-03 15:18:45.000,TOTAL,,GEORGIA,CROPS,,,NOT SPECIFIED,GEORGIA,"60,000,000",BU,,,,ON FARM,,,9000,"GRAIN STORAGE CAPACITY, ON FARM - CAPACITY, MEASURED IN BU",12,GRAIN STORAGE CAPACITY,ALL CLASSES,FIRST OF DEC,ALL PRODUCTION PRACTICES,13,12,13
SURVEY,POINT IN TIME,ID,UNITED STATES,2025,,STATE,,FIELD CROPS,,CAPACITY,00000000,2026-01-12 12:00:00.000,TOTAL,,IDAHO,CROPS,,,NOT SPECIFIED,IDAHO,"130,000,000",BU,,,,ON FARM,,,9000,"GRAIN STORAGE CAPACITY, ON FARM - CAPACITY, MEASURED IN BU",12,GRAIN STORAGE CAPACITY,ALL CLASSES,FIRST OF DEC,ALL PRODUCTION PRACTICES,16,12,16
SURVEY,POINT IN TIME,ID,UNITED STATES,2024,,STATE,,FIELD CROPS,,CAPACITY,00000000,2026-01-12 12:00:00.000,TOTAL,,IDAHO,CROPS,,,NOT SPECIFIED,IDAHO,"130,000,000",BU,,,,ON FARM,,,9000,"GRAIN STORAGE CAPACITY, ON FARM - CAPACITY, MEASURED IN BU",12,GRAIN STORAGE CAPACITY,ALL CLASSES,FIRST OF DEC,ALL PRODUCTION PRACTICES,16,12,16
SURVEY,POINT IN TIME,ID,UNITED STATES,2023,,STATE,,FIELD CROPS,,CAPACITY,00000000,2025-01-10 12:00:00.000,TOTAL,,IDAHO,CROPS,,,NOT SPECIFIED,IDAHO,"130,000,000",BU,,,,ON FARM,,,9000,"GRAIN STORAGE CAPACITY, ON FARM - CAPACITY, MEASURED IN BU",12,GRAIN STORAGE CAPACITY,ALL CLASSES,FIRST OF DEC,ALL PRODUCTION PRACTICES,16,12,16
SURVEY,POINT IN TIME,ID,UNITED STATES,2022,,STATE,,FIELD CROPS,,CAPACITY,00000000,2024-01-09 15:00:00.000,TOTAL,,IDAHO,CROPS,,,NOT SPECIFIED,IDAHO,"130,000,000",BU,,,,ON FARM,,,9000,"GRAIN STORAGE CAPACITY, ON FARM - CAPACITY, MEASURED IN BU",12,GRAIN STORAGE CAPACITY,ALL CLASSES,FIRST OF DEC,ALL PRODUCTION PRACTICES,16,12,16
SURVEY,POINT IN TIME,ID,UNITED STATES,2021,,STATE,,FIELD CROPS,,CAPACITY,00000000,2024-01-09 15:00:00.000,TOTAL,,IDAHO,CROPS,,,NOT SPECIFIED,IDAHO,"130,000,000",BU,,,,ON FARM,,,9000,"GRAIN STORAGE CAPACITY, ON FARM - CAPACITY, MEASURED IN BU",12,GRAIN STORAGE CAPACITY,ALL CLASSES,FIRST OF DEC,ALL PRODUCTION PRACTICES,16,12,16
SURVEY,POINT IN TIME,ID,UNITED STATES,2020,,STATE,,FIELD CROPS,,CAPACITY,00000000,2024-01-09 15:00:00.000,TOTAL,,IDAHO,CROPS,,,NOT SPECIFIED,IDAHO,"130,000,000",BU,,,,ON FARM,,,9000,"GRAIN STORAGE CAPACITY, ON FARM - CAPACITY, MEASURED IN BU",12,GRAIN STORAGE CAPACITY,ALL CLASSES,FIRST OF DEC,ALL PRODUCTION PRACTICES,16,12,16
SURVEY,POINT IN TIME,ID,UNITED STATES,2019,,STATE,,FIELD CROPS,,CAPACITY,00000000,2024-01-09 15:00:00.000,TOTAL,,IDAHO,CROPS,,,NOT SPECIFIED,IDAHO,"130,000,000",BU,,,,ON FARM,,,9000,"GRAIN STORAGE CAPACITY, ON FARM - CAPACITY, MEASURED IN BU",12,GRAIN STORAGE CAPACITY,ALL CLASSES,FIRST OF DEC,ALL PRODUCTION PRACTICES,16,12,16
SURVEY,POINT IN TIME,ID,UNITED STATES,2018,,STATE,,FIELD CROPS,,CAPACITY,00000000,2024-01-09 15:00:00.000,TOTAL,,IDAHO,CROPS,,,NOT SPECIFIED,IDAHO,"130,000,000",BU,,,,ON FARM,,,9000,"GRAIN STORAGE CAPACITY, ON FARM - CAPACITY, MEASURED IN BU",12,GRAIN STORAGE CAPACITY,ALL CLASSES,FIRST OF DEC,ALL PRODUCTION PRACTICES,16,12,16
SURVEY,POINT IN TIME,ID,UNITED STATES,2017,,STATE,,FIELD CROPS,,CAPACITY,00000000,2019-02-06 15:00:06.000,TOTAL,,IDAHO,CROPS,,,NOT SPECIFIED,IDAHO,"130,000,000",BU,,,,ON FARM,,,9000,"GRAIN STORAGE CAPACITY, ON FARM - CAPACITY, MEASURED IN BU",12,GRAIN STORAGE CAPACITY,ALL CLASSES,FIRST OF DEC,ALL PRODUCTION PRACTICES,16,12,16
SURVEY,POINT IN TIME,ID,UNITED STATES,2016,,STATE,,FIELD CROPS,,CAPACITY,00000000,2019-02-06 15:00:06.000,TOTAL,,IDAHO,CROPS,,,NOT SPECIFIED,IDAHO,"130,000,000",BU,,,,ON FARM,,,9000,"GRAIN STORAGE CAPACITY, ON FARM - CAPACITY, MEASURED IN BU",12,GRAIN STORAGE CAPACITY,ALL CLASSES,FIRST OF DEC,ALL PRODUCTION PRACTICES,16,12,16
SURVEY,POINT IN TIME,ID,UNITED STATES,2015,,STATE,,FIELD CROPS,,CAPACITY,00000000,2019-02-06 15:00:06.000,TOTAL,,IDAHO,CROPS,,,NOT SPECIFIED,IDAHO,"130,000,000",BU,,,,ON FARM,,,9000,"GRAIN STORAGE CAPACITY, ON FARM - CAPACITY, MEASURED IN BU",12,GRAIN STORAGE CAPACITY,ALL CLASSES,FIRST OF DEC,ALL PRODUCTION PRACTICES,16,12,16
SURVEY,POINT IN TIME,ID,UNITED STATES,2014,,STATE,,FIELD CROPS,,CAPACITY,00000000,2019-02-06 15:00:06.000,TOTAL,,IDAHO,CROPS,,,NOT SPECIFIED,IDAHO,"130,000,000",BU,,,,ON FARM,,,9000,"GRAIN STORAGE CAPACITY, ON FARM - CAPACITY, MEASURED IN BU",12,GRAIN STORAGE CAPACITY,ALL CLASSES,FIRST OF DEC,ALL PRODUCTION PRACTICES,16,12,16
SURVEY,POINT IN TIME,ID,UNITED STATES,2013,,STATE,,FIELD CROPS,,CAPACITY,00000000,2019-02-06 15:00:06.000,TOTAL,,IDAHO,CROPS,,,NOT SPECIFIED,IDAHO,"130,000,000",BU,,,,ON FARM,,,9000,"GRAIN STORAGE CAPACITY, ON FARM - CAPACITY, MEASURED IN BU",12,GRAIN STORAGE CAPACITY,ALL CLASSES,FIRST OF DEC,ALL PRODUCTION PRACTICES,16,12,16
SURVEY,POINT IN TIME,ID,UNITED STATES,2012,,STATE,,FIELD CROPS,,CAPACITY,00000000,2014-11-03 15:18:45.000,TOTAL,,IDAHO,CROPS,,,NOT SPECIFIED,IDAHO,"130,000,000",BU,,,,ON FARM,,,9000,"GRAIN STORAGE CAPACITY, ON FARM - CAPACITY, MEASURED IN BU",12,GRAIN STORAGE CAPACITY,ALL CLASSES,FIRST OF DEC,ALL PRODUCTION PRACTICES,16,12,16
SURVEY,POINT IN TIME,ID,UNITED STATES,2011,,STATE,,FIELD CROPS,,CAPACITY,00000000,2014-11-03 15:18:45.000,TOTAL,,IDAHO,CROPS,,,NOT SPECIFIED,IDAHO,"130,000,000",BU,,,,ON FARM,,,9000,"GRAIN STORAGE CAPACITY, ON FARM - CAPACITY, MEASURED IN BU",12,GRAIN STORAGE CAPACITY,ALL CLASSES,FIRST OF DEC,ALL PRODUCTION PRACTICES,16,12,16
SURVEY,POINT IN TIME,ID,UNITED STATES,2010,,STATE,,FIELD CROPS,,CAPACITY,00000000,2014-11-03 15:18:45.000,TOTAL,,IDAHO,CROPS,,,NOT SPECIFIED,IDAHO,"130,000,000",BU,,,,ON FARM,,,9000,"GRAIN STORAGE CAPACITY, ON FARM - CAPACITY, MEASURED IN BU",12,GRAIN STORAGE CAPACITY,ALL CLASSES,FIRST OF DEC,ALL PRODUCTION PRACTICES,16,12,16
SURVEY,POINT IN TIME,IL,UNITED STATES,2025,,STATE,,FIELD CROPS,,CAPACITY,00000000,2026-01-12 12:00:00.000,TOTAL,,ILLINOIS,CROPS,,,NOT SPECIFIED,ILLINOIS,"1,500,000,000",BU,,,,ON FARM,,,9000,"GRAIN STORAGE CAPACITY, ON FARM - CAPACITY, MEASURED IN BU",12,GRAIN STORAGE CAPACITY,ALL CLASSES,FIRST OF DEC,ALL PRODUCTION PRACTICES,17,12,17
SURVEY,POINT IN TIME,IL,UNITED STATES,2024,,STATE,,FIELD CROPS,,CAPACITY,00000000,2026-01-12 12:00:00.000,TOTAL,,ILLINOIS,CROPS,,,NOT SPECIFIED,ILLINOIS,"1,500,000,000",BU,,,,ON FARM,,,9000,"GRAIN STORAGE CAPACITY, ON FARM - CAPACITY, MEASURED IN BU",12,GRAIN STORAGE CAPACITY,ALL CLASSES,FIRST OF DEC,ALL PRODUCTION PRACTICES,17,12,17
SURVEY,POINT IN TIME,IL,UNITED STATES,2023,,STATE,,FIELD CROPS,,CAPACITY,00000000,2025-01-10 12:00:00.000,TOTAL,,ILLINOIS,CROPS,,,NOT SPECIFIED,ILLINOIS,"1,500,000,000",BU,,,,ON FARM,,,9000,"GRAIN STORAGE CAPACITY, ON FARM - CAPACITY, MEASURED IN BU",12,GRAIN STORAGE CAPACITY,ALL CLASSES,FIRST OF DEC,ALL PRODUCTION PRACTICES,17,12,17
SURVEY,POINT IN TIME,IL,UNITED STATES,2022,,STATE,,FIELD CROPS,,CAPACITY,00000000,2024-01-09 15:00:00.000,TOTAL,,ILLINOIS,CROPS,,,NOT SPECIFIED,ILLINOIS,"1,500,000,000",BU,,,,ON FARM,,,9000,"GRAIN STORAGE CAPACITY, ON FARM - CAPACITY, MEASURED IN BU",12,GRAIN STORAGE CAPACITY,ALL CLASSES,FIRST OF DEC,ALL PRODUCTION PRACTICES,17,12,17
SURVEY,POINT IN TIME,IL,UNITED STATES,2021,,STATE,,FIELD CROPS,,CAPACITY,00000000,2024-01-09 15:00:00.000,TOTAL,,ILLINOIS,CROPS,,,NOT SPECIFIED,ILLINOIS,"1,500,000,000",BU,,,,ON FARM,,,9000,"GRAIN STORAGE CAPACITY, ON FARM - CAPACITY, MEASURED IN BU",12,GRAIN STORAGE CAPACITY,ALL CLASSES,FIRST OF DEC,ALL PRODUCTION PRACTICES,17,12,17
SURVEY,POINT IN TIME,IL,UNITED STATES,2020,,STATE,,FIELD CROPS,,CAPACITY,00000000,2024-01-09 15:00:00.000,TOTAL,,ILLINOIS,CROPS,,,NOT SPECIFIED,ILLINOIS,"1,480,000,000",BU,,,,ON FARM,,,9000,"GRAIN STORAGE CAPACITY, ON FARM - CAPACITY, MEASURED IN BU",12,GRAIN STORAGE CAPACITY,ALL CLASSES,FIRST OF DEC,ALL PRODUCTION PRACTICES,17,12,17
SURVEY,POINT IN TIME,IL,UNITED STATES,2019,,STATE,,FIELD CROPS,,CAPACITY,00000000,2024-01-09 15:00:00.000,TOTAL,,ILLINOIS,CROPS,,,NOT SPECIFIED,ILLINOIS,"1,480,000,000",BU,,,,ON FARM,,,9000,"GRAIN STORAGE CAPACITY, ON FARM - CAPACITY, MEASURED IN BU",12,GRAIN STORAGE CAPACITY,ALL CLASSES,FIRST OF DEC,ALL PRODUCTION PRACTICES,17,12,17
SURVEY,POINT IN TIME,IL,UNITED STATES,2018,,STATE,,FIELD CROPS,,CAPACITY,00000000,2024-01-09 15:00:00.000,TOTAL,,ILLINOIS,CROPS,,,NOT SPECIFIED,ILLINOIS,"1,480,000,000",BU,,,,ON FARM,,,9000,"GRAIN STORAGE CAPACITY, ON FARM - CAPACITY, MEASURED IN BU",12,GRAIN STORAGE CAPACITY,ALL CLASSES,FIRST OF DEC,ALL PRODUCTION PRACTICES,17,12,17
SURVEY,POINT IN TIME,IL,UNITED STATES,2017,,STATE,,FIELD CROPS,,CAPACITY,00000000,2019-02-06 15:00:06.000,TOTAL,,ILLINOIS,CROPS,,,NOT SPECIFIED,ILLINOIS,"1,470,000,000",BU,,,,ON FARM,,,9000,"GRAIN STORAGE CAPACITY, ON FARM - CAPACITY, MEASURED IN BU",12,GRAIN STORAGE CAPACITY,ALL CLASSES,FIRST OF DEC,ALL PRODUCTION PRACTICES,17,12,17
SURVEY,POINT IN TIME,IL,UNITED STATES,2016,,STATE,,FIELD CROPS,,CAPACITY,00000000,2019-02-06 15:00:06.000,TOTAL,,ILLINOIS,CROPS,,,NOT SPECIFIED,ILLINOIS,"1,470,000,000",BU,,,,ON FARM,,,9000,"GRAIN STORAGE CAPACITY, ON FARM - CAPACITY, MEASURED IN BU",12,GRAIN STORAGE CAPACITY,ALL CLASSES,FIRST OF DEC,ALL PRODUCTION PRACTICES,17,12,17
SURVEY,POINT IN TIME,IL,UNITED STATES,2015,,STATE,,FIELD CROPS,,CAPACITY,00000000,2019-02-06 15:00:06.000,TOTAL,,ILLINOIS,CROPS,,,NOT SPECIFIED,ILLINOIS,"1,470,000,000",BU,,,,ON FARM,,,9000,"GRAIN STORAGE CAPACITY, ON FARM - CAPACITY, MEASURED IN BU",12,GRAIN STORAGE CAPACITY,ALL CLASSES,FIRST OF DEC,ALL PRODUCTION PRACTICES,17,12,17
SURVEY,POINT IN TIME,IL,UNITED STATES,2014,,STATE,,FIELD CROPS,,CAPACITY,00000000,2019-02-06 15:00:06.000,TOTAL,,ILLINOIS,CROPS,,,NOT SPECIFIED,ILLINOIS,"1,460,000,000",BU,,,,ON FARM,,,9000,"GRAIN STORAGE CAPACITY, ON FARM - CAPACITY, MEASURED IN BU",12,GRAIN STORAGE CAPACITY,ALL CLASSES,FIRST OF DEC,ALL PRODUCTION PRACTICES,17,12,17
SURVEY,POINT IN TIME,IL,UNITED STATES,2013,,STATE,,FIELD CROPS,,CAPACITY,00000000,2019-02-06 15:00:06.000,TOTAL,,ILLINOIS,CROPS,,,NOT SPECIFIED,ILLINOIS,"1,460,000,000",BU,,,,ON FARM,,,9000,"GRAIN STORAGE CAPACITY, ON FARM - CAPACITY, MEASURED IN BU",12,GRAIN STORAGE CAPACITY,ALL CLASSES,FIRST OF DEC,ALL PRODUCTION PRACTICES,17,12,17
SURVEY,POINT IN TIME,IL,UNITED STATES,2012,,STATE,,FIELD CROPS,,CAPACITY,00000000,2014-11-03 15:18:45.000,TOTAL,,ILLINOIS,CROPS,,,NOT SPECIFIED,ILLINOIS,"1,460,000,000",BU,,,,ON FARM,,,9000,"GRAIN STORAGE CAPACITY, ON FARM - CAPACITY, MEASURED IN BU",12,GRAIN STORAGE CAPACITY,ALL CLASSES,FIRST OF DEC,ALL PRODUCTION PRACTICES,17,12,17
SURVEY,POINT IN TIME,IL,UNITED STATES,2011,,STATE,,FIELD CROPS,,CAPACITY,00000000,2014-11-03 15:18:45.000,TOTAL,,ILLINOIS,CROPS,,,NOT SPECIFIED,ILLINOIS,"1,460,000,000",BU,,,,ON FARM,,,9000,"GRAIN STORAGE CAPACITY, ON FARM - CAPACITY, MEASURED IN BU",12,GRAIN STORAGE CAPACITY,ALL CLASSES,FIRST OF DEC,ALL PRODUCTION PRACTICES,17,12,17
SURVEY,POINT IN TIME,IL,UNITED STATES,2010,,STATE,,FIELD CROPS,,CAPACITY,00000000,2014-11-03 15:18:45.000,TOTAL,,ILLINOIS,CROPS,,,NOT SPECIFIED,ILLINOIS,"1,450,000,000",BU,,,,ON FARM,,,9000,"GRAIN STORAGE CAPACITY, ON FARM - CAPACITY, MEASURED IN BU",12,GRAIN STORAGE CAPACITY,ALL CLASSES,FIRST OF DEC,ALL PRODUCTION PRACTICES,17,12,17
SURVEY,POINT IN TIME,IN,UNITED STATES,2025,,STATE,,FIELD CROPS,,CAPACITY,00000000,2026-01-12 12:00:00.000,TOTAL,,INDIANA,CROPS,,,NOT SPECIFIED,INDIANA,"860,000,000",BU,,,,ON FARM,,,9000,"GRAIN STORAGE CAPACITY, ON FARM - CAPACITY, MEASURED IN BU",12,GRAIN STORAGE CAPACITY,ALL CLASSES,FIRST OF DEC,ALL PRODUCTION PRACTICES,18,12,18
SURVEY,POINT IN TIME,IN,UNITED STATES,2024,,STATE,,FIELD CROPS,,CAPACITY,00000000,2026-01-12 12:00:00.000,TOTAL,,INDIANA,CROPS,,,NOT SPECIFIED,INDIANA,"860,000,000",BU,,,,ON FARM,,,9000,"GRAIN STORAGE CAPACITY, ON FARM - CAPACITY, MEASURED IN BU",12,GRAIN STORAGE CAPACITY,ALL CLASSES,FIRST OF DEC,ALL PRODUCTION PRACTICES,18,12,18
SURVEY,POINT IN TIME,IN,UNITED STATES,2023,,STATE,,FIELD CROPS,,CAPACITY,00000000,2025-01-10 12:00:00.000,TOTAL,,INDIANA,CROPS,,,NOT SPECIFIED,INDIANA,"860,000,000",BU,,,,ON FARM,,,9000,"GRAIN STORAGE CAPACITY, ON FARM - CAPACITY, MEASURED IN BU",12,GRAIN STORAGE CAPACITY,ALL CLASSES,FIRST OF DEC,ALL PRODUCTION PRACTICES,18,12,18
SURVEY,POINT IN TIME,IN,UNITED STATES,2022,,STATE,,FIELD CROPS,,CAPACITY,00000000,2024-01-09 15:00:00.000,TOTAL,,INDIANA,CROPS,,,NOT SPECIFIED,INDIANA,"860,000,000",BU,,,,ON FARM,,,9000,"GRAIN STORAGE CAPACITY, ON FARM - CAPACITY, MEASURED IN BU",12,GRAIN STORAGE CAPACITY,ALL CLASSES,FIRST OF DEC,ALL PRODUCTION PRACTICES,18,12,18
SURVEY,POINT IN TIME,IN,UNITED STATES,2021,,STATE,,FIELD CROPS,,CAPACITY,00000000,2024-01-09 15:00:00.000,TOTAL,,INDIANA,CROPS,,,NOT SPECIFIED,INDIANA,"860,000,000",BU,,,,ON FARM,,,9000,"GRAIN STORAGE CAPACITY, ON FARM - CAPACITY, MEASURED IN BU",12,GRAIN STORAGE CAPACITY,ALL CLASSES,FIRST OF DEC,ALL PRODUCTION PRACTICES,18,12,18
SURVEY,POINT IN TIME,IN,UNITED STATES,2020,,STATE,,FIELD CROPS,,CAPACITY,00000000,2024-01-09 15:00:00.000,TOTAL,,INDIANA,CROPS,,,NOT SPECIFIED,INDIANA,"860,000,000",BU,,,,ON FARM,,,9000,"GRAIN STORAGE CAPACITY, ON FARM - CAPACITY, MEASURED IN BU",12,GRAIN STORAGE CAPACITY,ALL CLASSES,FIRST OF DEC,ALL PRODUCTION PRACTICES,18,12,18
SURVEY,POINT IN TIME,IN,UNITED STATES,2019,,STATE,,FIELD CROPS,,CAPACITY,00000000,2024-01-09 15:00:00.000,TOTAL,,INDIANA,CROPS,,,NOT SPECIFIED,INDIANA,"860,000,000",BU,,,,ON FARM,,,9000,"GRAIN STORAGE CAPACITY, ON FARM - CAPACITY, MEASURED IN BU",12,GRAIN STORAGE CAPACITY,ALL CLASSES,FIRST OF DEC,ALL PRODUCTION PRACTICES,18,12,18
SURVEY,POINT IN TIME,IN,UNITED STATES,2018,,STATE,,FIELD CROPS,,CAPACITY,00000000,2024-01-09 15:00:00.000,TOTAL,,INDIANA,CROPS,,,NOT SPECIFIED,INDIANA,"860,000,000",BU,,,,ON FARM,,,9000,"GRAIN STORAGE CAPACITY, ON FARM - CAPACITY, MEASURED IN BU",12,GRAIN STORAGE CAPACITY,ALL CLASSES,FIRST OF DEC,ALL PRODUCTION PRACTICES,18,12,18
SURVEY,POINT IN TIME,IN,UNITED STATES,2017,,STATE,,FIELD CROPS,,CAPACITY,00000000,2019-02-06 15:00:06.000,TOTAL,,INDIANA,CROPS,,,NOT SPECIFIED,INDIANA,"850,000,000",BU,,,,ON FARM,,,9000,"GRAIN STORAGE CAPACITY, ON FARM - CAPACITY, MEASURED IN BU",12,GRAIN STORAGE CAPACITY,ALL CLASSES,FIRST OF DEC,ALL PRODUCTION PRACTICES,18,12,18
SURVEY,POINT IN TIME,IN,UNITED STATES,2016,,STATE,,FIELD CROPS,,CAPACITY,00000000,2019-02-06 15:00:06.000,TOTAL,,INDIANA,CROPS,,,NOT SPECIFIED,INDIANA,"850,000,000",BU,,,,ON FARM,,,9000,"GRAIN STORAGE CAPACITY, ON FARM - CAPACITY, MEASURED IN BU",12,GRAIN STORAGE CAPACITY,ALL CLASSES,FIRST OF DEC,ALL PRODUCTION PRACTICES,18,12,18
SURVEY,POINT IN TIME,IN,UNITED STATES,2015,,STATE,,FIELD CROPS,,CAPACITY,00000000,2019-02-06 15:00:06.000,TOTAL,,INDIANA,CROPS,,,NOT SPECIFIED,INDIANA,"850,000,000",BU,,,,ON FARM,,,9000,"GRAIN STORAGE CAPACITY, ON FARM - CAPACITY, MEASURED IN BU",12,GRAIN STORAGE CAPACITY,ALL CLASSES,FIRST OF DEC,ALL PRODUCTION PRACTICES,18,12,18
SURVEY,POINT IN TIME,IN,UNITED STATES,2014,,STATE,,FIELD CROPS,,CAPACITY,00000000,2019-02-06 15:00:06.000,TOTAL,,INDIANA,CROPS,,,NOT SPECIFIED,INDIANA,"840,000,000",BU,,,,ON FARM,,,9000,"GRAIN STORAGE CAPACITY, ON FARM - CAPACITY, MEASURED IN BU",12,GRAIN STORAGE CAPACITY,ALL CLASSES,FIRST OF DEC,ALL PRODUCTION PRACTICES,18,12,18
SURVEY,POINT IN TIME,IN,UNITED STATES,2013,,STATE,,FIELD CROPS,,CAPACITY,00000000,2019-02-06 15:00:06.000,TOTAL,,INDIANA,CROPS,,,NOT SPECIFIED,INDIANA,"830,000,000",BU,,,,ON FARM,,,9000,"GRAIN STORAGE CAPACITY, ON FARM - CAPACITY, MEASURED IN BU",12,GRAIN STORAGE CAPACITY,ALL CLASSES,FIRST OF DEC,ALL PRODUCTION PRACTICES,18,12,18
SURVEY,POINT IN TIME,IN,UNITED STATES,2012,,STATE,,FIELD CROPS,,CAPACITY,00000000,2014-11-03 15:18:45.000,TOTAL,,INDIANA,CROPS,,,NOT SPECIFIED,INDIANA,"800,000,000",BU,,,,ON FARM,,,9000,"GRAIN STORAGE CAPACITY, ON FARM - CAPACITY, MEASURED IN BU",12,GRAIN STORAGE CAPACITY,ALL CLASSES,FIRST OF DEC,ALL PRODUCTION PRACTICES,18,12,18
SURVEY,POINT IN TIME,IN,UNITED STATES,2011,,STATE,,FIELD CROPS,,CAPACITY,00000000,2014-11-03 15:18:45.000,TOTAL,,INDIANA,CROPS,,,NOT SPECIFIED,INDIANA,"800,000,000",BU,,,,ON FARM,,,9000,"GRAIN STORAGE CAPACITY, ON FARM - CAPACITY, MEASURED IN BU",12,GRAIN STORAGE CAPACITY,ALL CLASSES,FIRST OF DEC,ALL PRODUCTION PRACTICES,18,12,18
SURVEY,POINT IN TIME,IN,UNITED STATES,2010,,STATE,,FIELD CROPS,,CAPACITY,00000000,2014-11-03 15:18:45.000,TOTAL,,INDIANA,CROPS,,,NOT SPECIFIED,INDIANA,"770,000,000",BU,,,,ON FARM,,,9000,"GRAIN STORAGE CAPACITY, ON FARM - CAPACITY, MEASURED IN BU",12,GRAIN STORAGE CAPACITY,ALL CLASSES,FIRST OF DEC,ALL PRODUCTION PRACTICES,18,12,18
SURVEY,POINT IN TIME,IA,UNITED STATES,2025,,STATE,,FIELD CROPS,,CAPACITY,00000000,2026-01-12 12:00:00.000,TOTAL,,IOWA,CROPS,,,NOT SPECIFIED,IOWA,"2,050,000,000",BU,,,,ON FARM,,,9000,"GRAIN STORAGE CAPACITY, ON FARM - CAPACITY, MEASURED IN BU",12,GRAIN STORAGE CAPACITY,ALL CLASSES,FIRST OF DEC,ALL PRODUCTION PRACTICES,19,12,19
SURVEY,POINT IN TIME,IA,UNITED STATES,2024,,STATE,,FIELD CROPS,,CAPACITY,00000000,2026-01-12 12:00:00.000,TOTAL,,IOWA,CROPS,,,NOT SPECIFIED,IOWA,"2,050,000,000",BU,,,,ON FARM,,,9000,"GRAIN STORAGE CAPACITY, ON FARM - CAPACITY, MEASURED IN BU",12,GRAIN STORAGE CAPACITY,ALL CLASSES,FIRST OF DEC,ALL PRODUCTION PRACTICES,19,12,19
SURVEY,POINT IN TIME,IA,UNITED STATES,2023,,STATE,,FIELD CROPS,,CAPACITY,00000000,2025-01-10 12:00:00.000,TOTAL,,IOWA,CROPS,,,NOT SPECIFIED,IOWA,"2,050,000,000",BU,,,,ON FARM,,,9000,"GRAIN STORAGE CAPACITY, ON FARM - CAPACITY, MEASURED IN BU",12,GRAIN STORAGE CAPACITY,ALL CLASSES,FIRST OF DEC,ALL PRODUCTION PRACTICES,19,12,19
SURVEY,POINT IN TIME,IA,UNITED STATES,2022,,STATE,,FIELD CROPS,,CAPACITY,00000000,2024-01-09 15:00:00.000,TOTAL,,IOWA,CROPS,,,NOT SPECIFIED,IOWA,"2,050,000,000",BU,,,,ON FARM,,,9000,"GRAIN STORAGE CAPACITY, ON FARM - CAPACITY, MEASURED IN BU",12,GRAIN STORAGE CAPACITY,ALL CLASSES,FIRST OF DEC,ALL PRODUCTION PRACTICES,19,12,19
SURVEY,POINT IN TIME,IA,UNITED STATES,2021,,STATE,,FIELD CROPS,,CAPACITY,00000000,2024-01-09 15:00:00.000,TOTAL,,IOWA,CROPS,,,NOT SPECIFIED,IOWA,"2,050,000,000",BU,,,,ON FARM,,,9000,"GRAIN STORAGE CAPACITY, ON FARM - CAPACITY, MEASURED IN BU",12,GRAIN STORAGE CAPACITY,ALL CLASSES,FIRST OF DEC,ALL PRODUCTION PRACTICES,19,12,19
SURVEY,POINT IN TIME,IA,UNITED STATES,2020,,STATE,,FIELD CROPS,,CAPACITY,00000000,2024-01-09 15:00:00.000,TOTAL,,IOWA,CROPS,,,NOT SPECIFIED,IOWA,"2,050,000,000",BU,,,,ON FARM,,,9000,"GRAIN STORAGE CAPACITY, ON FARM - CAPACITY, MEASURED IN BU",12,GRAIN STORAGE CAPACITY,ALL CLASSES,FIRST OF DEC,ALL PRODUCTION PRACTICES,19,12,19
SURVEY,POINT IN TIME,IA,UNITED STATES,2019,,STATE,,FIELD CROPS,,CAPACITY,00000000,2024-01-09 15:00:00.000,TOTAL,,IOWA,CROPS,,,NOT SPECIFIED,IOWA,"2,100,000,000",BU,,,,ON FARM,,,9000,"GRAIN STORAGE CAPACITY, ON FARM - CAPACITY, MEASURED IN BU",12,GRAIN STORAGE CAPACITY,ALL CLASSES,FIRST OF DEC,ALL PRODUCTION PRACTICES,19,12,19
SURVEY,POINT IN TIME,IA,UNITED STATES,2018,,STATE,,FIELD CROPS,,CAPACITY,00000000,2024-01-09 15:00:00.000,TOTAL,,IOWA,CROPS,,,NOT SPECIFIED,IOWA,"2,100,000,000",BU,,,,ON FARM,,,9000,"GRAIN STORAGE CAPACITY, ON FARM - CAPACITY, MEASURED IN BU",12,GRAIN STORAGE CAPACITY,ALL CLASSES,FIRST OF DEC,ALL PRODUCTION PRACTICES,19,12,19
SURVEY,POINT IN TIME,IA,UNITED STATES,2017,,STATE,,FIELD CROPS,,CAPACITY,00000000,2019-02-06 15:00:06.000,TOTAL,,IOWA,CROPS,,,NOT SPECIFIED,IOWA,"2,100,000,000",BU,,,,ON FARM,,,9000,"GRAIN STORAGE CAPACITY, ON FARM - CAPACITY, MEASURED IN BU",12,GRAIN STORAGE CAPACITY,ALL CLASSES,FIRST OF DEC,ALL PRODUCTION PRACTICES,19,12,19
SURVEY,POINT IN TIME,IA,UNITED STATES,2016,,STATE,,FIELD CROPS,,CAPACITY,00000000,2019-02-06 15:00:06.000,TOTAL,,IOWA,CROPS,,,NOT SPECIFIED,IOWA,"2,050,000,000",BU,,,,ON FARM,,,9000,"GRAIN STORAGE CAPACITY, ON FARM - CAPACITY, MEASURED IN BU",12,GRAIN STORAGE CAPACITY,ALL CLASSES,FIRST OF DEC,ALL PRODUCTION PRACTICES,19,12,19
SURVEY,POINT IN TIME,IA,UNITED STATES,2015,,STATE,,FIELD CROPS,,CAPACITY,00000000,2019-02-06 15:00:06.000,TOTAL,,IOWA,CROPS,,,NOT SPECIFIED,IOWA,"2,000,000,000",BU,,,,ON FARM,,,9000,"GRAIN STORAGE CAPACITY, ON FARM - CAPACITY, MEASURED IN BU",12,GRAIN STORAGE CAPACITY,ALL CLASSES,FIRST OF DEC,ALL PRODUCTION PRACTICES,19,12,19
SURVEY,POINT IN TIME,IA,UNITED STATES,2014,,STATE,,FIELD CROPS,,CAPACITY,00000000,2019-02-06 15:00:06.000,TOTAL,,IOWA,CROPS,,,NOT SPECIFIED,IOWA,"2,000,000,000",BU,,,,ON FARM,,,9000,"GRAIN STORAGE CAPACITY, ON FARM - CAPACITY, MEASURED IN BU",12,GRAIN STORAGE CAPACITY,ALL CLASSES,FIRST OF DEC,ALL PRODUCTION PRACTICES,19,12,19
SURVEY,POINT IN TIME,IA,UNITED STATES,2013,,STATE,,FIELD CROPS,,CAPACITY,00000000,2019-02-06 15:00:06.000,TOTAL,,IOWA,CROPS,,,NOT SPECIFIED,IOWA,"2,000,000,000",BU,,,,ON FARM,,,9000,"GRAIN STORAGE CAPACITY, ON FARM - CAPACITY, MEASURED IN BU",12,GRAIN STORAGE CAPACITY,ALL CLASSES,FIRST OF DEC,ALL PRODUCTION PRACTICES,19,12,19
SURVEY,POINT IN TIME,IA,UNITED STATES,2012,,STATE,,FIELD CROPS,,CAPACITY,00000000,2014-11-03 15:18:45.000,TOTAL,,IOWA,CROPS,,,NOT SPECIFIED,IOWA,"2,000,000,000",BU,,,,ON FARM,,,9000,"GRAIN STORAGE CAPACITY, ON FARM - CAPACITY, MEASURED IN BU",12,GRAIN STORAGE CAPACITY,ALL CLASSES,FIRST OF DEC,ALL PRODUCTION PRACTICES,19,12,19
SURVEY,POINT IN TIME,IA,UNITED STATES,2011,,STATE,,FIELD CROPS,,CAPACITY,00000000,2014-11-03 15:18:45.000,TOTAL,,IOWA,CROPS,,,NOT SPECIFIED,IOWA,"1,950,000,000",BU,,,,ON FARM,,,9000,"GRAIN STORAGE CAPACITY, ON FARM - CAPACITY, MEASURED IN BU",12,GRAIN STORAGE CAPACITY,ALL CLASSES,FIRST OF DEC,ALL PRODUCTION PRACTICES,19,12,19
SURVEY,POINT IN TIME,IA,UNITED STATES,2010,,STATE,,FIELD CROPS,,CAPACITY,00000000,2014-11-03 15:18:45.000,TOTAL,,IOWA,CROPS,,,NOT SPECIFIED,IOWA,"1,950,000,000",BU,,,,ON FARM,,,9000,"GRAIN STORAGE CAPACITY, ON FARM - CAPACITY, MEASURED IN BU",12,GRAIN STORAGE CAPACITY,ALL CLASSES,FIRST OF DEC,ALL PRODUCTION PRACTICES,19,12,19
SURVEY,POINT IN TIME,KS,UNITED STATES,2025,,STATE,,FIELD CROPS,,CAPACITY,00000000,2026-01-12 12:00:00.000,TOTAL,,KANSAS,CROPS,,,NOT SPECIFIED,KANSAS,"385,000,000",BU,,,,ON FARM,,,9000,"GRAIN STORAGE CAPACITY, ON FARM - CAPACITY, MEASURED IN BU",12,GRAIN STORAGE CAPACITY,ALL CLASSES,FIRST OF DEC,ALL PRODUCTION PRACTICES,20,12,20
SURVEY,POINT IN TIME,KS,UNITED STATES,2024,,STATE,,FIELD CROPS,,CAPACITY,00000000,2026-01-12 12:00:00.000,TOTAL,,KANSAS,CROPS,,,NOT SPECIFIED,KANSAS,"385,000,000",BU,,,,ON FARM,,,9000,"GRAIN STORAGE CAPACITY, ON FARM - CAPACITY, MEASURED IN BU",12,GRAIN STORAGE CAPACITY,ALL CLASSES,FIRST OF DEC,ALL PRODUCTION PRACTICES,20,12,20
SURVEY,POINT IN TIME,KS,UNITED STATES,2023,,STATE,,FIELD CROPS,,CAPACITY,00000000,2025-01-10 12:00:00.000,TOTAL,,KANSAS,CROPS,,,NOT SPECIFIED,KANSAS,"385,000,000",BU,,,,ON FARM,,,9000,"GRAIN STORAGE CAPACITY, ON FARM - CAPACITY, MEASURED IN BU",12,GRAIN STORAGE CAPACITY,ALL CLASSES,FIRST OF DEC,ALL PRODUCTION PRACTICES,20,12,20
SURVEY,POINT IN TIME,KS,UNITED STATES,2022,,STATE,,FIELD CROPS,,CAPACITY,00000000,2024-01-09 15:00:00.000,TOTAL,,KANSAS,CROPS,,,NOT SPECIFIED,KANSAS,"385,000,000",BU,,,,ON FARM,,,9000,"GRAIN STORAGE CAPACITY, ON FARM - CAPACITY, MEASURED IN BU",12,GRAIN STORAGE CAPACITY,ALL CLASSES,FIRST OF DEC,ALL PRODUCTION PRACTICES,20,12,20
SURVEY,POINT IN TIME,KS,UNITED STATES,2021,,STATE,,FIELD CROPS,,CAPACITY,00000000,2024-01-09 15:00:00.000,TOTAL,,KANSAS,CROPS,,,NOT SPECIFIED,KANSAS,"385,000,000",BU,,,,ON FARM,,,9000,"GRAIN STORAGE CAPACITY, ON FARM - CAPACITY, MEASURED IN BU",12,GRAIN STORAGE CAPACITY,ALL CLASSES,FIRST OF DEC,ALL PRODUCTION PRACTICES,20,12,20
SURVEY,POINT IN TIME,KS,UNITED STATES,2020,,STATE,,FIELD CROPS,,CAPACITY,00000000,2024-01-09 15:00:00.000,TOTAL,,KANSAS,CROPS,,,NOT SPECIFIED,KANSAS,"380,000,000",BU,,,,ON FARM,,,9000,"GRAIN STORAGE CAPACITY, ON FARM - CAPACITY, MEASURED IN BU",12,GRAIN STORAGE CAPACITY,ALL CLASSES,FIRST OF DEC,ALL PRODUCTION PRACTICES,20,12,20
SURVEY,POINT IN TIME,KS,UNITED STATES,2019,,STATE,,FIELD CROPS,,CAPACITY,00000000,2024-01-09 15:00:00.000,TOTAL,,KANSAS,CROPS,,,NOT SPECIFIED,KANSAS,"380,000,000",BU,,,,ON FARM,,,9000,"GRAIN STORAGE CAPACITY, ON FARM - CAPACITY, MEASURED IN BU",12,GRAIN STORAGE CAPACITY,ALL CLASSES,FIRST OF DEC,ALL PRODUCTION PRACTICES,20,12,20
SURVEY,POINT IN TIME,KS,UNITED STATES,2018,,STATE,,FIELD CROPS,,CAPACITY,00000000,2024-01-09 15:00:00.000,TOTAL,,KANSAS,CROPS,,,NOT SPECIFIED,KANSAS,"380,000,000",BU,,,,ON FARM,,,9000,"GRAIN STORAGE CAPACITY, ON FARM - CAPACITY, MEASURED IN BU",12,GRAIN STORAGE CAPACITY,ALL CLASSES,FIRST OF DEC,ALL PRODUCTION PRACTICES,20,12,20
SURVEY,POINT IN TIME,KS,UNITED STATES,2017,,STATE,,FIELD CROPS,,CAPACITY,00000000,2019-02-06 15:00:06.000,TOTAL,,KANSAS,CROPS,,,NOT SPECIFIED,KANSAS,"380,000,000",BU,,,,ON FARM,,,9000,"GRAIN STORAGE CAPACITY, ON FARM - CAPACITY, MEASURED IN BU",12,GRAIN STORAGE CAPACITY,ALL CLASSES,FIRST OF DEC,ALL PRODUCTION PRACTICES,20,12,20
SURVEY,POINT IN TIME,KS,UNITED STATES,2016,,STATE,,FIELD CROPS,,CAPACITY,00000000,2019-02-06 15:00:06.000,TOTAL,,KANSAS,CROPS,,,NOT SPECIFIED,KANSAS,"380,000,000",BU,,,,ON FARM,,,9000,"GRAIN STORAGE CAPACITY, ON FARM - CAPACITY, MEASURED IN BU",12,GRAIN STORAGE CAPACITY,ALL CLASSES,FIRST OF DEC,ALL PRODUCTION PRACTICES,20,12,20
SURVEY,POINT IN TIME,KS,UNITED STATES,2015,,STATE,,FIELD CROPS,,CAPACITY,00000000,2019-02-06 15:00:06.000,TOTAL,,KANSAS,CROPS,,,NOT SPECIFIED,KANSAS,"380,000,000",BU,,,,ON FARM,,,9000,"GRAIN STORAGE CAPACITY, ON FARM - CAPACITY, MEASURED IN BU",12,GRAIN STORAGE CAPACITY,ALL CLASSES,FIRST OF DEC,ALL PRODUCTION PRACTICES,20,12,20
SURVEY,POINT IN TIME,KS,UNITED STATES,2014,,STATE,,FIELD CROPS,,CAPACITY,00000000,2019-02-06 15:00:06.000,TOTAL,,KANSAS,CROPS,,,NOT SPECIFIED,KANSAS,"380,000,000",BU,,,,ON FARM,,,9000,"GRAIN STORAGE CAPACITY, ON FARM - CAPACITY, MEASURED IN BU",12,GRAIN STORAGE CAPACITY,ALL CLASSES,FIRST OF DEC,ALL PRODUCTION PRACTICES,20,12,20
SURVEY,POINT IN TIME,KS,UNITED STATES,2013,,STATE,,FIELD CROPS,,CAPACITY,00000000,2019-02-06 15:00:06.000,TOTAL,,KANSAS,CROPS,,,NOT SPECIFIED,KANSAS,"380,000,000",BU,,,,ON FARM,,,9000,"GRAIN STORAGE CAPACITY, ON FARM - CAPACITY, MEASURED IN BU",12,GRAIN STORAGE CAPACITY,ALL CLASSES,FIRST OF DEC,ALL PRODUCTION PRACTICES,20,12,20
SURVEY,POINT IN TIME,KS,UNITED STATES,2012,,STATE,,FIELD CROPS,,CAPACITY,00000000,2014-11-03 15:18:45.000,TOTAL,,KANSAS,CROPS,,,NOT SPECIFIED,KANSAS,"380,000,000",BU,,,,ON FARM,,,9000,"GRAIN STORAGE CAPACITY, ON FARM - CAPACITY, MEASURED IN BU",12,GRAIN STORAGE CAPACITY,ALL CLASSES,FIRST OF DEC,ALL PRODUCTION PRACTICES,20,12,20
SURVEY,POINT IN TIME,KS,UNITED STATES,2011,,STATE,,FIELD CROPS,,CAPACITY,00000000,2014-11-03 15:18:45.000,TOTAL,,KANSAS,CROPS,,,NOT SPECIFIED,KANSAS,"380,000,000",BU,,,,ON FARM,,,9000,"GRAIN STORAGE CAPACITY, ON FARM - CAPACITY, MEASURED IN BU",12,GRAIN STORAGE CAPACITY,ALL CLASSES,FIRST OF DEC,ALL PRODUCTION PRACTICES,20,12,20
SURVEY,POINT IN TIME,KS,UNITED STATES,2010,,STATE,,FIELD CROPS,,CAPACITY,00000000,2014-11-03 15:18:45.000,TOTAL,,KANSAS,CROPS,,,NOT SPECIFIED,KANSAS,"380,000,000",BU,,,,ON FARM,,,9000,"GRAIN STORAGE CAPACITY, ON FARM - CAPACITY, MEASURED IN BU",12,GRAIN STORAGE CAPACITY,ALL CLASSES,FIRST OF DEC,ALL PRODUCTION PRACTICES,20,12,20
SURVEY,POINT IN TIME,KY,UNITED STATES,2025,,STATE,,FIELD CROPS,,CAPACITY,00000000,2026-01-12 12:00:00.000,TOTAL,,KENTUCKY,CROPS,,,NOT SPECIFIED,KENTUCKY,"265,000,000",BU,,,,ON FARM,,,9000,"GRAIN STORAGE CAPACITY, ON FARM - CAPACITY, MEASURED IN BU",12,GRAIN STORAGE CAPACITY,ALL CLASSES,FIRST OF DEC,ALL PRODUCTION PRACTICES,21,12,21
SURVEY,POINT IN TIME,KY,UNITED STATES,2024,,STATE,,FIELD CROPS,,CAPACITY,00000000,2026-01-12 12:00:00.000,TOTAL,,KENTUCKY,CROPS,,,NOT SPECIFIED,KENTUCKY,"260,000,000",BU,,,,ON FARM,,,9000,"GRAIN STORAGE CAPACITY, ON FARM - CAPACITY, MEASURED IN BU",12,GRAIN STORAGE CAPACITY,ALL CLASSES,FIRST OF DEC,ALL PRODUCTION PRACTICES,21,12,21
SURVEY,POINT IN TIME,KY,UNITED STATES,2023,,STATE,,FIELD CROPS,,CAPACITY,00000000,2025-01-10 12:00:00.000,TOTAL,,KENTUCKY,CROPS,,,NOT SPECIFIED,KENTUCKY,"260,000,000",BU,,,,ON FARM,,,9000,"GRAIN STORAGE CAPACITY, ON FARM - CAPACITY, MEASURED IN BU",12,GRAIN STORAGE CAPACITY,ALL CLASSES,FIRST OF DEC,ALL PRODUCTION PRACTICES,21,12,21
SURVEY,POINT IN TIME,KY,UNITED STATES,2022,,STATE,,FIELD CROPS,,CAPACITY,00000000,2024-01-09 15:00:00.000,TOTAL,,KENTUCKY,CROPS,,,NOT SPECIFIED,KENTUCKY,"255,000,000",BU,,,,ON FARM,,,9000,"GRAIN STORAGE CAPACITY, ON FARM - CAPACITY, MEASURED IN BU",12,GRAIN STORAGE CAPACITY,ALL CLASSES,FIRST OF DEC,ALL PRODUCTION PRACTICES,21,12,21
SURVEY,POINT IN TIME,KY,UNITED STATES,2021,,STATE,,FIELD CROPS,,CAPACITY,00000000,2024-01-09 15:00:00.000,TOTAL,,KENTUCKY,CROPS,,,NOT SPECIFIED,KENTUCKY,"240,000,000",BU,,,,ON FARM,,,9000,"GRAIN STORAGE CAPACITY, ON FARM - CAPACITY, MEASURED IN BU",12,GRAIN STORAGE CAPACITY,ALL CLASSES,FIRST OF DEC,ALL PRODUCTION PRACTICES,21,12,21
SURVEY,POINT IN TIME,KY,UNITED STATES,2020,,STATE,,FIELD CROPS,,CAPACITY,00000000,2024-01-09 15:00:00.000,TOTAL,,KENTUCKY,CROPS,,,NOT SPECIFIED,KENTUCKY,"225,000,000",BU,,,,ON FARM,,,9000,"GRAIN STORAGE CAPACITY, ON FARM - CAPACITY, MEASURED IN BU",12,GRAIN STORAGE CAPACITY,ALL CLASSES,FIRST OF DEC,ALL PRODUCTION PRACTICES,21,12,21
SURVEY,POINT IN TIME,KY,UNITED STATES,2019,,STATE,,FIELD CROPS,,CAPACITY,00000000,2024-01-09 15:00:00.000,TOTAL,,KENTUCKY,CROPS,,,NOT SPECIFIED,KENTUCKY,"215,000,000",BU,,,,ON FARM,,,9000,"GRAIN STORAGE CAPACITY, ON FARM - CAPACITY, MEASURED IN BU",12,GRAIN STORAGE CAPACITY,ALL CLASSES,FIRST OF DEC,ALL PRODUCTION PRACTICES,21,12,21
SURVEY,POINT IN TIME,KY,UNITED STATES,2018,,STATE,,FIELD CROPS,,CAPACITY,00000000,2024-01-09 15:00:00.000,TOTAL,,KENTUCKY,CROPS,,,NOT SPECIFIED,KENTUCKY,"210,000,000",BU,,,,ON FARM,,,9000,"GRAIN STORAGE CAPACITY, ON FARM - CAPACITY, MEASURED IN BU",12,GRAIN STORAGE CAPACITY,ALL CLASSES,FIRST OF DEC,ALL PRODUCTION PRACTICES,21,12,21
SURVEY,POINT IN TIME,KY,UNITED STATES,2017,,STATE,,FIELD CROPS,,CAPACITY,00000000,2019-02-06 15:00:06.000,TOTAL,,KENTUCKY,CROPS,,,NOT SPECIFIED,KENTUCKY,"205,000,000",BU,,,,ON FARM,,,9000,"GRAIN STORAGE CAPACITY, ON FARM - CAPACITY, MEASURED IN BU",12,GRAIN STORAGE CAPACITY,ALL CLASSES,FIRST OF DEC,ALL PRODUCTION PRACTICES,21,12,21
SURVEY,POINT IN TIME,KY,UNITED STATES,2016,,STATE,,FIELD CROPS,,CAPACITY,00000000,2019-02-06 15:00:06.000,TOTAL,,KENTUCKY,CROPS,,,NOT SPECIFIED,KENTUCKY,"205,000,000",BU,,,,ON FARM,,,9000,"GRAIN STORAGE CAPACITY, ON FARM - CAPACITY, MEASURED IN BU",12,GRAIN STORAGE CAPACITY,ALL CLASSES,FIRST OF DEC,ALL PRODUCTION PRACTICES,21,12,21
SURVEY,POINT IN TIME,KY,UNITED STATES,2015,,STATE,,FIELD CROPS,,CAPACITY,00000000,2019-02-06 15:00:06.000,TOTAL,,KENTUCKY,CROPS,,,NOT SPECIFIED,KENTUCKY,"205,000,000",BU,,,,ON FARM,,,9000,"GRAIN STORAGE CAPACITY, ON FARM - CAPACITY, MEASURED IN BU",12,GRAIN STORAGE CAPACITY,ALL CLASSES,FIRST OF DEC,ALL PRODUCTION PRACTICES,21,12,21
SURVEY,POINT IN TIME,KY,UNITED STATES,2014,,STATE,,FIELD CROPS,,CAPACITY,00000000,2019-02-06 15:00:06.000,TOTAL,,KENTUCKY,CROPS,,,NOT SPECIFIED,KENTUCKY,"200,000,000",BU,,,,ON FARM,,,9000,"GRAIN STORAGE CAPACITY, ON FARM - CAPACITY, MEASURED IN BU",12,GRAIN STORAGE CAPACITY,ALL CLASSES,FIRST OF DEC,ALL PRODUCTION PRACTICES,21,12,21
SURVEY,POINT IN TIME,KY,UNITED STATES,2013,,STATE,,FIELD CROPS,,CAPACITY,00000000,2019-02-06 15:00:06.000,TOTAL,,KENTUCKY,CROPS,,,NOT SPECIFIED,KENTUCKY,"200,000,000",BU,,,,ON FARM,,,9000,"GRAIN STORAGE CAPACITY, ON FARM - CAPACITY, MEASURED IN BU",12,GRAIN STORAGE CAPACITY,ALL CLASSES,FIRST OF DEC,ALL PRODUCTION PRACTICES,21,12,21
SURVEY,POINT IN TIME,KY,UNITED STATES,2012,,STATE,,FIELD CROPS,,CAPACITY,00000000,2014-11-03 15:18:45.000,TOTAL,,KENTUCKY,CROPS,,,NOT SPECIFIED,KENTUCKY,"200,000,000",BU,,,,ON FARM,,,9000,"GRAIN STORAGE CAPACITY, ON FARM - CAPACITY, MEASURED IN BU",12,GRAIN STORAGE CAPACITY,ALL CLASSES,FIRST OF DEC,ALL PRODUCTION PRACTICES,21,12,21
SURVEY,POINT IN TIME,KY,UNITED STATES,2011,,STATE,,FIELD CROPS,,CAPACITY,00000000,2014-11-03 15:18:45.000,TOTAL,,KENTUCKY,CROPS,,,NOT SPECIFIED,KENTUCKY,"195,000,000",BU,,,,ON FARM,,,9000,"GRAIN STORAGE CAPACITY, ON FARM - CAPACITY, MEASURED IN BU",12,GRAIN STORAGE CAPACITY,ALL CLASSES,FIRST OF DEC,ALL PRODUCTION PRACTICES,21,12,21
SURVEY,POINT IN TIME,KY,UNITED STATES,2010,,STATE,,FIELD CROPS,,CAPACITY,00000000,2014-11-03 15:18:45.000,TOTAL,,KENTUCKY,CROPS,,,NOT SPECIFIED,KENTUCKY,"190,000,000",BU,,,,ON FARM,,,9000,"GRAIN STORAGE CAPACITY, ON FARM - CAPACITY, MEASURED IN BU",12,GRAIN STORAGE CAPACITY,ALL CLASSES,FIRST OF DEC,ALL PRODUCTION PRACTICES,21,12,21
SURVEY,POINT IN TIME,MI,UNITED STATES,2025,,STATE,,FIELD CROPS,,CAPACITY,00000000,2026-01-12 12:00:00.000,TOTAL,,MICHIGAN,CROPS,,,NOT SPECIFIED,MICHIGAN,"300,000,000",BU,,,,ON FARM,,,9000,"GRAIN STORAGE CAPACITY, ON FARM - CAPACITY, MEASURED IN BU",12,GRAIN STORAGE CAPACITY,ALL CLASSES,FIRST OF DEC,ALL PRODUCTION PRACTICES,26,12,26
SURVEY,POINT IN TIME,MI,UNITED STATES,2024,,STATE,,FIELD CROPS,,CAPACITY,00000000,2026-01-12 12:00:00.000,TOTAL,,MICHIGAN,CROPS,,,NOT SPECIFIED,MICHIGAN,"300,000,000",BU,,,,ON FARM,,,9000,"GRAIN STORAGE CAPACITY, ON FARM - CAPACITY, MEASURED IN BU",12,GRAIN STORAGE CAPACITY,ALL CLASSES,FIRST OF DEC,ALL PRODUCTION PRACTICES,26,12,26
SURVEY,POINT IN TIME,MI,UNITED STATES,2023,,STATE,,FIELD CROPS,,CAPACITY,00000000,2025-01-10 12:00:00.000,TOTAL,,MICHIGAN,CROPS,,,NOT SPECIFIED,MICHIGAN,"300,000,000",BU,,,,ON FARM,,,9000,"GRAIN STORAGE CAPACITY, ON FARM - CAPACITY, MEASURED IN BU",12,GRAIN STORAGE CAPACITY,ALL CLASSES,FIRST OF DEC,ALL PRODUCTION PRACTICES,26,12,26
SURVEY,POINT IN TIME,MI,UNITED STATES,2022,,STATE,,FIELD CROPS,,CAPACITY,00000000,2024-01-09 15:00:00.000,TOTAL,,MICHIGAN,CROPS,,,NOT SPECIFIED,MICHIGAN,"300,000,000",BU,,,,ON FARM,,,9000,"GRAIN STORAGE CAPACITY, ON FARM - CAPACITY, MEASURED IN BU",12,GRAIN STORAGE CAPACITY,ALL CLASSES,FIRST OF DEC,ALL PRODUCTION PRACTICES,26,12,26
SURVEY,POINT IN TIME,MI,UNITED STATES,2021,,STATE,,FIELD CROPS,,CAPACITY,00000000,2024-01-09 15:00:00.000,TOTAL,,MICHIGAN,CROPS,,,NOT SPECIFIED,MICHIGAN,"300,000,000",BU,,,,ON FARM,,,9000,"GRAIN STORAGE CAPACITY, ON FARM - CAPACITY, MEASURED IN BU",12,GRAIN STORAGE CAPACITY,ALL CLASSES,FIRST OF DEC,ALL PRODUCTION PRACTICES,26,12,26
SURVEY,POINT IN TIME,MI,UNITED STATES,2020,,STATE,,FIELD CROPS,,CAPACITY,00000000,2024-01-09 15:00:00.000,TOTAL,,MICHIGAN,CROPS,,,NOT SPECIFIED,MICHIGAN,"300,000,000",BU,,,,ON FARM,,,9000,"GRAIN STORAGE CAPACITY, ON FARM - CAPACITY, MEASURED IN BU",12,GRAIN STORAGE CAPACITY,ALL CLASSES,FIRST OF DEC,ALL PRODUCTION PRACTICES,26,12,26
SURVEY,POINT IN TIME,MI,UNITED STATES,2019,,STATE,,FIELD CROPS,,CAPACITY,00000000,2024-01-09 15:00:00.000,TOTAL,,MICHIGAN,CROPS,,,NOT SPECIFIED,MICHIGAN,"300,000,000",BU,,,,ON FARM,,,9000,"GRAIN STORAGE CAPACITY, ON FARM - CAPACITY, MEASURED IN BU",12,GRAIN STORAGE CAPACITY,ALL CLASSES,FIRST OF DEC,ALL PRODUCTION PRACTICES,26,12,26
SURVEY,POINT IN TIME,MI,UNITED STATES,2018,,STATE,,FIELD CROPS,,CAPACITY,00000000,2024-01-09 15:00:00.000,TOTAL,,MICHIGAN,CROPS,,,NOT SPECIFIED,MICHIGAN,"300,000,000",BU,,,,ON FARM,,,9000,"GRAIN STORAGE CAPACITY, ON FARM - CAPACITY, MEASURED IN BU",12,GRAIN STORAGE CAPACITY,ALL CLASSES,FIRST OF DEC,ALL PRODUCTION PRACTICES,26,12,26
SURVEY,POINT IN TIME,MI,UNITED STATES,2017,,STATE,,FIELD CROPS,,CAPACITY,00000000,2019-02-06 15:00:06.000,TOTAL,,MICHIGAN,CROPS,,,NOT SPECIFIED,MICHIGAN,"300,000,000",BU,,,,ON FARM,,,9000,"GRAIN STORAGE CAPACITY, ON FARM - CAPACITY, MEASURED IN BU",12,GRAIN STORAGE CAPACITY,ALL CLASSES,FIRST OF DEC,ALL PRODUCTION PRACTICES,26,12,26
SURVEY,POINT IN TIME,MI,UNITED STATES,2016,,STATE,,FIELD CROPS,,CAPACITY,00000000,2019-02-06 15:00:06.000,TOTAL,,MICHIGAN,CROPS,,,NOT SPECIFIED,MICHIGAN,"300,000,000",BU,,,,ON FARM,,,9000,"GRAIN STORAGE CAPACITY, ON FARM - CAPACITY, MEASURED IN BU",12,GRAIN STORAGE CAPACITY,ALL CLASSES,FIRST OF DEC,ALL PRODUCTION PRACTICES,26,12,26
SURVEY,POINT IN TIME,MI,UNITED STATES,2015,,STATE,,FIELD CROPS,,CAPACITY,00000000,2019-02-06 15:00:06.000,TOTAL,,MICHIGAN,CROPS,,,NOT SPECIFIED,MICHIGAN,"300,000,000",BU,,,,ON FARM,,,9000,"GRAIN STORAGE CAPACITY, ON FARM - CAPACITY, MEASURED IN BU",12,GRAIN STORAGE CAPACITY,ALL CLASSES,FIRST OF DEC,ALL PRODUCTION PRACTICES,26,12,26
SURVEY,POINT IN TIME,MI,UNITED STATES,2014,,STATE,,FIELD CROPS,,CAPACITY,00000000,2019-02-06 15:00:06.000,TOTAL,,MICHIGAN,CROPS,,,NOT SPECIFIED,MICHIGAN,"295,000,000",BU,,,,ON FARM,,,9000,"GRAIN STORAGE CAPACITY, ON FARM - CAPACITY, MEASURED IN BU",12,GRAIN STORAGE CAPACITY,ALL CLASSES,FIRST OF DEC,ALL PRODUCTION PRACTICES,26,12,26
SURVEY,POINT IN TIME,MI,UNITED STATES,2013,,STATE,,FIELD CROPS,,CAPACITY,00000000,2019-02-06 15:00:06.000,TOTAL,,MICHIGAN,CROPS,,,NOT SPECIFIED,MICHIGAN,"290,000,000",BU,,,,ON FARM,,,9000,"GRAIN STORAGE CAPACITY, ON FARM - CAPACITY, MEASURED IN BU",12,GRAIN STORAGE CAPACITY,ALL CLASSES,FIRST OF DEC,ALL PRODUCTION PRACTICES,26,12,26
SURVEY,POINT IN TIME,MI,UNITED STATES,2012,,STATE,,FIELD CROPS,,CAPACITY,00000000,2014-11-03 15:18:45.000,TOTAL,,MICHIGAN,CROPS,,,NOT SPECIFIED,MICHIGAN,"290,000,000",BU,,,,ON FARM,,,9000,"GRAIN STORAGE CAPACITY, ON FARM - CAPACITY, MEASURED IN BU",12,GRAIN STORAGE CAPACITY,ALL CLASSES,FIRST OF DEC,ALL PRODUCTION PRACTICES,26,12,26
SURVEY,POINT IN TIME,MI,UNITED STATES,2011,,STATE,,FIELD CROPS,,CAPACITY,00000000,2014-11-03 15:18:45.000,TOTAL,,MICHIGAN,CROPS,,,NOT SPECIFIED,MICHIGAN,"290,000,000",BU,,,,ON FARM,,,9000,"GRAIN STORAGE CAPACITY, ON FARM - CAPACITY, MEASURED IN BU",12,GRAIN STORAGE CAPACITY,ALL CLASSES,FIRST OF DEC,ALL PRODUCTION PRACTICES,26,12,26
SURVEY,POINT IN TIME,MI,UNITED STATES,2010,,STATE,,FIELD CROPS,,CAPACITY,00000000,2014-11-03 15:18:45.000,TOTAL,,MICHIGAN,CROPS,,,NOT SPECIFIED,MICHIGAN,"280,000,000",BU,,,,ON FARM,,,9000,"GRAIN STORAGE CAPACITY, ON FARM - CAPACITY, MEASURED IN BU",12,GRAIN STORAGE CAPACITY,ALL CLASSES,FIRST OF DEC,ALL PRODUCTION PRACTICES,26,12,26
SURVEY,POINT IN TIME,MN,UNITED STATES,2025,,STATE,,FIELD CROPS,,CAPACITY,00000000,2026-01-12 12:00:00.000,TOTAL,,MINNESOTA,CROPS,,,NOT SPECIFIED,MINNESOTA,"1,550,000,000",BU,,,,ON FARM,,,9000,"GRAIN STORAGE CAPACITY, ON FARM - CAPACITY, MEASURED IN BU",12,GRAIN STORAGE CAPACITY,ALL CLASSES,FIRST OF DEC,ALL PRODUCTION PRACTICES,27,12,27
SURVEY,POINT IN TIME,MN,UNITED STATES,2024,,STATE,,FIELD CROPS,,CAPACITY,00000000,2026-01-12 12:00:00.000,TOTAL,,MINNESOTA,CROPS,,,NOT SPECIFIED,MINNESOTA,"1,550,000,000",BU,,,,ON FARM,,,9000,"GRAIN STORAGE CAPACITY, ON FARM - CAPACITY, MEASURED IN BU",12,GRAIN STORAGE CAPACITY,ALL CLASSES,FIRST OF DEC,ALL PRODUCTION PRACTICES,27,12,27
SURVEY,POINT IN TIME,MN,UNITED STATES,2023,,STATE,,FIELD CROPS,,CAPACITY,00000000,2025-01-10 12:00:00.000,TOTAL,,MINNESOTA,CROPS,,,NOT SPECIFIED,MINNESOTA,"1,550,000,000",BU,,,,ON FARM,,,9000,"GRAIN STORAGE CAPACITY, ON FARM - CAPACITY, MEASURED IN BU",12,GRAIN STORAGE CAPACITY,ALL CLASSES,FIRST OF DEC,ALL PRODUCTION PRACTICES,27,12,27
SURVEY,POINT IN TIME,MN,UNITED STATES,2022,,STATE,,FIELD CROPS,,CAPACITY,00000000,2024-01-09 15:00:00.000,TOTAL,,MINNESOTA,CROPS,,,NOT SPECIFIED,MINNESOTA,"1,550,000,000",BU,,,,ON FARM,,,9000,"GRAIN STORAGE CAPACITY, ON FARM - CAPACITY, MEASURED IN BU",12,GRAIN STORAGE CAPACITY,ALL CLASSES,FIRST OF DEC,ALL PRODUCTION PRACTICES,27,12,27
SURVEY,POINT IN TIME,MN,UNITED STATES,2021,,STATE,,FIELD CROPS,,CAPACITY,00000000,2024-01-09 15:00:00.000,TOTAL,,MINNESOTA,CROPS,,,NOT SPECIFIED,MINNESOTA,"1,550,000,000",BU,,,,ON FARM,,,9000,"GRAIN STORAGE CAPACITY, ON FARM - CAPACITY, MEASURED IN BU",12,GRAIN STORAGE CAPACITY,ALL CLASSES,FIRST OF DEC,ALL PRODUCTION PRACTICES,27,12,27
SURVEY,POINT IN TIME,MN,UNITED STATES,2020,,STATE,,FIELD CROPS,,CAPACITY,00000000,2024-01-09 15:00:00.000,TOTAL,,MINNESOTA,CROPS,,,NOT SPECIFIED,MINNESOTA,"1,550,000,000",BU,,,,ON FARM,,,9000,"GRAIN STORAGE CAPACITY, ON FARM - CAPACITY, MEASURED IN BU",12,GRAIN STORAGE CAPACITY,ALL CLASSES,FIRST OF DEC,ALL PRODUCTION PRACTICES,27,12,27
SURVEY,POINT IN TIME,MN,UNITED STATES,2019,,STATE,,FIELD CROPS,,CAPACITY,00000000,2024-01-09 15:00:00.000,TOTAL,,MINNESOTA,CROPS,,,NOT SPECIFIED,MINNESOTA,"1,550,000,000",BU,,,,ON FARM,,,9000,"GRAIN STORAGE CAPACITY, ON FARM - CAPACITY, MEASURED IN BU",12,GRAIN STORAGE CAPACITY,ALL CLASSES,FIRST OF DEC,ALL PRODUCTION PRACTICES,27,12,27
SURVEY,POINT IN TIME,MN,UNITED STATES,2018,,STATE,,FIELD CROPS,,CAPACITY,00000000,2024-01-09 15:00:00.000,TOTAL,,MINNESOTA,CROPS,,,NOT SPECIFIED,MINNESOTA,"1,550,000,000",BU,,,,ON FARM,,,9000,"GRAIN STORAGE CAPACITY, ON FARM - CAPACITY, MEASURED IN BU",12,GRAIN STORAGE CAPACITY,ALL CLASSES,FIRST OF DEC,ALL PRODUCTION PRACTICES,27,12,27
SURVEY,POINT IN TIME,MN,UNITED STATES,2017,,STATE,,FIELD CROPS,,CAPACITY,00000000,2019-02-06 15:00:06.000,TOTAL,,MINNESOTA,CROPS,,,NOT SPECIFIED,MINNESOTA,"1,550,000,000",BU,,,,ON FARM,,,9000,"GRAIN STORAGE CAPACITY, ON FARM - CAPACITY, MEASURED IN BU",12,GRAIN STORAGE CAPACITY,ALL CLASSES,FIRST OF DEC,ALL PRODUCTION PRACTICES,27,12,27
SURVEY,POINT IN TIME,MN,UNITED STATES,2016,,STATE,,FIELD CROPS,,CAPACITY,00000000,2019-02-06 15:00:06.000,TOTAL,,MINNESOTA,CROPS,,,NOT SPECIFIED,MINNESOTA,"1,550,000,000",BU,,,,ON FARM,,,9000,"GRAIN STORAGE CAPACITY, ON FARM - CAPACITY, MEASURED IN BU",12,GRAIN STORAGE CAPACITY,ALL CLASSES,FIRST OF DEC,ALL PRODUCTION PRACTICES,27,12,27
SURVEY,POINT IN TIME,MN,UNITED STATES,2015,,STATE,,FIELD CROPS,,CAPACITY,00000000,2019-02-06 15:00:06.000,TOTAL,,MINNESOTA,CROPS,,,NOT SPECIFIED,MINNESOTA,"1,500,000,000",BU,,,,ON FARM,,,9000,"GRAIN STORAGE CAPACITY, ON FARM - CAPACITY, MEASURED IN BU",12,GRAIN STORAGE CAPACITY,ALL CLASSES,FIRST OF DEC,ALL PRODUCTION PRACTICES,27,12,27
SURVEY,POINT IN TIME,MN,UNITED STATES,2014,,STATE,,FIELD CROPS,,CAPACITY,00000000,2019-02-06 15:00:06.000,TOTAL,,MINNESOTA,CROPS,,,NOT SPECIFIED,MINNESOTA,"1,500,000,000",BU,,,,ON FARM,,,9000,"GRAIN STORAGE CAPACITY, ON FARM - CAPACITY, MEASURED IN BU",12,GRAIN STORAGE CAPACITY,ALL CLASSES,FIRST OF DEC,ALL PRODUCTION PRACTICES,27,12,27
SURVEY,POINT IN TIME,MN,UNITED STATES,2013,,STATE,,FIELD CROPS,,CAPACITY,00000000,2019-02-06 15:00:06.000,TOTAL,,MINNESOTA,CROPS,,,NOT SPECIFIED,MINNESOTA,"1,450,000,000",BU,,,,ON FARM,,,9000,"GRAIN STORAGE CAPACITY, ON FARM - CAPACITY, MEASURED IN BU",12,GRAIN STORAGE CAPACITY,ALL CLASSES,FIRST OF DEC,ALL PRODUCTION PRACTICES,27,12,27
SURVEY,POINT IN TIME,MN,UNITED STATES,2012,,STATE,,FIELD CROPS,,CAPACITY,00000000,2014-11-03 15:18:45.000,TOTAL,,MINNESOTA,CROPS,,,NOT SPECIFIED,MINNESOTA,"1,450,000,000",BU,,,,ON FARM,,,9000,"GRAIN STORAGE CAPACITY, ON FARM - CAPACITY, MEASURED IN BU",12,GRAIN STORAGE CAPACITY,ALL CLASSES,FIRST OF DEC,ALL PRODUCTION PRACTICES,27,12,27
SURVEY,POINT IN TIME,MN,UNITED STATES,2011,,STATE,,FIELD CROPS,,CAPACITY,00000000,2014-11-03 15:18:45.000,TOTAL,,MINNESOTA,CROPS,,,NOT SPECIFIED,MINNESOTA,"1,450,000,000",BU,,,,ON FARM,,,9000,"GRAIN STORAGE CAPACITY, ON FARM - CAPACITY, MEASURED IN BU",12,GRAIN STORAGE CAPACITY,ALL CLASSES,FIRST OF DEC,ALL PRODUCTION PRACTICES,27,12,27
SURVEY,POINT IN TIME,MN,UNITED STATES,2010,,STATE,,FIELD CROPS,,CAPACITY,00000000,2014-11-03 15:18:45.000,TOTAL,,MINNESOTA,CROPS,,,NOT SPECIFIED,MINNESOTA,"1,450,000,000",BU,,,,ON FARM,,,9000,"GRAIN STORAGE CAPACITY, ON FARM - CAPACITY, MEASURED IN BU",12,GRAIN STORAGE CAPACITY,ALL CLASSES,FIRST OF DEC,ALL PRODUCTION PRACTICES,27,12,27
SURVEY,POINT IN TIME,MS,UNITED STATES,2025,,STATE,,FIELD CROPS,,CAPACITY,00000000,2026-01-12 12:00:00.000,TOTAL,,MISSISSIPPI,CROPS,,,NOT SPECIFIED,MISSISSIPPI,"130,000,000",BU,,,,ON FARM,,,9000,"GRAIN STORAGE CAPACITY, ON FARM - CAPACITY, MEASURED IN BU",12,GRAIN STORAGE CAPACITY,ALL CLASSES,FIRST OF DEC,ALL PRODUCTION PRACTICES,28,12,28
SURVEY,POINT IN TIME,MS,UNITED STATES,2024,,STATE,,FIELD CROPS,,CAPACITY,00000000,2026-01-12 12:00:00.000,TOTAL,,MISSISSIPPI,CROPS,,,NOT SPECIFIED,MISSISSIPPI,"130,000,000",BU,,,,ON FARM,,,9000,"GRAIN STORAGE CAPACITY, ON FARM - CAPACITY, MEASURED IN BU",12,GRAIN STORAGE CAPACITY,ALL CLASSES,FIRST OF DEC,ALL PRODUCTION PRACTICES,28,12,28
SURVEY,POINT IN TIME,MS,UNITED STATES,2023,,STATE,,FIELD CROPS,,CAPACITY,00000000,2025-01-10 12:00:00.000,TOTAL,,MISSISSIPPI,CROPS,,,NOT SPECIFIED,MISSISSIPPI,"130,000,000",BU,,,,ON FARM,,,9000,"GRAIN STORAGE CAPACITY, ON FARM - CAPACITY, MEASURED IN BU",12,GRAIN STORAGE CAPACITY,ALL CLASSES,FIRST OF DEC,ALL PRODUCTION PRACTICES,28,12,28
SURVEY,POINT IN TIME,MS,UNITED STATES,2022,,STATE,,FIELD CROPS,,CAPACITY,00000000,2024-01-09 15:00:00.000,TOTAL,,MISSISSIPPI,CROPS,,,NOT SPECIFIED,MISSISSIPPI,"130,000,000",BU,,,,ON FARM,,,9000,"GRAIN STORAGE CAPACITY, ON FARM - CAPACITY, MEASURED IN BU",12,GRAIN STORAGE CAPACITY,ALL CLASSES,FIRST OF DEC,ALL PRODUCTION PRACTICES,28,12,28
SURVEY,POINT IN TIME,MS,UNITED STATES,2021,,STATE,,FIELD CROPS,,CAPACITY,00000000,2024-01-09 15:00:00.000,TOTAL,,MISSISSIPPI,CROPS,,,NOT SPECIFIED,MISSISSIPPI,"130,000,000",BU,,,,ON FARM,,,9000,"GRAIN STORAGE CAPACITY, ON FARM - CAPACITY, MEASURED IN BU",12,GRAIN STORAGE CAPACITY,ALL CLASSES,FIRST OF DEC,ALL PRODUCTION PRACTICES,28,12,28
SURVEY,POINT IN TIME,MS,UNITED STATES,2020,,STATE,,FIELD CROPS,,CAPACITY,00000000,2024-01-09 15:00:00.000,TOTAL,,MISSISSIPPI,CROPS,,,NOT SPECIFIED,MISSISSIPPI,"130,000,000",BU,,,,ON FARM,,,9000,"GRAIN STORAGE CAPACITY, ON FARM - CAPACITY, MEASURED IN BU",12,GRAIN STORAGE CAPACITY,ALL CLASSES,FIRST OF DEC,ALL PRODUCTION PRACTICES,28,12,28
SURVEY,POINT IN TIME,MS,UNITED STATES,2019,,STATE,,FIELD CROPS,,CAPACITY,00000000,2024-01-09 15:00:00.000,TOTAL,,MISSISSIPPI,CROPS,,,NOT SPECIFIED,MISSISSIPPI,"128,000,000",BU,,,,ON FARM,,,9000,"GRAIN STORAGE CAPACITY, ON FARM - CAPACITY, MEASURED IN BU",12,GRAIN STORAGE CAPACITY,ALL CLASSES,FIRST OF DEC,ALL PRODUCTION PRACTICES,28,12,28
SURVEY,POINT IN TIME,MS,UNITED STATES,2018,,STATE,,FIELD CROPS,,CAPACITY,00000000,2024-01-09 15:00:00.000,TOTAL,,MISSISSIPPI,CROPS,,,NOT SPECIFIED,MISSISSIPPI,"128,000,000",BU,,,,ON FARM,,,9000,"GRAIN STORAGE CAPACITY, ON FARM - CAPACITY, MEASURED IN BU",12,GRAIN STORAGE CAPACITY,ALL CLASSES,FIRST OF DEC,ALL PRODUCTION PRACTICES,28,12,28
SURVEY,POINT IN TIME,MS,UNITED STATES,2017,,STATE,,FIELD CROPS,,CAPACITY,00000000,2019-02-06 15:00:06.000,TOTAL,,MISSISSIPPI,CROPS,,,NOT SPECIFIED,MISSISSIPPI,"125,000,000",BU,,,,ON FARM,,,9000,"GRAIN STORAGE CAPACITY, ON FARM - CAPACITY, MEASURED IN BU",12,GRAIN STORAGE CAPACITY,ALL CLASSES,FIRST OF DEC,ALL PRODUCTION PRACTICES,28,12,28
SURVEY,POINT IN TIME,MS,UNITED STATES,2016,,STATE,,FIELD CROPS,,CAPACITY,00000000,2019-02-06 15:00:06.000,TOTAL,,MISSISSIPPI,CROPS,,,NOT SPECIFIED,MISSISSIPPI,"125,000,000",BU,,,,ON FARM,,,9000,"GRAIN STORAGE CAPACITY, ON FARM - CAPACITY, MEASURED IN BU",12,GRAIN STORAGE CAPACITY,ALL CLASSES,FIRST OF DEC,ALL PRODUCTION PRACTICES,28,12,28
SURVEY,POINT IN TIME,MS,UNITED STATES,2015,,STATE,,FIELD CROPS,,CAPACITY,00000000,2019-02-06 15:00:06.000,TOTAL,,MISSISSIPPI,CROPS,,,NOT SPECIFIED,MISSISSIPPI,"125,000,000",BU,,,,ON FARM,,,9000,"GRAIN STORAGE CAPACITY, ON FARM - CAPACITY, MEASURED IN BU",12,GRAIN STORAGE CAPACITY,ALL CLASSES,FIRST OF DEC,ALL PRODUCTION PRACTICES,28,12,28
SURVEY,POINT IN TIME,MS,UNITED STATES,2014,,STATE,,FIELD CROPS,,CAPACITY,00000000,2019-02-06 15:00:06.000,TOTAL,,MISSISSIPPI,CROPS,,,NOT SPECIFIED,MISSISSIPPI,"115,000,000",BU,,,,ON FARM,,,9000,"GRAIN STORAGE CAPACITY, ON FARM - CAPACITY, MEASURED IN BU",12,GRAIN STORAGE CAPACITY,ALL CLASSES,FIRST OF DEC,ALL PRODUCTION PRACTICES,28,12,28
SURVEY,POINT IN TIME,MS,UNITED STATES,2013,,STATE,,FIELD CROPS,,CAPACITY,00000000,2019-02-06 15:00:06.000,TOTAL,,MISSISSIPPI,CROPS,,,NOT SPECIFIED,MISSISSIPPI,"110,000,000",BU,,,,ON FARM,,,9000,"GRAIN STORAGE CAPACITY, ON FARM - CAPACITY, MEASURED IN BU",12,GRAIN STORAGE CAPACITY,ALL CLASSES,FIRST OF DEC,ALL PRODUCTION PRACTICES,28,12,28
SURVEY,POINT IN TIME,MS,UNITED STATES,2012,,STATE,,FIELD CROPS,,CAPACITY,00000000,2014-11-03 15:18:45.000,TOTAL,,MISSISSIPPI,CROPS,,,NOT SPECIFIED,MISSISSIPPI,"110,000,000",BU,,,,ON FARM,,,9000,"GRAIN STORAGE CAPACITY, ON FARM - CAPACITY, MEASURED IN BU",12,GRAIN STORAGE CAPACITY,ALL CLASSES,FIRST OF DEC,ALL PRODUCTION PRACTICES,28,12,28
SURVEY,POINT IN TIME,MS,UNITED STATES,2011,,STATE,,FIELD CROPS,,CAPACITY,00000000,2014-11-03 15:18:45.000,TOTAL,,MISSISSIPPI,CROPS,,,NOT SPECIFIED,MISSISSIPPI,"105,000,000",BU,,,,ON FARM,,,9000,"GRAIN STORAGE CAPACITY, ON FARM - CAPACITY, MEASURED IN BU",12,GRAIN STORAGE CAPACITY,ALL CLASSES,FIRST OF DEC,ALL PRODUCTION PRACTICES,28,12,28
SURVEY,POINT IN TIME,MS,UNITED STATES,2010,,STATE,,FIELD CROPS,,CAPACITY,00000000,2014-11-03 15:18:45.000,TOTAL,,MISSISSIPPI,CROPS,,,NOT SPECIFIED,MISSISSIPPI,"100,000,000",BU,,,,ON FARM,,,9000,"GRAIN STORAGE CAPACITY, ON FARM - CAPACITY, MEASURED IN BU",12,GRAIN STORAGE CAPACITY,ALL CLASSES,FIRST OF DEC,ALL PRODUCTION PRACTICES,28,12,28
SURVEY,POINT IN TIME,MO,UNITED STATES,2025,,STATE,,FIELD CROPS,,CAPACITY,00000000,2026-01-12 12:00:00.000,TOTAL,,MISSOURI,CROPS,,,NOT SPECIFIED,MISSOURI,"570,000,000",BU,,,,ON FARM,,,9000,"GRAIN STORAGE CAPACITY, ON FARM - CAPACITY, MEASURED IN BU",12,GRAIN STORAGE CAPACITY,ALL CLASSES,FIRST OF DEC,ALL PRODUCTION PRACTICES,29,12,29
SURVEY,POINT IN TIME,MO,UNITED STATES,2024,,STATE,,FIELD CROPS,,CAPACITY,00000000,2026-01-12 12:00:00.000,TOTAL,,MISSOURI,CROPS,,,NOT SPECIFIED,MISSOURI,"560,000,000",BU,,,,ON FARM,,,9000,"GRAIN STORAGE CAPACITY, ON FARM - CAPACITY, MEASURED IN BU",12,GRAIN STORAGE CAPACITY,ALL CLASSES,FIRST OF DEC,ALL PRODUCTION PRACTICES,29,12,29
SURVEY,POINT IN TIME,MO,UNITED STATES,2023,,STATE,,FIELD CROPS,,CAPACITY,00000000,2025-01-10 12:00:00.000,TOTAL,,MISSOURI,CROPS,,,NOT SPECIFIED,MISSOURI,"560,000,000",BU,,,,ON FARM,,,9000,"GRAIN STORAGE CAPACITY, ON FARM - CAPACITY, MEASURED IN BU",12,GRAIN STORAGE CAPACITY,ALL CLASSES,FIRST OF DEC,ALL PRODUCTION PRACTICES,29,12,29
SURVEY,POINT IN TIME,MO,UNITED STATES,2022,,STATE,,FIELD CROPS,,CAPACITY,00000000,2024-01-09 15:00:00.000,TOTAL,,MISSOURI,CROPS,,,NOT SPECIFIED,MISSOURI,"550,000,000",BU,,,,ON FARM,,,9000,"GRAIN STORAGE CAPACITY, ON FARM - CAPACITY, MEASURED IN BU",12,GRAIN STORAGE CAPACITY,ALL CLASSES,FIRST OF DEC,ALL PRODUCTION PRACTICES,29,12,29
SURVEY,POINT IN TIME,MO,UNITED STATES,2021,,STATE,,FIELD CROPS,,CAPACITY,00000000,2024-01-09 15:00:00.000,TOTAL,,MISSOURI,CROPS,,,NOT SPECIFIED,MISSOURI,"545,000,000",BU,,,,ON FARM,,,9000,"GRAIN STORAGE CAPACITY, ON FARM - CAPACITY, MEASURED IN BU",12,GRAIN STORAGE CAPACITY,ALL CLASSES,FIRST OF DEC,ALL PRODUCTION PRACTICES,29,12,29
SURVEY,POINT IN TIME,MO,UNITED STATES,2020,,STATE,,FIELD CROPS,,CAPACITY,00000000,2024-01-09 15:00:00.000,TOTAL,,MISSOURI,CROPS,,,NOT SPECIFIED,MISSOURI,"540,000,000",BU,,,,ON FARM,,,9000,"GRAIN STORAGE CAPACITY, ON FARM - CAPACITY, MEASURED IN BU",12,GRAIN STORAGE CAPACITY,ALL CLASSES,FIRST OF DEC,ALL PRODUCTION PRACTICES,29,12,29
SURVEY,POINT IN TIME,MO,UNITED STATES,2019,,STATE,,FIELD CROPS,,CAPACITY,00000000,2024-01-09 15:00:00.000,TOTAL,,MISSOURI,CROPS,,,NOT SPECIFIED,MISSOURI,"540,000,000",BU,,,,ON FARM,,,9000,"GRAIN STORAGE CAPACITY, ON FARM - CAPACITY, MEASURED IN BU",12,GRAIN STORAGE CAPACITY,ALL CLASSES,FIRST OF DEC,ALL PRODUCTION PRACTICES,29,12,29
SURVEY,POINT IN TIME,MO,UNITED STATES,2018,,STATE,,FIELD CROPS,,CAPACITY,00000000,2024-01-09 15:00:00.000,TOTAL,,MISSOURI,CROPS,,,NOT SPECIFIED,MISSOURI,"540,000,000",BU,,,,ON FARM,,,9000,"GRAIN STORAGE CAPACITY, ON FARM - CAPACITY, MEASURED IN BU",12,GRAIN STORAGE CAPACITY,ALL CLASSES,FIRST OF DEC,ALL PRODUCTION PRACTICES,29,12,29
SURVEY,POINT IN TIME,MO,UNITED STATES,2017,,STATE,,FIELD CROPS,,CAPACITY,00000000,2019-02-06 15:00:06.000,TOTAL,,MISSOURI,CROPS,,,NOT SPECIFIED,MISSOURI,"540,000,000",BU,,,,ON FARM,,,9000,"GRAIN STORAGE CAPACITY, ON FARM - CAPACITY, MEASURED IN BU",12,GRAIN STORAGE CAPACITY,ALL CLASSES,FIRST OF DEC,ALL PRODUCTION PRACTICES,29,12,29
SURVEY,POINT IN TIME,MO,UNITED STATES,2016,,STATE,,FIELD CROPS,,CAPACITY,00000000,2019-02-06 15:00:06.000,TOTAL,,MISSOURI,CROPS,,,NOT SPECIFIED,MISSOURI,"530,000,000",BU,,,,ON FARM,,,9000,"GRAIN STORAGE CAPACITY, ON FARM - CAPACITY, MEASURED IN BU",12,GRAIN STORAGE CAPACITY,ALL CLASSES,FIRST OF DEC,ALL PRODUCTION PRACTICES,29,12,29
SURVEY,POINT IN TIME,MO,UNITED STATES,2015,,STATE,,FIELD CROPS,,CAPACITY,00000000,2019-02-06 15:00:06.000,TOTAL,,MISSOURI,CROPS,,,NOT SPECIFIED,MISSOURI,"530,000,000",BU,,,,ON FARM,,,9000,"GRAIN STORAGE CAPACITY, ON FARM - CAPACITY, MEASURED IN BU",12,GRAIN STORAGE CAPACITY,ALL CLASSES,FIRST OF DEC,ALL PRODUCTION PRACTICES,29,12,29
SURVEY,POINT IN TIME,MO,UNITED STATES,2014,,STATE,,FIELD CROPS,,CAPACITY,00000000,2019-02-06 15:00:06.000,TOTAL,,MISSOURI,CROPS,,,NOT SPECIFIED,MISSOURI,"520,000,000",BU,,,,ON FARM,,,9000,"GRAIN STORAGE CAPACITY, ON FARM - CAPACITY, MEASURED IN BU",12,GRAIN STORAGE CAPACITY,ALL CLASSES,FIRST OF DEC,ALL PRODUCTION PRACTICES,29,12,29
SURVEY,POINT IN TIME,MO,UNITED STATES,2013,,STATE,,FIELD CROPS,,CAPACITY,00000000,2019-02-06 15:00:06.000,TOTAL,,MISSOURI,CROPS,,,NOT SPECIFIED,MISSOURI,"520,000,000",BU,,,,ON FARM,,,9000,"GRAIN STORAGE CAPACITY, ON FARM - CAPACITY, MEASURED IN BU",12,GRAIN STORAGE CAPACITY,ALL CLASSES,FIRST OF DEC,ALL PRODUCTION PRACTICES,29,12,29
SURVEY,POINT IN TIME,MO,UNITED STATES,2012,,STATE,,FIELD CROPS,,CAPACITY,00000000,2014-11-03 15:18:45.000,TOTAL,,MISSOURI,CROPS,,,NOT SPECIFIED,MISSOURI,"510,000,000",BU,,,,ON FARM,,,9000,"GRAIN STORAGE CAPACITY, ON FARM - CAPACITY, MEASURED IN BU",12,GRAIN STORAGE CAPACITY,ALL CLASSES,FIRST OF DEC,ALL PRODUCTION PRACTICES,29,12,29
SURVEY,POINT IN TIME,MO,UNITED STATES,2011,,STATE,,FIELD CROPS,,CAPACITY,00000000,2014-11-03 15:18:45.000,TOTAL,,MISSOURI,CROPS,,,NOT SPECIFIED,MISSOURI,"490,000,000",BU,,,,ON FARM,,,9000,"GRAIN STORAGE CAPACITY, ON FARM - CAPACITY, MEASURED IN BU",12,GRAIN STORAGE CAPACITY,ALL CLASSES,FIRST OF DEC,ALL PRODUCTION PRACTICES,29,12,29
SURVEY,POINT IN TIME,MO,UNITED STATES,2010,,STATE,,FIELD CROPS,,CAPACITY,00000000,2014-11-03 15:18:45.000,TOTAL,,MISSOURI,CROPS,,,NOT SPECIFIED,MISSOURI,"490,000,000",BU,,,,ON FARM,,,9000,"GRAIN STORAGE CAPACITY, ON FARM - CAPACITY, MEASURED IN BU",12,GRAIN STORAGE CAPACITY,ALL CLASSES,FIRST OF DEC,ALL PRODUCTION PRACTICES,29,12,29
SURVEY,POINT IN TIME,MT,UNITED STATES,2025,,STATE,,FIELD CROPS,,CAPACITY,00000000,2026-01-12 12:00:00.000,TOTAL,,MONTANA,CROPS,,,NOT SPECIFIED,MONTANA,"310,000,000",BU,,,,ON FARM,,,9000,"GRAIN STORAGE CAPACITY, ON FARM - CAPACITY, MEASURED IN BU",12,GRAIN STORAGE CAPACITY,ALL CLASSES,FIRST OF DEC,ALL PRODUCTION PRACTICES,30,12,30
SURVEY,POINT IN TIME,MT,UNITED STATES,2024,,STATE,,FIELD CROPS,,CAPACITY,00000000,2026-01-12 12:00:00.000,TOTAL,,MONTANA,CROPS,,,NOT SPECIFIED,MONTANA,"310,000,000",BU,,,,ON FARM,,,9000,"GRAIN STORAGE CAPACITY, ON FARM - CAPACITY, MEASURED IN BU",12,GRAIN STORAGE CAPACITY,ALL CLASSES,FIRST OF DEC,ALL PRODUCTION PRACTICES,30,12,30
SURVEY,POINT IN TIME,MT,UNITED STATES,2023,,STATE,,FIELD CROPS,,CAPACITY,00000000,2025-01-10 12:00:00.000,TOTAL,,MONTANA,CROPS,,,NOT SPECIFIED,MONTANA,"320,000,000",BU,,,,ON FARM,,,9000,"GRAIN STORAGE CAPACITY, ON FARM - CAPACITY, MEASURED IN BU",12,GRAIN STORAGE CAPACITY,ALL CLASSES,FIRST OF DEC,ALL PRODUCTION PRACTICES,30,12,30
SURVEY,POINT IN TIME,MT,UNITED STATES,2022,,STATE,,FIELD CROPS,,CAPACITY,00000000,2024-01-09 15:00:00.000,TOTAL,,MONTANA,CROPS,,,NOT SPECIFIED,MONTANA,"320,000,000",BU,,,,ON FARM,,,9000,"GRAIN STORAGE CAPACITY, ON FARM - CAPACITY, MEASURED IN BU",12,GRAIN STORAGE CAPACITY,ALL CLASSES,FIRST OF DEC,ALL PRODUCTION PRACTICES,30,12,30
SURVEY,POINT IN TIME,MT,UNITED STATES,2021,,STATE,,FIELD CROPS,,CAPACITY,00000000,2024-01-09 15:00:00.000,TOTAL,,MONTANA,CROPS,,,NOT SPECIFIED,MONTANA,"320,000,000",BU,,,,ON FARM,,,9000,"GRAIN STORAGE CAPACITY, ON FARM - CAPACITY, MEASURED IN BU",12,GRAIN STORAGE CAPACITY,ALL CLASSES,FIRST OF DEC,ALL PRODUCTION PRACTICES,30,12,30
SURVEY,POINT IN TIME,MT,UNITED STATES,2020,,STATE,,FIELD CROPS,,CAPACITY,00000000,2024-01-09 15:00:00.000,TOTAL,,MONTANA,CROPS,,,NOT SPECIFIED,MONTANA,"320,000,000",BU,,,,ON FARM,,,9000,"GRAIN STORAGE CAPACITY, ON FARM - CAPACITY, MEASURED IN BU",12,GRAIN STORAGE CAPACITY,ALL CLASSES,FIRST OF DEC,ALL PRODUCTION PRACTICES,30,12,30
SURVEY,POINT IN TIME,MT,UNITED STATES,2019,,STATE,,FIELD CROPS,,CAPACITY,00000000,2024-01-09 15:00:00.000,TOTAL,,MONTANA,CROPS,,,NOT SPECIFIED,MONTANA,"330,000,000",BU,,,,ON FARM,,,9000,"GRAIN STORAGE CAPACITY, ON FARM - CAPACITY, MEASURED IN BU",12,GRAIN STORAGE CAPACITY,ALL CLASSES,FIRST OF DEC,ALL PRODUCTION PRACTICES,30,12,30
SURVEY,POINT IN TIME,MT,UNITED STATES,2018,,STATE,,FIELD CROPS,,CAPACITY,00000000,2024-01-09 15:00:00.000,TOTAL,,MONTANA,CROPS,,,NOT SPECIFIED,MONTANA,"330,000,000",BU,,,,ON FARM,,,9000,"GRAIN STORAGE CAPACITY, ON FARM - CAPACITY, MEASURED IN BU",12,GRAIN STORAGE CAPACITY,ALL CLASSES,FIRST OF DEC,ALL PRODUCTION PRACTICES,30,12,30
SURVEY,POINT IN TIME,MT,UNITED STATES,2017,,STATE,,FIELD CROPS,,CAPACITY,00000000,2019-02-06 15:00:06.000,TOTAL,,MONTANA,CROPS,,,NOT SPECIFIED,MONTANA,"340,000,000",BU,,,,ON FARM,,,9000,"GRAIN STORAGE CAPACITY, ON FARM - CAPACITY, MEASURED IN BU",12,GRAIN STORAGE CAPACITY,ALL CLASSES,FIRST OF DEC,ALL PRODUCTION PRACTICES,30,12,30
SURVEY,POINT IN TIME,MT,UNITED STATES,2016,,STATE,,FIELD CROPS,,CAPACITY,00000000,2019-02-06 15:00:06.000,TOTAL,,MONTANA,CROPS,,,NOT SPECIFIED,MONTANA,"340,000,000",BU,,,,ON FARM,,,9000,"GRAIN STORAGE CAPACITY, ON FARM - CAPACITY, MEASURED IN BU",12,GRAIN STORAGE CAPACITY,ALL CLASSES,FIRST OF DEC,ALL PRODUCTION PRACTICES,30,12,30
SURVEY,POINT IN TIME,MT,UNITED STATES,2015,,STATE,,FIELD CROPS,,CAPACITY,00000000,2019-02-06 15:00:06.000,TOTAL,,MONTANA,CROPS,,,NOT SPECIFIED,MONTANA,"340,000,000",BU,,,,ON FARM,,,9000,"GRAIN STORAGE CAPACITY, ON FARM - CAPACITY, MEASURED IN BU",12,GRAIN STORAGE CAPACITY,ALL CLASSES,FIRST OF DEC,ALL PRODUCTION PRACTICES,30,12,30
SURVEY,POINT IN TIME,MT,UNITED STATES,2014,,STATE,,FIELD CROPS,,CAPACITY,00000000,2019-02-06 15:00:06.000,TOTAL,,MONTANA,CROPS,,,NOT SPECIFIED,MONTANA,"340,000,000",BU,,,,ON FARM,,,9000,"GRAIN STORAGE CAPACITY, ON FARM - CAPACITY, MEASURED IN BU",12,GRAIN STORAGE CAPACITY,ALL CLASSES,FIRST OF DEC,ALL PRODUCTION PRACTICES,30,12,30
SURVEY,POINT IN TIME,MT,UNITED STATES,2013,,STATE,,FIELD CROPS,,CAPACITY,00000000,2019-02-06 15:00:06.000,TOTAL,,MONTANA,CROPS,,,NOT SPECIFIED,MONTANA,"340,000,000",BU,,,,ON FARM,,,9000,"GRAIN STORAGE CAPACITY, ON FARM - CAPACITY, MEASURED IN BU",12,GRAIN STORAGE CAPACITY,ALL CLASSES,FIRST OF DEC,ALL PRODUCTION PRACTICES,30,12,30
SURVEY,POINT IN TIME,MT,UNITED STATES,2012,,STATE,,FIELD CROPS,,CAPACITY,00000000,2014-11-03 15:18:45.000,TOTAL,,MONTANA,CROPS,,,NOT SPECIFIED,MONTANA,"340,000,000",BU,,,,ON FARM,,,9000,"GRAIN STORAGE CAPACITY, ON FARM - CAPACITY, MEASURED IN BU",12,GRAIN STORAGE CAPACITY,ALL CLASSES,FIRST OF DEC,ALL PRODUCTION PRACTICES,30,12,30
SURVEY,POINT IN TIME,MT,UNITED STATES,2011,,STATE,,FIELD CROPS,,CAPACITY,00000000,2014-11-03 15:18:45.000,TOTAL,,MONTANA,CROPS,,,NOT SPECIFIED,MONTANA,"340,000,000",BU,,,,ON FARM,,,9000,"GRAIN STORAGE CAPACITY, ON FARM - CAPACITY, MEASURED IN BU",12,GRAIN STORAGE CAPACITY,ALL CLASSES,FIRST OF DEC,ALL PRODUCTION PRACTICES,30,12,30
SURVEY,POINT IN TIME,MT,UNITED STATES,2010,,STATE,,FIELD CROPS,,CAPACITY,00000000,2014-11-03 15:18:45.000,TOTAL,,MONTANA,CROPS,,,NOT SPECIFIED,MONTANA,"340,000,000",BU,,,,ON FARM,,,9000,"GRAIN STORAGE CAPACITY, ON FARM - CAPACITY, MEASURED IN BU",12,GRAIN STORAGE CAPACITY,ALL CLASSES,FIRST OF DEC,ALL PRODUCTION PRACTICES,30,12,30
SURVEY,POINT IN TIME,NE,UNITED STATES,2025,,STATE,,FIELD CROPS,,CAPACITY,00000000,2026-01-12 12:00:00.000,TOTAL,,NEBRASKA,CROPS,,,NOT SPECIFIED,NEBRASKA,"1,180,000,000",BU,,,,ON FARM,,,9000,"GRAIN STORAGE CAPACITY, ON FARM - CAPACITY, MEASURED IN BU",12,GRAIN STORAGE CAPACITY,ALL CLASSES,FIRST OF DEC,ALL PRODUCTION PRACTICES,31,12,31
SURVEY,POINT IN TIME,NE,UNITED STATES,2024,,STATE,,FIELD CROPS,,CAPACITY,00000000,2026-01-12 12:00:00.000,TOTAL,,NEBRASKA,CROPS,,,NOT SPECIFIED,NEBRASKA,"1,180,000,000",BU,,,,ON FARM,,,9000,"GRAIN STORAGE CAPACITY, ON FARM - CAPACITY, MEASURED IN BU",12,GRAIN STORAGE CAPACITY,ALL CLASSES,FIRST OF DEC,ALL PRODUCTION PRACTICES,31,12,31
SURVEY,POINT IN TIME,NE,UNITED STATES,2023,,STATE,,FIELD CROPS,,CAPACITY,00000000,2025-01-10 12:00:00.000,TOTAL,,NEBRASKA,CROPS,,,NOT SPECIFIED,NEBRASKA,"1,200,000,000",BU,,,,ON FARM,,,9000,"GRAIN STORAGE CAPACITY, ON FARM - CAPACITY, MEASURED IN BU",12,GRAIN STORAGE CAPACITY,ALL CLASSES,FIRST OF DEC,ALL PRODUCTION PRACTICES,31,12,31
SURVEY,POINT IN TIME,NE,UNITED STATES,2022,,STATE,,FIELD CROPS,,CAPACITY,00000000,2024-01-09 15:00:00.000,TOTAL,,NEBRASKA,CROPS,,,NOT SPECIFIED,NEBRASKA,"1,200,000,000",BU,,,,ON FARM,,,9000,"GRAIN STORAGE CAPACITY, ON FARM - CAPACITY, MEASURED IN BU",12,GRAIN STORAGE CAPACITY,ALL CLASSES,FIRST OF DEC,ALL PRODUCTION PRACTICES,31,12,31
SURVEY,POINT IN TIME,NE,UNITED STATES,2021,,STATE,,FIELD CROPS,,CAPACITY,00000000,2024-01-09 15:00:00.000,TOTAL,,NEBRASKA,CROPS,,,NOT SPECIFIED,NEBRASKA,"1,200,000,000",BU,,,,ON FARM,,,9000,"GRAIN STORAGE CAPACITY, ON FARM - CAPACITY, MEASURED IN BU",12,GRAIN STORAGE CAPACITY,ALL CLASSES,FIRST OF DEC,ALL PRODUCTION PRACTICES,31,12,31
SURVEY,POINT IN TIME,NE,UNITED STATES,2020,,STATE,,FIELD CROPS,,CAPACITY,00000000,2024-01-09 15:00:00.000,TOTAL,,NEBRASKA,CROPS,,,NOT SPECIFIED,NEBRASKA,"1,200,000,000",BU,,,,ON FARM,,,9000,"GRAIN STORAGE CAPACITY, ON FARM - CAPACITY, MEASURED IN BU",12,GRAIN STORAGE CAPACITY,ALL CLASSES,FIRST OF DEC,ALL PRODUCTION PRACTICES,31,12,31
SURVEY,POINT IN TIME,NE,UNITED STATES,2019,,STATE,,FIELD CROPS,,CAPACITY,00000000,2024-01-09 15:00:00.000,TOTAL,,NEBRASKA,CROPS,,,NOT SPECIFIED,NEBRASKA,"1,200,000,000",BU,,,,ON FARM,,,9000,"GRAIN STORAGE CAPACITY, ON FARM - CAPACITY, MEASURED IN BU",12,GRAIN STORAGE CAPACITY,ALL CLASSES,FIRST OF DEC,ALL PRODUCTION PRACTICES,31,12,31
SURVEY,POINT IN TIME,NE,UNITED STATES,2018,,STATE,,FIELD CROPS,,CAPACITY,00000000,2024-01-09 15:00:00.000,TOTAL,,NEBRASKA,CROPS,,,NOT SPECIFIED,NEBRASKA,"1,200,000,000",BU,,,,ON FARM,,,9000,"GRAIN STORAGE CAPACITY, ON FARM - CAPACITY, MEASURED IN BU",12,GRAIN STORAGE CAPACITY,ALL CLASSES,FIRST OF DEC,ALL PRODUCTION PRACTICES,31,12,31
SURVEY,POINT IN TIME,NE,UNITED STATES,2017,,STATE,,FIELD CROPS,,CAPACITY,00000000,2019-02-06 15:00:06.000,TOTAL,,NEBRASKA,CROPS,,,NOT SPECIFIED,NEBRASKA,"1,180,000,000",BU,,,,ON FARM,,,9000,"GRAIN STORAGE CAPACITY, ON FARM - CAPACITY, MEASURED IN BU",12,GRAIN STORAGE CAPACITY,ALL CLASSES,FIRST OF DEC,ALL PRODUCTION PRACTICES,31,12,31
SURVEY,POINT IN TIME,NE,UNITED STATES,2016,,STATE,,FIELD CROPS,,CAPACITY,00000000,2019-02-06 15:00:06.000,TOTAL,,NEBRASKA,CROPS,,,NOT SPECIFIED,NEBRASKA,"1,180,000,000",BU,,,,ON FARM,,,9000,"GRAIN STORAGE CAPACITY, ON FARM - CAPACITY, MEASURED IN BU",12,GRAIN STORAGE CAPACITY,ALL CLASSES,FIRST OF DEC,ALL PRODUCTION PRACTICES,31,12,31
SURVEY,POINT IN TIME,NE,UNITED STATES,2015,,STATE,,FIELD CROPS,,CAPACITY,00000000,2019-02-06 15:00:06.000,TOTAL,,NEBRASKA,CROPS,,,NOT SPECIFIED,NEBRASKA,"1,180,000,000",BU,,,,ON FARM,,,9000,"GRAIN STORAGE CAPACITY, ON FARM - CAPACITY, MEASURED IN BU",12,GRAIN STORAGE CAPACITY,ALL CLASSES,FIRST OF DEC,ALL PRODUCTION PRACTICES,31,12,31
SURVEY,POINT IN TIME,NE,UNITED STATES,2014,,STATE,,FIELD CROPS,,CAPACITY,00000000,2019-02-06 15:00:06.000,TOTAL,,NEBRASKA,CROPS,,,NOT SPECIFIED,NEBRASKA,"1,180,000,000",BU,,,,ON FARM,,,9000,"GRAIN STORAGE CAPACITY, ON FARM - CAPACITY, MEASURED IN BU",12,GRAIN STORAGE CAPACITY,ALL CLASSES,FIRST OF DEC,ALL PRODUCTION PRACTICES,31,12,31
SURVEY,POINT IN TIME,NE,UNITED STATES,2013,,STATE,,FIELD CROPS,,CAPACITY,00000000,2019-02-06 15:00:06.000,TOTAL,,NEBRASKA,CROPS,,,NOT SPECIFIED,NEBRASKA,"1,150,000,000",BU,,,,ON FARM,,,9000,"GRAIN STORAGE CAPACITY, ON FARM - CAPACITY, MEASURED IN BU",12,GRAIN STORAGE CAPACITY,ALL CLASSES,FIRST OF DEC,ALL PRODUCTION PRACTICES,31,12,31
SURVEY,POINT IN TIME,NE,UNITED STATES,2012,,STATE,,FIELD CROPS,,CAPACITY,00000000,2014-11-03 15:18:45.000,TOTAL,,NEBRASKA,CROPS,,,NOT SPECIFIED,NEBRASKA,"1,130,000,000",BU,,,,ON FARM,,,9000,"GRAIN STORAGE CAPACITY, ON FARM - CAPACITY, MEASURED IN BU",12,GRAIN STORAGE CAPACITY,ALL CLASSES,FIRST OF DEC,ALL PRODUCTION PRACTICES,31,12,31
SURVEY,POINT IN TIME,NE,UNITED STATES,2011,,STATE,,FIELD CROPS,,CAPACITY,00000000,2014-11-03 15:18:45.000,TOTAL,,NEBRASKA,CROPS,,,NOT SPECIFIED,NEBRASKA,"1,110,000,000",BU,,,,ON FARM,,,9000,"GRAIN STORAGE CAPACITY, ON FARM - CAPACITY, MEASURED IN BU",12,GRAIN STORAGE CAPACITY,ALL CLASSES,FIRST OF DEC,ALL PRODUCTION PRACTICES,31,12,31
SURVEY,POINT IN TIME,NE,UNITED STATES,2010,,STATE,,FIELD CROPS,,CAPACITY,00000000,2014-11-03 15:18:45.000,TOTAL,,NEBRASKA,CROPS,,,NOT SPECIFIED,NEBRASKA,"1,110,000,000",BU,,,,ON FARM,,,9000,"GRAIN STORAGE CAPACITY, ON FARM - CAPACITY, MEASURED IN BU",12,GRAIN STORAGE CAPACITY,ALL CLASSES,FIRST OF DEC,ALL PRODUCTION PRACTICES,31,12,31
SURVEY,POINT IN TIME,NY,UNITED STATES,2025,,STATE,,FIELD CROPS,,CAPACITY,00000000,2026-01-12 12:00:00.000,TOTAL,,NEW YORK,CROPS,,,NOT SPECIFIED,NEW YORK,"125,000,000",BU,,,,ON FARM,,,9000,"GRAIN STORAGE CAPACITY, ON FARM - CAPACITY, MEASURED IN BU",12,GRAIN STORAGE CAPACITY,ALL CLASSES,FIRST OF DEC,ALL PRODUCTION PRACTICES,36,12,36
SURVEY,POINT IN TIME,NY,UNITED STATES,2024,,STATE,,FIELD CROPS,,CAPACITY,00000000,2026-01-12 12:00:00.000,TOTAL,,NEW YORK,CROPS,,,NOT SPECIFIED,NEW YORK,"125,000,000",BU,,,,ON FARM,,,9000,"GRAIN STORAGE CAPACITY, ON FARM - CAPACITY, MEASURED IN BU",12,GRAIN STORAGE CAPACITY,ALL CLASSES,FIRST OF DEC,ALL PRODUCTION PRACTICES,36,12,36
SURVEY,POINT IN TIME,NY,UNITED STATES,2023,,STATE,,FIELD CROPS,,CAPACITY,00000000,2025-01-10 12:00:00.000,TOTAL,,NEW YORK,CROPS,,,NOT SPECIFIED,NEW YORK,"125,000,000",BU,,,,ON FARM,,,9000,"GRAIN STORAGE CAPACITY, ON FARM - CAPACITY, MEASURED IN BU",12,GRAIN STORAGE CAPACITY,ALL CLASSES,FIRST OF DEC,ALL PRODUCTION PRACTICES,36,12,36
SURVEY,POINT IN TIME,NY,UNITED STATES,2022,,STATE,,FIELD CROPS,,CAPACITY,00000000,2024-01-09 15:00:00.000,TOTAL,,NEW YORK,CROPS,,,NOT SPECIFIED,NEW YORK,"125,000,000",BU,,,,ON FARM,,,9000,"GRAIN STORAGE CAPACITY, ON FARM - CAPACITY, MEASURED IN BU",12,GRAIN STORAGE CAPACITY,ALL CLASSES,FIRST OF DEC,ALL PRODUCTION PRACTICES,36,12,36
SURVEY,POINT IN TIME,NY,UNITED STATES,2021,,STATE,,FIELD CROPS,,CAPACITY,00000000,2024-01-09 15:00:00.000,TOTAL,,NEW YORK,CROPS,,,NOT SPECIFIED,NEW YORK,"120,000,000",BU,,,,ON FARM,,,9000,"GRAIN STORAGE CAPACITY, ON FARM - CAPACITY, MEASURED IN BU",12,GRAIN STORAGE CAPACITY,ALL CLASSES,FIRST OF DEC,ALL PRODUCTION PRACTICES,36,12,36
SURVEY,POINT IN TIME,NY,UNITED STATES,2020,,STATE,,FIELD CROPS,,CAPACITY,00000000,2024-01-09 15:00:00.000,TOTAL,,NEW YORK,CROPS,,,NOT SPECIFIED,NEW YORK,"120,000,000",BU,,,,ON FARM,,,9000,"GRAIN STORAGE CAPACITY, ON FARM - CAPACITY, MEASURED IN BU",12,GRAIN STORAGE CAPACITY,ALL CLASSES,FIRST OF DEC,ALL PRODUCTION PRACTICES,36,12,36
SURVEY,POINT IN TIME,NY,UNITED STATES,2019,,STATE,,FIELD CROPS,,CAPACITY,00000000,2024-01-09 15:00:00.000,TOTAL,,NEW YORK,CROPS,,,NOT SPECIFIED,NEW YORK,"120,000,000",BU,,,,ON FARM,,,9000,"GRAIN STORAGE CAPACITY, ON FARM - CAPACITY, MEASURED IN BU",12,GRAIN STORAGE CAPACITY,ALL CLASSES,FIRST OF DEC,ALL PRODUCTION PRACTICES,36,12,36
SURVEY,POINT IN TIME,NY,UNITED STATES,2018,,STATE,,FIELD CROPS,,CAPACITY,00000000,2024-01-09 15:00:00.000,TOTAL,,NEW YORK,CROPS,,,NOT SPECIFIED,NEW YORK,"125,000,000",BU,,,,ON FARM,,,9000,"GRAIN STORAGE CAPACITY, ON FARM - CAPACITY, MEASURED IN BU",12,GRAIN STORAGE CAPACITY,ALL CLASSES,FIRST OF DEC,ALL PRODUCTION PRACTICES,36,12,36
SURVEY,POINT IN TIME,NY,UNITED STATES,2017,,STATE,,FIELD CROPS,,CAPACITY,00000000,2019-02-06 15:00:06.000,TOTAL,,NEW YORK,CROPS,,,NOT SPECIFIED,NEW YORK,"130,000,000",BU,,,,ON FARM,,,9000,"GRAIN STORAGE CAPACITY, ON FARM - CAPACITY, MEASURED IN BU",12,GRAIN STORAGE CAPACITY,ALL CLASSES,FIRST OF DEC,ALL PRODUCTION PRACTICES,36,12,36
SURVEY,POINT IN TIME,NY,UNITED STATES,2016,,STATE,,FIELD CROPS,,CAPACITY,00000000,2019-02-06 15:00:06.000,TOTAL,,NEW YORK,CROPS,,,NOT SPECIFIED,NEW YORK,"130,000,000",BU,,,,ON FARM,,,9000,"GRAIN STORAGE CAPACITY, ON FARM - CAPACITY, MEASURED IN BU",12,GRAIN STORAGE CAPACITY,ALL CLASSES,FIRST OF DEC,ALL PRODUCTION PRACTICES,36,12,36
SURVEY,POINT IN TIME,NY,UNITED STATES,2015,,STATE,,FIELD CROPS,,CAPACITY,00000000,2019-02-06 15:00:06.000,TOTAL,,NEW YORK,CROPS,,,NOT SPECIFIED,NEW YORK,"125,000,000",BU,,,,ON FARM,,,9000,"GRAIN STORAGE CAPACITY, ON FARM - CAPACITY, MEASURED IN BU",12,GRAIN STORAGE CAPACITY,ALL CLASSES,FIRST OF DEC,ALL PRODUCTION PRACTICES,36,12,36
SURVEY,POINT IN TIME,NY,UNITED STATES,2014,,STATE,,FIELD CROPS,,CAPACITY,00000000,2019-02-06 15:00:06.000,TOTAL,,NEW YORK,CROPS,,,NOT SPECIFIED,NEW YORK,"125,000,000",BU,,,,ON FARM,,,9000,"GRAIN STORAGE CAPACITY, ON FARM - CAPACITY, MEASURED IN BU",12,GRAIN STORAGE CAPACITY,ALL CLASSES,FIRST OF DEC,ALL PRODUCTION PRACTICES,36,12,36
SURVEY,POINT IN TIME,NY,UNITED STATES,2013,,STATE,,FIELD CROPS,,CAPACITY,00000000,2019-02-06 15:00:06.000,TOTAL,,NEW YORK,CROPS,,,NOT SPECIFIED,NEW YORK,"120,000,000",BU,,,,ON FARM,,,9000,"GRAIN STORAGE CAPACITY, ON FARM - CAPACITY, MEASURED IN BU",12,GRAIN STORAGE CAPACITY,ALL CLASSES,FIRST OF DEC,ALL PRODUCTION PRACTICES,36,12,36
SURVEY,POINT IN TIME,NY,UNITED STATES,2012,,STATE,,FIELD CROPS,,CAPACITY,00000000,2014-11-03 15:18:45.000,TOTAL,,NEW YORK,CROPS,,,NOT SPECIFIED,NEW YORK,"115,000,000",BU,,,,ON FARM,,,9000,"GRAIN STORAGE CAPACITY, ON FARM - CAPACITY, MEASURED IN BU",12,GRAIN STORAGE CAPACITY,ALL CLASSES,FIRST OF DEC,ALL PRODUCTION PRACTICES,36,12,36
SURVEY,POINT IN TIME,NY,UNITED STATES,2011,,STATE,,FIELD CROPS,,CAPACITY,00000000,2014-11-03 15:18:45.000,TOTAL,,NEW YORK,CROPS,,,NOT SPECIFIED,NEW YORK,"110,000,000",BU,,,,ON FARM,,,9000,"GRAIN STORAGE CAPACITY, ON FARM - CAPACITY, MEASURED IN BU",12,GRAIN STORAGE CAPACITY,ALL CLASSES,FIRST OF DEC,ALL PRODUCTION PRACTICES,36,12,36
SURVEY,POINT IN TIME,NY,UNITED STATES,2010,,STATE,,FIELD CROPS,,CAPACITY,00000000,2014-11-03 15:18:45.000,TOTAL,,NEW YORK,CROPS,,,NOT SPECIFIED,NEW YORK,"105,000,000",BU,,,,ON FARM,,,9000,"GRAIN STORAGE CAPACITY, ON FARM - CAPACITY, MEASURED IN BU",12,GRAIN STORAGE CAPACITY,ALL CLASSES,FIRST OF DEC,ALL PRODUCTION PRACTICES,36,12,36
SURVEY,POINT IN TIME,NC,UNITED STATES,2025,,STATE,,FIELD CROPS,,CAPACITY,00000000,2026-01-12 12:00:00.000,TOTAL,,NORTH CAROLINA,CROPS,,,NOT SPECIFIED,NORTH CAROLINA,"115,000,000",BU,,,,ON FARM,,,9000,"GRAIN STORAGE CAPACITY, ON FARM - CAPACITY, MEASURED IN BU",12,GRAIN STORAGE CAPACITY,ALL CLASSES,FIRST OF DEC,ALL PRODUCTION PRACTICES,37,12,37
SURVEY,POINT IN TIME,NC,UNITED STATES,2024,,STATE,,FIELD CROPS,,CAPACITY,00000000,2026-01-12 12:00:00.000,TOTAL,,NORTH CAROLINA,CROPS,,,NOT SPECIFIED,NORTH CAROLINA,"110,000,000",BU,,,,ON FARM,,,9000,"GRAIN STORAGE CAPACITY, ON FARM - CAPACITY, MEASURED IN BU",12,GRAIN STORAGE CAPACITY,ALL CLASSES,FIRST OF DEC,ALL PRODUCTION PRACTICES,37,12,37
SURVEY,POINT IN TIME,NC,UNITED STATES,2023,,STATE,,FIELD CROPS,,CAPACITY,00000000,2025-01-10 12:00:00.000,TOTAL,,NORTH CAROLINA,CROPS,,,NOT SPECIFIED,NORTH CAROLINA,"105,000,000",BU,,,,ON FARM,,,9000,"GRAIN STORAGE CAPACITY, ON FARM - CAPACITY, MEASURED IN BU",12,GRAIN STORAGE CAPACITY,ALL CLASSES,FIRST OF DEC,ALL PRODUCTION PRACTICES,37,12,37
SURVEY,POINT IN TIME,NC,UNITED STATES,2022,,STATE,,FIELD CROPS,,CAPACITY,00000000,2024-01-09 15:00:00.000,TOTAL,,NORTH CAROLINA,CROPS,,,NOT SPECIFIED,NORTH CAROLINA,"105,000,000",BU,,,,ON FARM,,,9000,"GRAIN STORAGE CAPACITY, ON FARM - CAPACITY, MEASURED IN BU",12,GRAIN STORAGE CAPACITY,ALL CLASSES,FIRST OF DEC,ALL PRODUCTION PRACTICES,37,12,37
SURVEY,POINT IN TIME,NC,UNITED STATES,2021,,STATE,,FIELD CROPS,,CAPACITY,00000000,2024-01-09 15:00:00.000,TOTAL,,NORTH CAROLINA,CROPS,,,NOT SPECIFIED,NORTH CAROLINA,"105,000,000",BU,,,,ON FARM,,,9000,"GRAIN STORAGE CAPACITY, ON FARM - CAPACITY, MEASURED IN BU",12,GRAIN STORAGE CAPACITY,ALL CLASSES,FIRST OF DEC,ALL PRODUCTION PRACTICES,37,12,37
SURVEY,POINT IN TIME,NC,UNITED STATES,2020,,STATE,,FIELD CROPS,,CAPACITY,00000000,2024-01-09 15:00:00.000,TOTAL,,NORTH CAROLINA,CROPS,,,NOT SPECIFIED,NORTH CAROLINA,"105,000,000",BU,,,,ON FARM,,,9000,"GRAIN STORAGE CAPACITY, ON FARM - CAPACITY, MEASURED IN BU",12,GRAIN STORAGE CAPACITY,ALL CLASSES,FIRST OF DEC,ALL PRODUCTION PRACTICES,37,12,37
SURVEY,POINT IN TIME,NC,UNITED STATES,2019,,STATE,,FIELD CROPS,,CAPACITY,00000000,2024-01-09 15:00:00.000,TOTAL,,NORTH CAROLINA,CROPS,,,NOT SPECIFIED,NORTH CAROLINA,"105,000,000",BU,,,,ON FARM,,,9000,"GRAIN STORAGE CAPACITY, ON FARM - CAPACITY, MEASURED IN BU",12,GRAIN STORAGE CAPACITY,ALL CLASSES,FIRST OF DEC,ALL PRODUCTION PRACTICES,37,12,37
SURVEY,POINT IN TIME,NC,UNITED STATES,2018,,STATE,,FIELD CROPS,,CAPACITY,00000000,2024-01-09 15:00:00.000,TOTAL,,NORTH CAROLINA,CROPS,,,NOT SPECIFIED,NORTH CAROLINA,"105,000,000",BU,,,,ON FARM,,,9000,"GRAIN STORAGE CAPACITY, ON FARM - CAPACITY, MEASURED IN BU",12,GRAIN STORAGE CAPACITY,ALL CLASSES,FIRST OF DEC,ALL PRODUCTION PRACTICES,37,12,37
SURVEY,POINT IN TIME,NC,UNITED STATES,2017,,STATE,,FIELD CROPS,,CAPACITY,00000000,2019-02-06 15:00:06.000,TOTAL,,NORTH CAROLINA,CROPS,,,NOT SPECIFIED,NORTH CAROLINA,"105,000,000",BU,,,,ON FARM,,,9000,"GRAIN STORAGE CAPACITY, ON FARM - CAPACITY, MEASURED IN BU",12,GRAIN STORAGE CAPACITY,ALL CLASSES,FIRST OF DEC,ALL PRODUCTION PRACTICES,37,12,37
SURVEY,POINT IN TIME,NC,UNITED STATES,2016,,STATE,,FIELD CROPS,,CAPACITY,00000000,2019-02-06 15:00:06.000,TOTAL,,NORTH CAROLINA,CROPS,,,NOT SPECIFIED,NORTH CAROLINA,"105,000,000",BU,,,,ON FARM,,,9000,"GRAIN STORAGE CAPACITY, ON FARM - CAPACITY, MEASURED IN BU",12,GRAIN STORAGE CAPACITY,ALL CLASSES,FIRST OF DEC,ALL PRODUCTION PRACTICES,37,12,37
SURVEY,POINT IN TIME,NC,UNITED STATES,2015,,STATE,,FIELD CROPS,,CAPACITY,00000000,2019-02-06 15:00:06.000,TOTAL,,NORTH CAROLINA,CROPS,,,NOT SPECIFIED,NORTH CAROLINA,"105,000,000",BU,,,,ON FARM,,,9000,"GRAIN STORAGE CAPACITY, ON FARM - CAPACITY, MEASURED IN BU",12,GRAIN STORAGE CAPACITY,ALL CLASSES,FIRST OF DEC,ALL PRODUCTION PRACTICES,37,12,37
SURVEY,POINT IN TIME,NC,UNITED STATES,2014,,STATE,,FIELD CROPS,,CAPACITY,00000000,2019-02-06 15:00:06.000,TOTAL,,NORTH CAROLINA,CROPS,,,NOT SPECIFIED,NORTH CAROLINA,"105,000,000",BU,,,,ON FARM,,,9000,"GRAIN STORAGE CAPACITY, ON FARM - CAPACITY, MEASURED IN BU",12,GRAIN STORAGE CAPACITY,ALL CLASSES,FIRST OF DEC,ALL PRODUCTION PRACTICES,37,12,37
SURVEY,POINT IN TIME,NC,UNITED STATES,2013,,STATE,,FIELD CROPS,,CAPACITY,00000000,2019-02-06 15:00:06.000,TOTAL,,NORTH CAROLINA,CROPS,,,NOT SPECIFIED,NORTH CAROLINA,"100,000,000",BU,,,,ON FARM,,,9000,"GRAIN STORAGE CAPACITY, ON FARM - CAPACITY, MEASURED IN BU",12,GRAIN STORAGE CAPACITY,ALL CLASSES,FIRST OF DEC,ALL PRODUCTION PRACTICES,37,12,37
SURVEY,POINT IN TIME,NC,UNITED STATES,2012,,STATE,,FIELD CROPS,,CAPACITY,00000000,2014-11-03 15:18:45.000,TOTAL,,NORTH CAROLINA,CROPS,,,NOT SPECIFIED,NORTH CAROLINA,"100,000,000",BU,,,,ON FARM,,,9000,"GRAIN STORAGE CAPACITY, ON FARM - CAPACITY, MEASURED IN BU",12,GRAIN STORAGE CAPACITY,ALL CLASSES,FIRST OF DEC,ALL PRODUCTION PRACTICES,37,12,37
SURVEY,POINT IN TIME,NC,UNITED STATES,2011,,STATE,,FIELD CROPS,,CAPACITY,00000000,2014-11-03 15:18:45.000,TOTAL,,NORTH CAROLINA,CROPS,,,NOT SPECIFIED,NORTH CAROLINA,"100,000,000",BU,,,,ON FARM,,,9000,"GRAIN STORAGE CAPACITY, ON FARM - CAPACITY, MEASURED IN BU",12,GRAIN STORAGE CAPACITY,ALL CLASSES,FIRST OF DEC,ALL PRODUCTION PRACTICES,37,12,37
SURVEY,POINT IN TIME,NC,UNITED STATES,2010,,STATE,,FIELD CROPS,,CAPACITY,00000000,2014-11-03 15:18:45.000,TOTAL,,NORTH CAROLINA,CROPS,,,NOT SPECIFIED,NORTH CAROLINA,"95,000,000",BU,,,,ON FARM,,,9000,"GRAIN STORAGE CAPACITY, ON FARM - CAPACITY, MEASURED IN BU",12,GRAIN STORAGE CAPACITY,ALL CLASSES,FIRST OF DEC,ALL PRODUCTION PRACTICES,37,12,37
SURVEY,POINT IN TIME,ND,UNITED STATES,2025,,STATE,,FIELD CROPS,,CAPACITY,00000000,2026-01-12 12:00:00.000,TOTAL,,NORTH DAKOTA,CROPS,,,NOT SPECIFIED,NORTH DAKOTA,"930,000,000",BU,,,,ON FARM,,,9000,"GRAIN STORAGE CAPACITY, ON FARM - CAPACITY, MEASURED IN BU",12,GRAIN STORAGE CAPACITY,ALL CLASSES,FIRST OF DEC,ALL PRODUCTION PRACTICES,38,12,38
SURVEY,POINT IN TIME,ND,UNITED STATES,2024,,STATE,,FIELD CROPS,,CAPACITY,00000000,2026-01-12 12:00:00.000,TOTAL,,NORTH DAKOTA,CROPS,,,NOT SPECIFIED,NORTH DAKOTA,"930,000,000",BU,,,,ON FARM,,,9000,"GRAIN STORAGE CAPACITY, ON FARM - CAPACITY, MEASURED IN BU",12,GRAIN STORAGE CAPACITY,ALL CLASSES,FIRST OF DEC,ALL PRODUCTION PRACTICES,38,12,38
SURVEY,POINT IN TIME,ND,UNITED STATES,2023,,STATE,,FIELD CROPS,,CAPACITY,00000000,2025-01-10 12:00:00.000,TOTAL,,NORTH DAKOTA,CROPS,,,NOT SPECIFIED,NORTH DAKOTA,"930,000,000",BU,,,,ON FARM,,,9000,"GRAIN STORAGE CAPACITY, ON FARM - CAPACITY, MEASURED IN BU",12,GRAIN STORAGE CAPACITY,ALL CLASSES,FIRST OF DEC,ALL PRODUCTION PRACTICES,38,12,38
SURVEY,POINT IN TIME,ND,UNITED STATES,2022,,STATE,,FIELD CROPS,,CAPACITY,00000000,2024-01-09 15:00:00.000,TOTAL,,NORTH DAKOTA,CROPS,,,NOT SPECIFIED,NORTH DAKOTA,"930,000,000",BU,,,,ON FARM,,,9000,"GRAIN STORAGE CAPACITY, ON FARM - CAPACITY, MEASURED IN BU",12,GRAIN STORAGE CAPACITY,ALL CLASSES,FIRST OF DEC,ALL PRODUCTION PRACTICES,38,12,38
SURVEY,POINT IN TIME,ND,UNITED STATES,2021,,STATE,,FIELD CROPS,,CAPACITY,00000000,2024-01-09 15:00:00.000,TOTAL,,NORTH DAKOTA,CROPS,,,NOT SPECIFIED,NORTH DAKOTA,"930,000,000",BU,,,,ON FARM,,,9000,"GRAIN STORAGE CAPACITY, ON FARM - CAPACITY, MEASURED IN BU",12,GRAIN STORAGE CAPACITY,ALL CLASSES,FIRST OF DEC,ALL PRODUCTION PRACTICES,38,12,38
SURVEY,POINT IN TIME,ND,UNITED STATES,2020,,STATE,,FIELD CROPS,,CAPACITY,00000000,2024-01-09 15:00:00.000,TOTAL,,NORTH DAKOTA,CROPS,,,NOT SPECIFIED,NORTH DAKOTA,"930,000,000",BU,,,,ON FARM,,,9000,"GRAIN STORAGE CAPACITY, ON FARM - CAPACITY, MEASURED IN BU",12,GRAIN STORAGE CAPACITY,ALL CLASSES,FIRST OF DEC,ALL PRODUCTION PRACTICES,38,12,38
SURVEY,POINT IN TIME,ND,UNITED STATES,2019,,STATE,,FIELD CROPS,,CAPACITY,00000000,2024-01-09 15:00:00.000,TOTAL,,NORTH DAKOTA,CROPS,,,NOT SPECIFIED,NORTH DAKOTA,"930,000,000",BU,,,,ON FARM,,,9000,"GRAIN STORAGE CAPACITY, ON FARM - CAPACITY, MEASURED IN BU",12,GRAIN STORAGE CAPACITY,ALL CLASSES,FIRST OF DEC,ALL PRODUCTION PRACTICES,38,12,38
SURVEY,POINT IN TIME,ND,UNITED STATES,2018,,STATE,,FIELD CROPS,,CAPACITY,00000000,2024-01-09 15:00:00.000,TOTAL,,NORTH DAKOTA,CROPS,,,NOT SPECIFIED,NORTH DAKOTA,"915,000,000",BU,,,,ON FARM,,,9000,"GRAIN STORAGE CAPACITY, ON FARM - CAPACITY, MEASURED IN BU",12,GRAIN STORAGE CAPACITY,ALL CLASSES,FIRST OF DEC,ALL PRODUCTION PRACTICES,38,12,38
SURVEY,POINT IN TIME,ND,UNITED STATES,2017,,STATE,,FIELD CROPS,,CAPACITY,00000000,2019-02-06 15:00:06.000,TOTAL,,NORTH DAKOTA,CROPS,,,NOT SPECIFIED,NORTH DAKOTA,"900,000,000",BU,,,,ON FARM,,,9000,"GRAIN STORAGE CAPACITY, ON FARM - CAPACITY, MEASURED IN BU",12,GRAIN STORAGE CAPACITY,ALL CLASSES,FIRST OF DEC,ALL PRODUCTION PRACTICES,38,12,38
SURVEY,POINT IN TIME,ND,UNITED STATES,2016,,STATE,,FIELD CROPS,,CAPACITY,00000000,2019-02-06 15:00:06.000,TOTAL,,NORTH DAKOTA,CROPS,,,NOT SPECIFIED,NORTH DAKOTA,"900,000,000",BU,,,,ON FARM,,,9000,"GRAIN STORAGE CAPACITY, ON FARM - CAPACITY, MEASURED IN BU",12,GRAIN STORAGE CAPACITY,ALL CLASSES,FIRST OF DEC,ALL PRODUCTION PRACTICES,38,12,38
SURVEY,POINT IN TIME,ND,UNITED STATES,2015,,STATE,,FIELD CROPS,,CAPACITY,00000000,2019-02-06 15:00:06.000,TOTAL,,NORTH DAKOTA,CROPS,,,NOT SPECIFIED,NORTH DAKOTA,"880,000,000",BU,,,,ON FARM,,,9000,"GRAIN STORAGE CAPACITY, ON FARM - CAPACITY, MEASURED IN BU",12,GRAIN STORAGE CAPACITY,ALL CLASSES,FIRST OF DEC,ALL PRODUCTION PRACTICES,38,12,38
SURVEY,POINT IN TIME,ND,UNITED STATES,2014,,STATE,,FIELD CROPS,,CAPACITY,00000000,2019-02-06 15:00:06.000,TOTAL,,NORTH DAKOTA,CROPS,,,NOT SPECIFIED,NORTH DAKOTA,"880,000,000",BU,,,,ON FARM,,,9000,"GRAIN STORAGE CAPACITY, ON FARM - CAPACITY, MEASURED IN BU",12,GRAIN STORAGE CAPACITY,ALL CLASSES,FIRST OF DEC,ALL PRODUCTION PRACTICES,38,12,38
SURVEY,POINT IN TIME,ND,UNITED STATES,2013,,STATE,,FIELD CROPS,,CAPACITY,00000000,2019-02-06 15:00:06.000,TOTAL,,NORTH DAKOTA,CROPS,,,NOT SPECIFIED,NORTH DAKOTA,"880,000,000",BU,,,,ON FARM,,,9000,"GRAIN STORAGE CAPACITY, ON FARM - CAPACITY, MEASURED IN BU",12,GRAIN STORAGE CAPACITY,ALL CLASSES,FIRST OF DEC,ALL PRODUCTION PRACTICES,38,12,38
SURVEY,POINT IN TIME,ND,UNITED STATES,2012,,STATE,,FIELD CROPS,,CAPACITY,00000000,2014-11-03 15:18:45.000,TOTAL,,NORTH DAKOTA,CROPS,,,NOT SPECIFIED,NORTH DAKOTA,"865,000,000",BU,,,,ON FARM,,,9000,"GRAIN STORAGE CAPACITY, ON FARM - CAPACITY, MEASURED IN BU",12,GRAIN STORAGE CAPACITY,ALL CLASSES,FIRST OF DEC,ALL PRODUCTION PRACTICES,38,12,38
SURVEY,POINT IN TIME,ND,UNITED STATES,2011,,STATE,,FIELD CROPS,,CAPACITY,00000000,2014-11-03 15:18:45.000,TOTAL,,NORTH DAKOTA,CROPS,,,NOT SPECIFIED,NORTH DAKOTA,"850,000,000",BU,,,,ON FARM,,,9000,"GRAIN STORAGE CAPACITY, ON FARM - CAPACITY, MEASURED IN BU",12,GRAIN STORAGE CAPACITY,ALL CLASSES,FIRST OF DEC,ALL PRODUCTION PRACTICES,38,12,38
SURVEY,POINT IN TIME,ND,UNITED STATES,2010,,STATE,,FIELD CROPS,,CAPACITY,00000000,2014-11-03 15:18:45.000,TOTAL,,NORTH DAKOTA,CROPS,,,NOT SPECIFIED,NORTH DAKOTA,"790,000,000",BU,,,,ON FARM,,,9000,"GRAIN STORAGE CAPACITY, ON FARM - CAPACITY, MEASURED IN BU",12,GRAIN STORAGE CAPACITY,ALL CLASSES,FIRST OF DEC,ALL PRODUCTION PRACTICES,38,12,38
SURVEY,POINT IN TIME,OH,UNITED STATES,2025,,STATE,,FIELD CROPS,,CAPACITY,00000000,2026-01-12 12:00:00.000,TOTAL,,OHIO,CROPS,,,NOT SPECIFIED,OHIO,"560,000,000",BU,,,,ON FARM,,,9000,"GRAIN STORAGE CAPACITY, ON FARM - CAPACITY, MEASURED IN BU",12,GRAIN STORAGE CAPACITY,ALL CLASSES,FIRST OF DEC,ALL PRODUCTION PRACTICES,39,12,39
SURVEY,POINT IN TIME,OH,UNITED STATES,2024,,STATE,,FIELD CROPS,,CAPACITY,00000000,2026-01-12 12:00:00.000,TOTAL,,OHIO,CROPS,,,NOT SPECIFIED,OHIO,"550,000,000",BU,,,,ON FARM,,,9000,"GRAIN STORAGE CAPACITY, ON FARM - CAPACITY, MEASURED IN BU",12,GRAIN STORAGE CAPACITY,ALL CLASSES,FIRST OF DEC,ALL PRODUCTION PRACTICES,39,12,39
SURVEY,POINT IN TIME,OH,UNITED STATES,2023,,STATE,,FIELD CROPS,,CAPACITY,00000000,2025-01-10 12:00:00.000,TOTAL,,OHIO,CROPS,,,NOT SPECIFIED,OHIO,"550,000,000",BU,,,,ON FARM,,,9000,"GRAIN STORAGE CAPACITY, ON FARM - CAPACITY, MEASURED IN BU",12,GRAIN STORAGE CAPACITY,ALL CLASSES,FIRST OF DEC,ALL PRODUCTION PRACTICES,39,12,39
SURVEY,POINT IN TIME,OH,UNITED STATES,2022,,STATE,,FIELD CROPS,,CAPACITY,00000000,2024-01-09 15:00:00.000,TOTAL,,OHIO,CROPS,,,NOT SPECIFIED,OHIO,"550,000,000",BU,,,,ON FARM,,,9000,"GRAIN STORAGE CAPACITY, ON FARM - CAPACITY, MEASURED IN BU",12,GRAIN STORAGE CAPACITY,ALL CLASSES,FIRST OF DEC,ALL PRODUCTION PRACTICES,39,12,39
SURVEY,POINT IN TIME,OH,UNITED STATES,2021,,STATE,,FIELD CROPS,,CAPACITY,00000000,2024-01-09 15:00:00.000,TOTAL,,OHIO,CROPS,,,NOT SPECIFIED,OHIO,"550,000,000",BU,,,,ON FARM,,,9000,"GRAIN STORAGE CAPACITY, ON FARM - CAPACITY, MEASURED IN BU",12,GRAIN STORAGE CAPACITY,ALL CLASSES,FIRST OF DEC,ALL PRODUCTION PRACTICES,39,12,39
SURVEY,POINT IN TIME,OH,UNITED STATES,2020,,STATE,,FIELD CROPS,,CAPACITY,00000000,2024-01-09 15:00:00.000,TOTAL,,OHIO,CROPS,,,NOT SPECIFIED,OHIO,"550,000,000",BU,,,,ON FARM,,,9000,"GRAIN STORAGE CAPACITY, ON FARM - CAPACITY, MEASURED IN BU",12,GRAIN STORAGE CAPACITY,ALL CLASSES,FIRST OF DEC,ALL PRODUCTION PRACTICES,39,12,39
SURVEY,POINT IN TIME,OH,UNITED STATES,2019,,STATE,,FIELD CROPS,,CAPACITY,00000000,2024-01-09 15:00:00.000,TOTAL,,OHIO,CROPS,,,NOT SPECIFIED,OHIO,"550,000,000",BU,,,,ON FARM,,,9000,"GRAIN STORAGE CAPACITY, ON FARM - CAPACITY, MEASURED IN BU",12,GRAIN STORAGE CAPACITY,ALL CLASSES,FIRST OF DEC,ALL PRODUCTION PRACTICES,39,12,39
SURVEY,POINT IN TIME,OH,UNITED STATES,2018,,STATE,,FIELD CROPS,,CAPACITY,00000000,2024-01-09 15:00:00.000,TOTAL,,OHIO,CROPS,,,NOT SPECIFIED,OHIO,"540,000,000",BU,,,,ON FARM,,,9000,"GRAIN STORAGE CAPACITY, ON FARM - CAPACITY, MEASURED IN BU",12,GRAIN STORAGE CAPACITY,ALL CLASSES,FIRST OF DEC,ALL PRODUCTION PRACTICES,39,12,39
SURVEY,POINT IN TIME,OH,UNITED STATES,2017,,STATE,,FIELD CROPS,,CAPACITY,00000000,2019-02-06 15:00:06.000,TOTAL,,OHIO,CROPS,,,NOT SPECIFIED,OHIO,"540,000,000",BU,,,,ON FARM,,,9000,"GRAIN STORAGE CAPACITY, ON FARM - CAPACITY, MEASURED IN BU",12,GRAIN STORAGE CAPACITY,ALL CLASSES,FIRST OF DEC,ALL PRODUCTION PRACTICES,39,12,39
SURVEY,POINT IN TIME,OH,UNITED STATES,2016,,STATE,,FIELD CROPS,,CAPACITY,00000000,2019-02-06 15:00:06.000,TOTAL,,OHIO,CROPS,,,NOT SPECIFIED,OHIO,"540,000,000",BU,,,,ON FARM,,,9000,"GRAIN STORAGE CAPACITY, ON FARM - CAPACITY, MEASURED IN BU",12,GRAIN STORAGE CAPACITY,ALL CLASSES,FIRST OF DEC,ALL PRODUCTION PRACTICES,39,12,39
SURVEY,POINT IN TIME,OH,UNITED STATES,2015,,STATE,,FIELD CROPS,,CAPACITY,00000000,2019-02-06 15:00:06.000,TOTAL,,OHIO,CROPS,,,NOT SPECIFIED,OHIO,"540,000,000",BU,,,,ON FARM,,,9000,"GRAIN STORAGE CAPACITY, ON FARM - CAPACITY, MEASURED IN BU",12,GRAIN STORAGE CAPACITY,ALL CLASSES,FIRST OF DEC,ALL PRODUCTION PRACTICES,39,12,39
SURVEY,POINT IN TIME,OH,UNITED STATES,2014,,STATE,,FIELD CROPS,,CAPACITY,00000000,2019-02-06 15:00:06.000,TOTAL,,OHIO,CROPS,,,NOT SPECIFIED,OHIO,"540,000,000",BU,,,,ON FARM,,,9000,"GRAIN STORAGE CAPACITY, ON FARM - CAPACITY, MEASURED IN BU",12,GRAIN STORAGE CAPACITY,ALL CLASSES,FIRST OF DEC,ALL PRODUCTION PRACTICES,39,12,39
SURVEY,POINT IN TIME,OH,UNITED STATES,2013,,STATE,,FIELD CROPS,,CAPACITY,00000000,2019-02-06 15:00:06.000,TOTAL,,OHIO,CROPS,,,NOT SPECIFIED,OHIO,"530,000,000",BU,,,,ON FARM,,,9000,"GRAIN STORAGE CAPACITY, ON FARM - CAPACITY, MEASURED IN BU",12,GRAIN STORAGE CAPACITY,ALL CLASSES,FIRST OF DEC,ALL PRODUCTION PRACTICES,39,12,39
SURVEY,POINT IN TIME,OH,UNITED STATES,2012,,STATE,,FIELD CROPS,,CAPACITY,00000000,2014-11-03 15:18:45.000,TOTAL,,OHIO,CROPS,,,NOT SPECIFIED,OHIO,"510,000,000",BU,,,,ON FARM,,,9000,"GRAIN STORAGE CAPACITY, ON FARM - CAPACITY, MEASURED IN BU",12,GRAIN STORAGE CAPACITY,ALL CLASSES,FIRST OF DEC,ALL PRODUCTION PRACTICES,39,12,39
SURVEY,POINT IN TIME,OH,UNITED STATES,2011,,STATE,,FIELD CROPS,,CAPACITY,00000000,2014-11-03 15:18:45.000,TOTAL,,OHIO,CROPS,,,NOT SPECIFIED,OHIO,"500,000,000",BU,,,,ON FARM,,,9000,"GRAIN STORAGE CAPACITY, ON FARM - CAPACITY, MEASURED IN BU",12,GRAIN STORAGE CAPACITY,ALL CLASSES,FIRST OF DEC,ALL PRODUCTION PRACTICES,39,12,39
SURVEY,POINT IN TIME,OH,UNITED STATES,2010,,STATE,,FIELD CROPS,,CAPACITY,00000000,2014-11-03 15:18:45.000,TOTAL,,OHIO,CROPS,,,NOT SPECIFIED,OHIO,"480,000,000",BU,,,,ON FARM,,,9000,"GRAIN STORAGE CAPACITY, ON FARM - CAPACITY, MEASURED IN BU",12,GRAIN STORAGE CAPACITY,ALL CLASSES,FIRST OF DEC,ALL PRODUCTION PRACTICES,39,12,39
SURVEY,POINT IN TIME,OK,UNITED STATES,2025,,STATE,,FIELD CROPS,,CAPACITY,00000000,2026-01-12 12:00:00.000,TOTAL,,OKLAHOMA,CROPS,,,NOT SPECIFIED,OKLAHOMA,"65,000,000",BU,,,,ON FARM,,,9000,"GRAIN STORAGE CAPACITY, ON FARM - CAPACITY, MEASURED IN BU",12,GRAIN STORAGE CAPACITY,ALL CLASSES,FIRST OF DEC,ALL PRODUCTION PRACTICES,40,12,40
SURVEY,POINT IN TIME,OK,UNITED STATES,2024,,STATE,,FIELD CROPS,,CAPACITY,00000000,2026-01-12 12:00:00.000,TOTAL,,OKLAHOMA,CROPS,,,NOT SPECIFIED,OKLAHOMA,"65,000,000",BU,,,,ON FARM,,,9000,"GRAIN STORAGE CAPACITY, ON FARM - CAPACITY, MEASURED IN BU",12,GRAIN STORAGE CAPACITY,ALL CLASSES,FIRST OF DEC,ALL PRODUCTION PRACTICES,40,12,40
SURVEY,POINT IN TIME,OK,UNITED STATES,2023,,STATE,,FIELD CROPS,,CAPACITY,00000000,2025-01-10 12:00:00.000,TOTAL,,OKLAHOMA,CROPS,,,NOT SPECIFIED,OKLAHOMA,"70,000,000",BU,,,,ON FARM,,,9000,"GRAIN STORAGE CAPACITY, ON FARM - CAPACITY, MEASURED IN BU",12,GRAIN STORAGE CAPACITY,ALL CLASSES,FIRST OF DEC,ALL PRODUCTION PRACTICES,40,12,40
SURVEY,POINT IN TIME,OK,UNITED STATES,2022,,STATE,,FIELD CROPS,,CAPACITY,00000000,2024-01-09 15:00:00.000,TOTAL,,OKLAHOMA,CROPS,,,NOT SPECIFIED,OKLAHOMA,"70,000,000",BU,,,,ON FARM,,,9000,"GRAIN STORAGE CAPACITY, ON FARM - CAPACITY, MEASURED IN BU",12,GRAIN STORAGE CAPACITY,ALL CLASSES,FIRST OF DEC,ALL PRODUCTION PRACTICES,40,12,40
SURVEY,POINT IN TIME,OK,UNITED STATES,2021,,STATE,,FIELD CROPS,,CAPACITY,00000000,2024-01-09 15:00:00.000,TOTAL,,OKLAHOMA,CROPS,,,NOT SPECIFIED,OKLAHOMA,"70,000,000",BU,,,,ON FARM,,,9000,"GRAIN STORAGE CAPACITY, ON FARM - CAPACITY, MEASURED IN BU",12,GRAIN STORAGE CAPACITY,ALL CLASSES,FIRST OF DEC,ALL PRODUCTION PRACTICES,40,12,40
SURVEY,POINT IN TIME,OK,UNITED STATES,2020,,STATE,,FIELD CROPS,,CAPACITY,00000000,2024-01-09 15:00:00.000,TOTAL,,OKLAHOMA,CROPS,,,NOT SPECIFIED,OKLAHOMA,"70,000,000",BU,,,,ON FARM,,,9000,"GRAIN STORAGE CAPACITY, ON FARM - CAPACITY, MEASURED IN BU",12,GRAIN STORAGE CAPACITY,ALL CLASSES,FIRST OF DEC,ALL PRODUCTION PRACTICES,40,12,40
SURVEY,POINT IN TIME,OK,UNITED STATES,2019,,STATE,,FIELD CROPS,,CAPACITY,00000000,2024-01-09 15:00:00.000,TOTAL,,OKLAHOMA,CROPS,,,NOT SPECIFIED,OKLAHOMA,"70,000,000",BU,,,,ON FARM,,,9000,"GRAIN STORAGE CAPACITY, ON FARM - CAPACITY, MEASURED IN BU",12,GRAIN STORAGE CAPACITY,ALL CLASSES,FIRST OF DEC,ALL PRODUCTION PRACTICES,40,12,40
SURVEY,POINT IN TIME,OK,UNITED STATES,2018,,STATE,,FIELD CROPS,,CAPACITY,00000000,2024-01-09 15:00:00.000,TOTAL,,OKLAHOMA,CROPS,,,NOT SPECIFIED,OKLAHOMA,"70,000,000",BU,,,,ON FARM,,,9000,"GRAIN STORAGE CAPACITY, ON FARM - CAPACITY, MEASURED IN BU",12,GRAIN STORAGE CAPACITY,ALL CLASSES,FIRST OF DEC,ALL PRODUCTION PRACTICES,40,12,40
SURVEY,POINT IN TIME,OK,UNITED STATES,2017,,STATE,,FIELD CROPS,,CAPACITY,00000000,2019-02-06 15:00:06.000,TOTAL,,OKLAHOMA,CROPS,,,NOT SPECIFIED,OKLAHOMA,"75,000,000",BU,,,,ON FARM,,,9000,"GRAIN STORAGE CAPACITY, ON FARM - CAPACITY, MEASURED IN BU",12,GRAIN STORAGE CAPACITY,ALL CLASSES,FIRST OF DEC,ALL PRODUCTION PRACTICES,40,12,40
SURVEY,POINT IN TIME,OK,UNITED STATES,2016,,STATE,,FIELD CROPS,,CAPACITY,00000000,2019-02-06 15:00:06.000,TOTAL,,OKLAHOMA,CROPS,,,NOT SPECIFIED,OKLAHOMA,"75,000,000",BU,,,,ON FARM,,,9000,"GRAIN STORAGE CAPACITY, ON FARM - CAPACITY, MEASURED IN BU",12,GRAIN STORAGE CAPACITY,ALL CLASSES,FIRST OF DEC,ALL PRODUCTION PRACTICES,40,12,40
SURVEY,POINT IN TIME,OK,UNITED STATES,2015,,STATE,,FIELD CROPS,,CAPACITY,00000000,2019-02-06 15:00:06.000,TOTAL,,OKLAHOMA,CROPS,,,NOT SPECIFIED,OKLAHOMA,"75,000,000",BU,,,,ON FARM,,,9000,"GRAIN STORAGE CAPACITY, ON FARM - CAPACITY, MEASURED IN BU",12,GRAIN STORAGE CAPACITY,ALL CLASSES,FIRST OF DEC,ALL PRODUCTION PRACTICES,40,12,40
SURVEY,POINT IN TIME,OK,UNITED STATES,2014,,STATE,,FIELD CROPS,,CAPACITY,00000000,2019-02-06 15:00:06.000,TOTAL,,OKLAHOMA,CROPS,,,NOT SPECIFIED,OKLAHOMA,"75,000,000",BU,,,,ON FARM,,,9000,"GRAIN STORAGE CAPACITY, ON FARM - CAPACITY, MEASURED IN BU",12,GRAIN STORAGE CAPACITY,ALL CLASSES,FIRST OF DEC,ALL PRODUCTION PRACTICES,40,12,40
SURVEY,POINT IN TIME,OK,UNITED STATES,2013,,STATE,,FIELD CROPS,,CAPACITY,00000000,2019-02-06 15:00:06.000,TOTAL,,OKLAHOMA,CROPS,,,NOT SPECIFIED,OKLAHOMA,"75,000,000",BU,,,,ON FARM,,,9000,"GRAIN STORAGE CAPACITY, ON FARM - CAPACITY, MEASURED IN BU",12,GRAIN STORAGE CAPACITY,ALL CLASSES,FIRST OF DEC,ALL PRODUCTION PRACTICES,40,12,40
SURVEY,POINT IN TIME,OK,UNITED STATES,2012,,STATE,,FIELD CROPS,,CAPACITY,00000000,2014-11-03 15:18:45.000,TOTAL,,OKLAHOMA,CROPS,,,NOT SPECIFIED,OKLAHOMA,"75,000,000",BU,,,,ON FARM,,,9000,"GRAIN STORAGE CAPACITY, ON FARM - CAPACITY, MEASURED IN BU",12,GRAIN STORAGE CAPACITY,ALL CLASSES,FIRST OF DEC,ALL PRODUCTION PRACTICES,40,12,40
SURVEY,POINT IN TIME,OK,UNITED STATES,2011,,STATE,,FIELD CROPS,,CAPACITY,00000000,2014-11-03 15:18:45.000,TOTAL,,OKLAHOMA,CROPS,,,NOT SPECIFIED,OKLAHOMA,"75,000,000",BU,,,,ON FARM,,,9000,"GRAIN STORAGE CAPACITY, ON FARM - CAPACITY, MEASURED IN BU",12,GRAIN STORAGE CAPACITY,ALL CLASSES,FIRST OF DEC,ALL PRODUCTION PRACTICES,40,12,40
SURVEY,POINT IN TIME,OK,UNITED STATES,2010,,STATE,,FIELD CROPS,,CAPACITY,00000000,2014-11-03 15:18:45.000,TOTAL,,OKLAHOMA,CROPS,,,NOT SPECIFIED,OKLAHOMA,"75,000,000",BU,,,,ON FARM,,,9000,"GRAIN STORAGE CAPACITY, ON FARM - CAPACITY, MEASURED IN BU",12,GRAIN STORAGE CAPACITY,ALL CLASSES,FIRST OF DEC,ALL PRODUCTION PRACTICES,40,12,40
SURVEY,POINT IN TIME,OR,UNITED STATES,2025,,STATE,,FIELD CROPS,,CAPACITY,00000000,2026-01-12 12:00:00.000,TOTAL,,OREGON,CROPS,,,NOT SPECIFIED,OREGON,"40,000,000",BU,,,,ON FARM,,,9000,"GRAIN STORAGE CAPACITY, ON FARM - CAPACITY, MEASURED IN BU",12,GRAIN STORAGE CAPACITY,ALL CLASSES,FIRST OF DEC,ALL PRODUCTION PRACTICES,41,12,41
SURVEY,POINT IN TIME,OR,UNITED STATES,2024,,STATE,,FIELD CROPS,,CAPACITY,00000000,2026-01-12 12:00:00.000,TOTAL,,OREGON,CROPS,,,NOT SPECIFIED,OREGON,"45,000,000",BU,,,,ON FARM,,,9000,"GRAIN STORAGE CAPACITY, ON FARM - CAPACITY, MEASURED IN BU",12,GRAIN STORAGE CAPACITY,ALL CLASSES,FIRST OF DEC,ALL PRODUCTION PRACTICES,41,12,41
SURVEY,POINT IN TIME,OR,UNITED STATES,2023,,STATE,,FIELD CROPS,,CAPACITY,00000000,2025-01-10 12:00:00.000,TOTAL,,OREGON,CROPS,,,NOT SPECIFIED,OREGON,"45,000,000",BU,,,,ON FARM,,,9000,"GRAIN STORAGE CAPACITY, ON FARM - CAPACITY, MEASURED IN BU",12,GRAIN STORAGE CAPACITY,ALL CLASSES,FIRST OF DEC,ALL PRODUCTION PRACTICES,41,12,41
SURVEY,POINT IN TIME,OR,UNITED STATES,2022,,STATE,,FIELD CROPS,,CAPACITY,00000000,2024-01-09 15:00:00.000,TOTAL,,OREGON,CROPS,,,NOT SPECIFIED,OREGON,"45,000,000",BU,,,,ON FARM,,,9000,"GRAIN STORAGE CAPACITY, ON FARM - CAPACITY, MEASURED IN BU",12,GRAIN STORAGE CAPACITY,ALL CLASSES,FIRST OF DEC,ALL PRODUCTION PRACTICES,41,12,41
SURVEY,POINT IN TIME,OR,UNITED STATES,2021,,STATE,,FIELD CROPS,,CAPACITY,00000000,2024-01-09 15:00:00.000,TOTAL,,OREGON,CROPS,,,NOT SPECIFIED,OREGON,"45,000,000",BU,,,,ON FARM,,,9000,"GRAIN STORAGE CAPACITY, ON FARM - CAPACITY, MEASURED IN BU",12,GRAIN STORAGE CAPACITY,ALL CLASSES,FIRST OF DEC,ALL PRODUCTION PRACTICES,41,12,41
SURVEY,POINT IN TIME,OR,UNITED STATES,2020,,STATE,,FIELD CROPS,,CAPACITY,00000000,2024-01-09 15:00:00.000,TOTAL,,OREGON,CROPS,,,NOT SPECIFIED,OREGON,"50,000,000",BU,,,,ON FARM,,,9000,"GRAIN STORAGE CAPACITY, ON FARM - CAPACITY, MEASURED IN BU",12,GRAIN STORAGE CAPACITY,ALL CLASSES,FIRST OF DEC,ALL PRODUCTION PRACTICES,41,12,41
SURVEY,POINT IN TIME,OR,UNITED STATES,2019,,STATE,,FIELD CROPS,,CAPACITY,00000000,2024-01-09 15:00:00.000,TOTAL,,OREGON,CROPS,,,NOT SPECIFIED,OREGON,"50,000,000",BU,,,,ON FARM,,,9000,"GRAIN STORAGE CAPACITY, ON FARM - CAPACITY, MEASURED IN BU",12,GRAIN STORAGE CAPACITY,ALL CLASSES,FIRST OF DEC,ALL PRODUCTION PRACTICES,41,12,41
SURVEY,POINT IN TIME,OR,UNITED STATES,2018,,STATE,,FIELD CROPS,,CAPACITY,00000000,2024-01-09 15:00:00.000,TOTAL,,OREGON,CROPS,,,NOT SPECIFIED,OREGON,"50,000,000",BU,,,,ON FARM,,,9000,"GRAIN STORAGE CAPACITY, ON FARM - CAPACITY, MEASURED IN BU",12,GRAIN STORAGE CAPACITY,ALL CLASSES,FIRST OF DEC,ALL PRODUCTION PRACTICES,41,12,41
SURVEY,POINT IN TIME,OR,UNITED STATES,2017,,STATE,,FIELD CROPS,,CAPACITY,00000000,2019-02-06 15:00:06.000,TOTAL,,OREGON,CROPS,,,NOT SPECIFIED,OREGON,"55,000,000",BU,,,,ON FARM,,,9000,"GRAIN STORAGE CAPACITY, ON FARM - CAPACITY, MEASURED IN BU",12,GRAIN STORAGE CAPACITY,ALL CLASSES,FIRST OF DEC,ALL PRODUCTION PRACTICES,41,12,41
SURVEY,POINT IN TIME,OR,UNITED STATES,2016,,STATE,,FIELD CROPS,,CAPACITY,00000000,2019-02-06 15:00:06.000,TOTAL,,OREGON,CROPS,,,NOT SPECIFIED,OREGON,"55,000,000",BU,,,,ON FARM,,,9000,"GRAIN STORAGE CAPACITY, ON FARM - CAPACITY, MEASURED IN BU",12,GRAIN STORAGE CAPACITY,ALL CLASSES,FIRST OF DEC,ALL PRODUCTION PRACTICES,41,12,41
SURVEY,POINT IN TIME,OR,UNITED STATES,2015,,STATE,,FIELD CROPS,,CAPACITY,00000000,2019-02-06 15:00:06.000,TOTAL,,OREGON,CROPS,,,NOT SPECIFIED,OREGON,"55,000,000",BU,,,,ON FARM,,,9000,"GRAIN STORAGE CAPACITY, ON FARM - CAPACITY, MEASURED IN BU",12,GRAIN STORAGE CAPACITY,ALL CLASSES,FIRST OF DEC,ALL PRODUCTION PRACTICES,41,12,41
SURVEY,POINT IN TIME,OR,UNITED STATES,2014,,STATE,,FIELD CROPS,,CAPACITY,00000000,2019-02-06 15:00:06.000,TOTAL,,OREGON,CROPS,,,NOT SPECIFIED,OREGON,"55,000,000",BU,,,,ON FARM,,,9000,"GRAIN STORAGE CAPACITY, ON FARM - CAPACITY, MEASURED IN BU",12,GRAIN STORAGE CAPACITY,ALL CLASSES,FIRST OF DEC,ALL PRODUCTION PRACTICES,41,12,41
SURVEY,POINT IN TIME,OR,UNITED STATES,2013,,STATE,,FIELD CROPS,,CAPACITY,00000000,2019-02-06 15:00:06.000,TOTAL,,OREGON,CROPS,,,NOT SPECIFIED,OREGON,"55,000,000",BU,,,,ON FARM,,,9000,"GRAIN STORAGE CAPACITY, ON FARM - CAPACITY, MEASURED IN BU",12,GRAIN STORAGE CAPACITY,ALL CLASSES,FIRST OF DEC,ALL PRODUCTION PRACTICES,41,12,41
SURVEY,POINT IN TIME,OR,UNITED STATES,2012,,STATE,,FIELD CROPS,,CAPACITY,00000000,2014-11-03 15:18:45.000,TOTAL,,OREGON,CROPS,,,NOT SPECIFIED,OREGON,"55,000,000",BU,,,,ON FARM,,,9000,"GRAIN STORAGE CAPACITY, ON FARM - CAPACITY, MEASURED IN BU",12,GRAIN STORAGE CAPACITY,ALL CLASSES,FIRST OF DEC,ALL PRODUCTION PRACTICES,41,12,41
SURVEY,POINT IN TIME,OR,UNITED STATES,2011,,STATE,,FIELD CROPS,,CAPACITY,00000000,2014-11-03 15:18:45.000,TOTAL,,OREGON,CROPS,,,NOT SPECIFIED,OREGON,"50,000,000",BU,,,,ON FARM,,,9000,"GRAIN STORAGE CAPACITY, ON FARM - CAPACITY, MEASURED IN BU",12,GRAIN STORAGE CAPACITY,ALL CLASSES,FIRST OF DEC,ALL PRODUCTION PRACTICES,41,12,41
SURVEY,POINT IN TIME,OR,UNITED STATES,2010,,STATE,,FIELD CROPS,,CAPACITY,00000000,2014-11-03 15:18:45.000,TOTAL,,OREGON,CROPS,,,NOT SPECIFIED,OREGON,"45,000,000",BU,,,,ON FARM,,,9000,"GRAIN STORAGE CAPACITY, ON FARM - CAPACITY, MEASURED IN BU",12,GRAIN STORAGE CAPACITY,ALL CLASSES,FIRST OF DEC,ALL PRODUCTION PRACTICES,41,12,41
SURVEY,POINT IN TIME,PA,UNITED STATES,2025,,STATE,,FIELD CROPS,,CAPACITY,00000000,2026-01-12 12:00:00.000,TOTAL,,PENNSYLVANIA,CROPS,,,NOT SPECIFIED,PENNSYLVANIA,"170,000,000",BU,,,,ON FARM,,,9000,"GRAIN STORAGE CAPACITY, ON FARM - CAPACITY, MEASURED IN BU",12,GRAIN STORAGE CAPACITY,ALL CLASSES,FIRST OF DEC,ALL PRODUCTION PRACTICES,42,12,42
SURVEY,POINT IN TIME,PA,UNITED STATES,2024,,STATE,,FIELD CROPS,,CAPACITY,00000000,2026-01-12 12:00:00.000,TOTAL,,PENNSYLVANIA,CROPS,,,NOT SPECIFIED,PENNSYLVANIA,"170,000,000",BU,,,,ON FARM,,,9000,"GRAIN STORAGE CAPACITY, ON FARM - CAPACITY, MEASURED IN BU",12,GRAIN STORAGE CAPACITY,ALL CLASSES,FIRST OF DEC,ALL PRODUCTION PRACTICES,42,12,42
SURVEY,POINT IN TIME,PA,UNITED STATES,2023,,STATE,,FIELD CROPS,,CAPACITY,00000000,2025-01-10 12:00:00.000,TOTAL,,PENNSYLVANIA,CROPS,,,NOT SPECIFIED,PENNSYLVANIA,"170,000,000",BU,,,,ON FARM,,,9000,"GRAIN STORAGE CAPACITY, ON FARM - CAPACITY, MEASURED IN BU",12,GRAIN STORAGE CAPACITY,ALL CLASSES,FIRST OF DEC,ALL PRODUCTION PRACTICES,42,12,42
SURVEY,POINT IN TIME,PA,UNITED STATES,2022,,STATE,,FIELD CROPS,,CAPACITY,00000000,2024-01-09 15:00:00.000,TOTAL,,PENNSYLVANIA,CROPS,,,NOT SPECIFIED,PENNSYLVANIA,"170,000,000",BU,,,,ON FARM,,,9000,"GRAIN STORAGE CAPACITY, ON FARM - CAPACITY, MEASURED IN BU",12,GRAIN STORAGE CAPACITY,ALL CLASSES,FIRST OF DEC,ALL PRODUCTION PRACTICES,42,12,42
SURVEY,POINT IN TIME,PA,UNITED STATES,2021,,STATE,,FIELD CROPS,,CAPACITY,00000000,2024-01-09 15:00:00.000,TOTAL,,PENNSYLVANIA,CROPS,,,NOT SPECIFIED,PENNSYLVANIA,"170,000,000",BU,,,,ON FARM,,,9000,"GRAIN STORAGE CAPACITY, ON FARM - CAPACITY, MEASURED IN BU",12,GRAIN STORAGE CAPACITY,ALL CLASSES,FIRST OF DEC,ALL PRODUCTION PRACTICES,42,12,42
SURVEY,POINT IN TIME,PA,UNITED STATES,2020,,STATE,,FIELD CROPS,,CAPACITY,00000000,2024-01-09 15:00:00.000,TOTAL,,PENNSYLVANIA,CROPS,,,NOT SPECIFIED,PENNSYLVANIA,"170,000,000",BU,,,,ON FARM,,,9000,"GRAIN STORAGE CAPACITY, ON FARM - CAPACITY, MEASURED IN BU",12,GRAIN STORAGE CAPACITY,ALL CLASSES,FIRST OF DEC,ALL PRODUCTION PRACTICES,42,12,42
SURVEY,POINT IN TIME,PA,UNITED STATES,2019,,STATE,,FIELD CROPS,,CAPACITY,00000000,2024-01-09 15:00:00.000,TOTAL,,PENNSYLVANIA,CROPS,,,NOT SPECIFIED,PENNSYLVANIA,"170,000,000",BU,,,,ON FARM,,,9000,"GRAIN STORAGE CAPACITY, ON FARM - CAPACITY, MEASURED IN BU",12,GRAIN STORAGE CAPACITY,ALL CLASSES,FIRST OF DEC,ALL PRODUCTION PRACTICES,42,12,42
SURVEY,POINT IN TIME,PA,UNITED STATES,2018,,STATE,,FIELD CROPS,,CAPACITY,00000000,2024-01-09 15:00:00.000,TOTAL,,PENNSYLVANIA,CROPS,,,NOT SPECIFIED,PENNSYLVANIA,"170,000,000",BU,,,,ON FARM,,,9000,"GRAIN STORAGE CAPACITY, ON FARM - CAPACITY, MEASURED IN BU",12,GRAIN STORAGE CAPACITY,ALL CLASSES,FIRST OF DEC,ALL PRODUCTION PRACTICES,42,12,42
SURVEY,POINT IN TIME,PA,UNITED STATES,2017,,STATE,,FIELD CROPS,,CAPACITY,00000000,2019-02-06 15:00:06.000,TOTAL,,PENNSYLVANIA,CROPS,,,NOT SPECIFIED,PENNSYLVANIA,"170,000,000",BU,,,,ON FARM,,,9000,"GRAIN STORAGE CAPACITY, ON FARM - CAPACITY, MEASURED IN BU",12,GRAIN STORAGE CAPACITY,ALL CLASSES,FIRST OF DEC,ALL PRODUCTION PRACTICES,42,12,42
SURVEY,POINT IN TIME,PA,UNITED STATES,2016,,STATE,,FIELD CROPS,,CAPACITY,00000000,2019-02-06 15:00:06.000,TOTAL,,PENNSYLVANIA,CROPS,,,NOT SPECIFIED,PENNSYLVANIA,"170,000,000",BU,,,,ON FARM,,,9000,"GRAIN STORAGE CAPACITY, ON FARM - CAPACITY, MEASURED IN BU",12,GRAIN STORAGE CAPACITY,ALL CLASSES,FIRST OF DEC,ALL PRODUCTION PRACTICES,42,12,42
SURVEY,POINT IN TIME,PA,UNITED STATES,2015,,STATE,,FIELD CROPS,,CAPACITY,00000000,2019-02-06 15:00:06.000,TOTAL,,PENNSYLVANIA,CROPS,,,NOT SPECIFIED,PENNSYLVANIA,"170,000,000",BU,,,,ON FARM,,,9000,"GRAIN STORAGE CAPACITY, ON FARM - CAPACITY, MEASURED IN BU",12,GRAIN STORAGE CAPACITY,ALL CLASSES,FIRST OF DEC,ALL PRODUCTION PRACTICES,42,12,42
SURVEY,POINT IN TIME,PA,UNITED STATES,2014,,STATE,,FIELD CROPS,,CAPACITY,00000000,2019-02-06 15:00:06.000,TOTAL,,PENNSYLVANIA,CROPS,,,NOT SPECIFIED,PENNSYLVANIA,"160,000,000",BU,,,,ON FARM,,,9000,"GRAIN STORAGE CAPACITY, ON FARM - CAPACITY, MEASURED IN BU",12,GRAIN STORAGE CAPACITY,ALL CLASSES,FIRST OF DEC,ALL PRODUCTION PRACTICES,42,12,42
SURVEY,POINT IN TIME,PA,UNITED STATES,2013,,STATE,,FIELD CROPS,,CAPACITY,00000000,2019-02-06 15:00:06.000,TOTAL,,PENNSYLVANIA,CROPS,,,NOT SPECIFIED,PENNSYLVANIA,"160,000,000",BU,,,,ON FARM,,,9000,"GRAIN STORAGE CAPACITY, ON FARM - CAPACITY, MEASURED IN BU",12,GRAIN STORAGE CAPACITY,ALL CLASSES,FIRST OF DEC,ALL PRODUCTION PRACTICES,42,12,42
SURVEY,POINT IN TIME,PA,UNITED STATES,2012,,STATE,,FIELD CROPS,,CAPACITY,00000000,2014-11-03 15:18:45.000,TOTAL,,PENNSYLVANIA,CROPS,,,NOT SPECIFIED,PENNSYLVANIA,"150,000,000",BU,,,,ON FARM,,,9000,"GRAIN STORAGE CAPACITY, ON FARM - CAPACITY, MEASURED IN BU",12,GRAIN STORAGE CAPACITY,ALL CLASSES,FIRST OF DEC,ALL PRODUCTION PRACTICES,42,12,42
SURVEY,POINT IN TIME,PA,UNITED STATES,2011,,STATE,,FIELD CROPS,,CAPACITY,00000000,2014-11-03 15:18:45.000,TOTAL,,PENNSYLVANIA,CROPS,,,NOT SPECIFIED,PENNSYLVANIA,"140,000,000",BU,,,,ON FARM,,,9000,"GRAIN STORAGE CAPACITY, ON FARM - CAPACITY, MEASURED IN BU",12,GRAIN STORAGE CAPACITY,ALL CLASSES,FIRST OF DEC,ALL PRODUCTION PRACTICES,42,12,42
SURVEY,POINT IN TIME,PA,UNITED STATES,2010,,STATE,,FIELD CROPS,,CAPACITY,00000000,2014-11-03 15:18:45.000,TOTAL,,PENNSYLVANIA,CROPS,,,NOT SPECIFIED,PENNSYLVANIA,"130,000,000",BU,,,,ON FARM,,,9000,"GRAIN STORAGE CAPACITY, ON FARM - CAPACITY, MEASURED IN BU",12,GRAIN STORAGE CAPACITY,ALL CLASSES,FIRST OF DEC,ALL PRODUCTION PRACTICES,42,12,42
SURVEY,POINT IN TIME,SD,UNITED STATES,2025,,STATE,,FIELD CROPS,,CAPACITY,00000000,2026-01-12 12:00:00.000,TOTAL,,SOUTH DAKOTA,CROPS,,,NOT SPECIFIED,SOUTH DAKOTA,"750,000,000",BU,,,,ON FARM,,,9000,"GRAIN STORAGE CAPACITY, ON FARM - CAPACITY, MEASURED IN BU",12,GRAIN STORAGE CAPACITY,ALL CLASSES,FIRST OF DEC,ALL PRODUCTION PRACTICES,46,12,46
SURVEY,POINT IN TIME,SD,UNITED STATES,2024,,STATE,,FIELD CROPS,,CAPACITY,00000000,2026-01-12 12:00:00.000,TOTAL,,SOUTH DAKOTA,CROPS,,,NOT SPECIFIED,SOUTH DAKOTA,"750,000,000",BU,,,,ON FARM,,,9000,"GRAIN STORAGE CAPACITY, ON FARM - CAPACITY, MEASURED IN BU",12,GRAIN STORAGE CAPACITY,ALL CLASSES,FIRST OF DEC,ALL PRODUCTION PRACTICES,46,12,46
SURVEY,POINT IN TIME,SD,UNITED STATES,2023,,STATE,,FIELD CROPS,,CAPACITY,00000000,2025-01-10 12:00:00.000,TOTAL,,SOUTH DAKOTA,CROPS,,,NOT SPECIFIED,SOUTH DAKOTA,"740,000,000",BU,,,,ON FARM,,,9000,"GRAIN STORAGE CAPACITY, ON FARM - CAPACITY, MEASURED IN BU",12,GRAIN STORAGE CAPACITY,ALL CLASSES,FIRST OF DEC,ALL PRODUCTION PRACTICES,46,12,46
SURVEY,POINT IN TIME,SD,UNITED STATES,2022,,STATE,,FIELD CROPS,,CAPACITY,00000000,2024-01-09 15:00:00.000,TOTAL,,SOUTH DAKOTA,CROPS,,,NOT SPECIFIED,SOUTH DAKOTA,"740,000,000",BU,,,,ON FARM,,,9000,"GRAIN STORAGE CAPACITY, ON FARM - CAPACITY, MEASURED IN BU",12,GRAIN STORAGE CAPACITY,ALL CLASSES,FIRST OF DEC,ALL PRODUCTION PRACTICES,46,12,46
SURVEY,POINT IN TIME,SD,UNITED STATES,2021,,STATE,,FIELD CROPS,,CAPACITY,00000000,2024-01-09 15:00:00.000,TOTAL,,SOUTH DAKOTA,CROPS,,,NOT SPECIFIED,SOUTH DAKOTA,"740,000,000",BU,,,,ON FARM,,,9000,"GRAIN STORAGE CAPACITY, ON FARM - CAPACITY, MEASURED IN BU",12,GRAIN STORAGE CAPACITY,ALL CLASSES,FIRST OF DEC,ALL PRODUCTION PRACTICES,46,12,46
SURVEY,POINT IN TIME,SD,UNITED STATES,2020,,STATE,,FIELD CROPS,,CAPACITY,00000000,2024-01-09 15:00:00.000,TOTAL,,SOUTH DAKOTA,CROPS,,,NOT SPECIFIED,SOUTH DAKOTA,"730,000,000",BU,,,,ON FARM,,,9000,"GRAIN STORAGE CAPACITY, ON FARM - CAPACITY, MEASURED IN BU",12,GRAIN STORAGE CAPACITY,ALL CLASSES,FIRST OF DEC,ALL PRODUCTION PRACTICES,46,12,46
SURVEY,POINT IN TIME,SD,UNITED STATES,2019,,STATE,,FIELD CROPS,,CAPACITY,00000000,2024-01-09 15:00:00.000,TOTAL,,SOUTH DAKOTA,CROPS,,,NOT SPECIFIED,SOUTH DAKOTA,"730,000,000",BU,,,,ON FARM,,,9000,"GRAIN STORAGE CAPACITY, ON FARM - CAPACITY, MEASURED IN BU",12,GRAIN STORAGE CAPACITY,ALL CLASSES,FIRST OF DEC,ALL PRODUCTION PRACTICES,46,12,46
SURVEY,POINT IN TIME,SD,UNITED STATES,2018,,STATE,,FIELD CROPS,,CAPACITY,00000000,2024-01-09 15:00:00.000,TOTAL,,SOUTH DAKOTA,CROPS,,,NOT SPECIFIED,SOUTH DAKOTA,"730,000,000",BU,,,,ON FARM,,,9000,"GRAIN STORAGE CAPACITY, ON FARM - CAPACITY, MEASURED IN BU",12,GRAIN STORAGE CAPACITY,ALL CLASSES,FIRST OF DEC,ALL PRODUCTION PRACTICES,46,12,46
SURVEY,POINT IN TIME,SD,UNITED STATES,2017,,STATE,,FIELD CROPS,,CAPACITY,00000000,2019-02-06 15:00:06.000,TOTAL,,SOUTH DAKOTA,CROPS,,,NOT SPECIFIED,SOUTH DAKOTA,"710,000,000",BU,,,,ON FARM,,,9000,"GRAIN STORAGE CAPACITY, ON FARM - CAPACITY, MEASURED IN BU",12,GRAIN STORAGE CAPACITY,ALL CLASSES,FIRST OF DEC,ALL PRODUCTION PRACTICES,46,12,46
SURVEY,POINT IN TIME,SD,UNITED STATES,2016,,STATE,,FIELD CROPS,,CAPACITY,00000000,2019-02-06 15:00:06.000,TOTAL,,SOUTH DAKOTA,CROPS,,,NOT SPECIFIED,SOUTH DAKOTA,"710,000,000",BU,,,,ON FARM,,,9000,"GRAIN STORAGE CAPACITY, ON FARM - CAPACITY, MEASURED IN BU",12,GRAIN STORAGE CAPACITY,ALL CLASSES,FIRST OF DEC,ALL PRODUCTION PRACTICES,46,12,46
SURVEY,POINT IN TIME,SD,UNITED STATES,2015,,STATE,,FIELD CROPS,,CAPACITY,00000000,2019-02-06 15:00:06.000,TOTAL,,SOUTH DAKOTA,CROPS,,,NOT SPECIFIED,SOUTH DAKOTA,"710,000,000",BU,,,,ON FARM,,,9000,"GRAIN STORAGE CAPACITY, ON FARM - CAPACITY, MEASURED IN BU",12,GRAIN STORAGE CAPACITY,ALL CLASSES,FIRST OF DEC,ALL PRODUCTION PRACTICES,46,12,46
SURVEY,POINT IN TIME,SD,UNITED STATES,2014,,STATE,,FIELD CROPS,,CAPACITY,00000000,2019-02-06 15:00:06.000,TOTAL,,SOUTH DAKOTA,CROPS,,,NOT SPECIFIED,SOUTH DAKOTA,"690,000,000",BU,,,,ON FARM,,,9000,"GRAIN STORAGE CAPACITY, ON FARM - CAPACITY, MEASURED IN BU",12,GRAIN STORAGE CAPACITY,ALL CLASSES,FIRST OF DEC,ALL PRODUCTION PRACTICES,46,12,46
SURVEY,POINT IN TIME,SD,UNITED STATES,2013,,STATE,,FIELD CROPS,,CAPACITY,00000000,2019-02-06 15:00:06.000,TOTAL,,SOUTH DAKOTA,CROPS,,,NOT SPECIFIED,SOUTH DAKOTA,"690,000,000",BU,,,,ON FARM,,,9000,"GRAIN STORAGE CAPACITY, ON FARM - CAPACITY, MEASURED IN BU",12,GRAIN STORAGE CAPACITY,ALL CLASSES,FIRST OF DEC,ALL PRODUCTION PRACTICES,46,12,46
SURVEY,POINT IN TIME,SD,UNITED STATES,2012,,STATE,,FIELD CROPS,,CAPACITY,00000000,2014-11-03 15:18:45.000,TOTAL,,SOUTH DAKOTA,CROPS,,,NOT SPECIFIED,SOUTH DAKOTA,"690,000,000",BU,,,,ON FARM,,,9000,"GRAIN STORAGE CAPACITY, ON FARM - CAPACITY, MEASURED IN BU",12,GRAIN STORAGE CAPACITY,ALL CLASSES,FIRST OF DEC,ALL PRODUCTION PRACTICES,46,12,46
SURVEY,POINT IN TIME,SD,UNITED STATES,2011,,STATE,,FIELD CROPS,,CAPACITY,00000000,2014-11-03 15:18:45.000,TOTAL,,SOUTH DAKOTA,CROPS,,,NOT SPECIFIED,SOUTH DAKOTA,"690,000,000",BU,,,,ON FARM,,,9000,"GRAIN STORAGE CAPACITY, ON FARM - CAPACITY, MEASURED IN BU",12,GRAIN STORAGE CAPACITY,ALL CLASSES,FIRST OF DEC,ALL PRODUCTION PRACTICES,46,12,46
SURVEY,POINT IN TIME,SD,UNITED STATES,2010,,STATE,,FIELD CROPS,,CAPACITY,00000000,2014-11-03 15:18:45.000,TOTAL,,SOUTH DAKOTA,CROPS,,,NOT SPECIFIED,SOUTH DAKOTA,"670,000,000",BU,,,,ON FARM,,,9000,"GRAIN STORAGE CAPACITY, ON FARM - CAPACITY, MEASURED IN BU",12,GRAIN STORAGE CAPACITY,ALL CLASSES,FIRST OF DEC,ALL PRODUCTION PRACTICES,46,12,46
SURVEY,POINT IN TIME,TN,UNITED STATES,2025,,STATE,,FIELD CROPS,,CAPACITY,00000000,2026-01-12 12:00:00.000,TOTAL,,TENNESSEE,CROPS,,,NOT SPECIFIED,TENNESSEE,"115,000,000",BU,,,,ON FARM,,,9000,"GRAIN STORAGE CAPACITY, ON FARM - CAPACITY, MEASURED IN BU",12,GRAIN STORAGE CAPACITY,ALL CLASSES,FIRST OF DEC,ALL PRODUCTION PRACTICES,47,12,47
SURVEY,POINT IN TIME,TN,UNITED STATES,2024,,STATE,,FIELD CROPS,,CAPACITY,00000000,2026-01-12 12:00:00.000,TOTAL,,TENNESSEE,CROPS,,,NOT SPECIFIED,TENNESSEE,"115,000,000",BU,,,,ON FARM,,,9000,"GRAIN STORAGE CAPACITY, ON FARM - CAPACITY, MEASURED IN BU",12,GRAIN STORAGE CAPACITY,ALL CLASSES,FIRST OF DEC,ALL PRODUCTION PRACTICES,47,12,47
SURVEY,POINT IN TIME,TN,UNITED STATES,2023,,STATE,,FIELD CROPS,,CAPACITY,00000000,2025-01-10 12:00:00.000,TOTAL,,TENNESSEE,CROPS,,,NOT SPECIFIED,TENNESSEE,"115,000,000",BU,,,,ON FARM,,,9000,"GRAIN STORAGE CAPACITY, ON FARM - CAPACITY, MEASURED IN BU",12,GRAIN STORAGE CAPACITY,ALL CLASSES,FIRST OF DEC,ALL PRODUCTION PRACTICES,47,12,47
SURVEY,POINT IN TIME,TN,UNITED STATES,2022,,STATE,,FIELD CROPS,,CAPACITY,00000000,2024-01-09 15:00:00.000,TOTAL,,TENNESSEE,CROPS,,,NOT SPECIFIED,TENNESSEE,"115,000,000",BU,,,,ON FARM,,,9000,"GRAIN STORAGE CAPACITY, ON FARM - CAPACITY, MEASURED IN BU",12,GRAIN STORAGE CAPACITY,ALL CLASSES,FIRST OF DEC,ALL PRODUCTION PRACTICES,47,12,47
SURVEY,POINT IN TIME,TN,UNITED STATES,2021,,STATE,,FIELD CROPS,,CAPACITY,00000000,2024-01-09 15:00:00.000,TOTAL,,TENNESSEE,CROPS,,,NOT SPECIFIED,TENNESSEE,"110,000,000",BU,,,,ON FARM,,,9000,"GRAIN STORAGE CAPACITY, ON FARM - CAPACITY, MEASURED IN BU",12,GRAIN STORAGE CAPACITY,ALL CLASSES,FIRST OF DEC,ALL PRODUCTION PRACTICES,47,12,47
SURVEY,POINT IN TIME,TN,UNITED STATES,2020,,STATE,,FIELD CROPS,,CAPACITY,00000000,2024-01-09 15:00:00.000,TOTAL,,TENNESSEE,CROPS,,,NOT SPECIFIED,TENNESSEE,"105,000,000",BU,,,,ON FARM,,,9000,"GRAIN STORAGE CAPACITY, ON FARM - CAPACITY, MEASURED IN BU",12,GRAIN STORAGE CAPACITY,ALL CLASSES,FIRST OF DEC,ALL PRODUCTION PRACTICES,47,12,47
SURVEY,POINT IN TIME,TN,UNITED STATES,2019,,STATE,,FIELD CROPS,,CAPACITY,00000000,2024-01-09 15:00:00.000,TOTAL,,TENNESSEE,CROPS,,,NOT SPECIFIED,TENNESSEE,"100,000,000",BU,,,,ON FARM,,,9000,"GRAIN STORAGE CAPACITY, ON FARM - CAPACITY, MEASURED IN BU",12,GRAIN STORAGE CAPACITY,ALL CLASSES,FIRST OF DEC,ALL PRODUCTION PRACTICES,47,12,47
SURVEY,POINT IN TIME,TN,UNITED STATES,2018,,STATE,,FIELD CROPS,,CAPACITY,00000000,2024-01-09 15:00:00.000,TOTAL,,TENNESSEE,CROPS,,,NOT SPECIFIED,TENNESSEE,"100,000,000",BU,,,,ON FARM,,,9000,"GRAIN STORAGE CAPACITY, ON FARM - CAPACITY, MEASURED IN BU",12,GRAIN STORAGE CAPACITY,ALL CLASSES,FIRST OF DEC,ALL PRODUCTION PRACTICES,47,12,47
SURVEY,POINT IN TIME,TN,UNITED STATES,2017,,STATE,,FIELD CROPS,,CAPACITY,00000000,2019-02-06 15:00:06.000,TOTAL,,TENNESSEE,CROPS,,,NOT SPECIFIED,TENNESSEE,"95,000,000",BU,,,,ON FARM,,,9000,"GRAIN STORAGE CAPACITY, ON FARM - CAPACITY, MEASURED IN BU",12,GRAIN STORAGE CAPACITY,ALL CLASSES,FIRST OF DEC,ALL PRODUCTION PRACTICES,47,12,47
SURVEY,POINT IN TIME,TN,UNITED STATES,2016,,STATE,,FIELD CROPS,,CAPACITY,00000000,2019-02-06 15:00:06.000,TOTAL,,TENNESSEE,CROPS,,,NOT SPECIFIED,TENNESSEE,"95,000,000",BU,,,,ON FARM,,,9000,"GRAIN STORAGE CAPACITY, ON FARM - CAPACITY, MEASURED IN BU",12,GRAIN STORAGE CAPACITY,ALL CLASSES,FIRST OF DEC,ALL PRODUCTION PRACTICES,47,12,47
SURVEY,POINT IN TIME,TN,UNITED STATES,2015,,STATE,,FIELD CROPS,,CAPACITY,00000000,2019-02-06 15:00:06.000,TOTAL,,TENNESSEE,CROPS,,,NOT SPECIFIED,TENNESSEE,"90,000,000",BU,,,,ON FARM,,,9000,"GRAIN STORAGE CAPACITY, ON FARM - CAPACITY, MEASURED IN BU",12,GRAIN STORAGE CAPACITY,ALL CLASSES,FIRST OF DEC,ALL PRODUCTION PRACTICES,47,12,47
SURVEY,POINT IN TIME,TN,UNITED STATES,2014,,STATE,,FIELD CROPS,,CAPACITY,00000000,2019-02-06 15:00:06.000,TOTAL,,TENNESSEE,CROPS,,,NOT SPECIFIED,TENNESSEE,"85,000,000",BU,,,,ON FARM,,,9000,"GRAIN STORAGE CAPACITY, ON FARM - CAPACITY, MEASURED IN BU",12,GRAIN STORAGE CAPACITY,ALL CLASSES,FIRST OF DEC,ALL PRODUCTION PRACTICES,47,12,47
SURVEY,POINT IN TIME,TN,UNITED STATES,2013,,STATE,,FIELD CROPS,,CAPACITY,00000000,2019-02-06 15:00:06.000,TOTAL,,TENNESSEE,CROPS,,,NOT SPECIFIED,TENNESSEE,"80,000,000",BU,,,,ON FARM,,,9000,"GRAIN STORAGE CAPACITY, ON FARM - CAPACITY, MEASURED IN BU",12,GRAIN STORAGE CAPACITY,ALL CLASSES,FIRST OF DEC,ALL PRODUCTION PRACTICES,47,12,47
SURVEY,POINT IN TIME,TN,UNITED STATES,2012,,STATE,,FIELD CROPS,,CAPACITY,00000000,2014-11-03 15:18:45.000,TOTAL,,TENNESSEE,CROPS,,,NOT SPECIFIED,TENNESSEE,"80,000,000",BU,,,,ON FARM,,,9000,"GRAIN STORAGE CAPACITY, ON FARM - CAPACITY, MEASURED IN BU",12,GRAIN STORAGE CAPACITY,ALL CLASSES,FIRST OF DEC,ALL PRODUCTION PRACTICES,47,12,47
SURVEY,POINT IN TIME,TN,UNITED STATES,2011,,STATE,,FIELD CROPS,,CAPACITY,00000000,2014-11-03 15:18:45.000,TOTAL,,TENNESSEE,CROPS,,,NOT SPECIFIED,TENNESSEE,"75,000,000",BU,,,,ON FARM,,,9000,"GRAIN STORAGE CAPACITY, ON FARM - CAPACITY, MEASURED IN BU",12,GRAIN STORAGE CAPACITY,ALL CLASSES,FIRST OF DEC,ALL PRODUCTION PRACTICES,47,12,47
SURVEY,POINT IN TIME,TN,UNITED STATES,2010,,STATE,,FIELD CROPS,,CAPACITY,00000000,2014-11-03 15:18:45.000,TOTAL,,TENNESSEE,CROPS,,,NOT SPECIFIED,TENNESSEE,"70,000,000",BU,,,,ON FARM,,,9000,"GRAIN STORAGE CAPACITY, ON FARM - CAPACITY, MEASURED IN BU",12,GRAIN STORAGE CAPACITY,ALL CLASSES,FIRST OF DEC,ALL PRODUCTION PRACTICES,47,12,47
SURVEY,POINT IN TIME,TX,UNITED STATES,2025,,STATE,,FIELD CROPS,,CAPACITY,00000000,2026-01-12 12:00:00.000,TOTAL,,TEXAS,CROPS,,,NOT SPECIFIED,TEXAS,"170,000,000",BU,,,,ON FARM,,,9000,"GRAIN STORAGE CAPACITY, ON FARM - CAPACITY, MEASURED IN BU",12,GRAIN STORAGE CAPACITY,ALL CLASSES,FIRST OF DEC,ALL PRODUCTION PRACTICES,48,12,48
SURVEY,POINT IN TIME,TX,UNITED STATES,2024,,STATE,,FIELD CROPS,,CAPACITY,00000000,2026-01-12 12:00:00.000,TOTAL,,TEXAS,CROPS,,,NOT SPECIFIED,TEXAS,"170,000,000",BU,,,,ON FARM,,,9000,"GRAIN STORAGE CAPACITY, ON FARM - CAPACITY, MEASURED IN BU",12,GRAIN STORAGE CAPACITY,ALL CLASSES,FIRST OF DEC,ALL PRODUCTION PRACTICES,48,12,48
SURVEY,POINT IN TIME,TX,UNITED STATES,2023,,STATE,,FIELD CROPS,,CAPACITY,00000000,2025-01-10 12:00:00.000,TOTAL,,TEXAS,CROPS,,,NOT SPECIFIED,TEXAS,"160,000,000",BU,,,,ON FARM,,,9000,"GRAIN STORAGE CAPACITY, ON FARM - CAPACITY, MEASURED IN BU",12,GRAIN STORAGE CAPACITY,ALL CLASSES,FIRST OF DEC,ALL PRODUCTION PRACTICES,48,12,48
SURVEY,POINT IN TIME,TX,UNITED STATES,2022,,STATE,,FIELD CROPS,,CAPACITY,00000000,2024-01-09 15:00:00.000,TOTAL,,TEXAS,CROPS,,,NOT SPECIFIED,TEXAS,"160,000,000",BU,,,,ON FARM,,,9000,"GRAIN STORAGE CAPACITY, ON FARM - CAPACITY, MEASURED IN BU",12,GRAIN STORAGE CAPACITY,ALL CLASSES,FIRST OF DEC,ALL PRODUCTION PRACTICES,48,12,48
SURVEY,POINT IN TIME,TX,UNITED STATES,2021,,STATE,,FIELD CROPS,,CAPACITY,00000000,2024-01-09 15:00:00.000,TOTAL,,TEXAS,CROPS,,,NOT SPECIFIED,TEXAS,"160,000,000",BU,,,,ON FARM,,,9000,"GRAIN STORAGE CAPACITY, ON FARM - CAPACITY, MEASURED IN BU",12,GRAIN STORAGE CAPACITY,ALL CLASSES,FIRST OF DEC,ALL PRODUCTION PRACTICES,48,12,48
SURVEY,POINT IN TIME,TX,UNITED STATES,2020,,STATE,,FIELD CROPS,,CAPACITY,00000000,2024-01-09 15:00:00.000,TOTAL,,TEXAS,CROPS,,,NOT SPECIFIED,TEXAS,"160,000,000",BU,,,,ON FARM,,,9000,"GRAIN STORAGE CAPACITY, ON FARM - CAPACITY, MEASURED IN BU",12,GRAIN STORAGE CAPACITY,ALL CLASSES,FIRST OF DEC,ALL PRODUCTION PRACTICES,48,12,48
SURVEY,POINT IN TIME,TX,UNITED STATES,2019,,STATE,,FIELD CROPS,,CAPACITY,00000000,2024-01-09 15:00:00.000,TOTAL,,TEXAS,CROPS,,,NOT SPECIFIED,TEXAS,"160,000,000",BU,,,,ON FARM,,,9000,"GRAIN STORAGE CAPACITY, ON FARM - CAPACITY, MEASURED IN BU",12,GRAIN STORAGE CAPACITY,ALL CLASSES,FIRST OF DEC,ALL PRODUCTION PRACTICES,48,12,48
SURVEY,POINT IN TIME,TX,UNITED STATES,2018,,STATE,,FIELD CROPS,,CAPACITY,00000000,2024-01-09 15:00:00.000,TOTAL,,TEXAS,CROPS,,,NOT SPECIFIED,TEXAS,"160,000,000",BU,,,,ON FARM,,,9000,"GRAIN STORAGE CAPACITY, ON FARM - CAPACITY, MEASURED IN BU",12,GRAIN STORAGE CAPACITY,ALL CLASSES,FIRST OF DEC,ALL PRODUCTION PRACTICES,48,12,48
SURVEY,POINT IN TIME,TX,UNITED STATES,2017,,STATE,,FIELD CROPS,,CAPACITY,00000000,2019-02-06 15:00:06.000,TOTAL,,TEXAS,CROPS,,,NOT SPECIFIED,TEXAS,"160,000,000",BU,,,,ON FARM,,,9000,"GRAIN STORAGE CAPACITY, ON FARM - CAPACITY, MEASURED IN BU",12,GRAIN STORAGE CAPACITY,ALL CLASSES,FIRST OF DEC,ALL PRODUCTION PRACTICES,48,12,48
SURVEY,POINT IN TIME,TX,UNITED STATES,2016,,STATE,,FIELD CROPS,,CAPACITY,00000000,2019-02-06 15:00:06.000,TOTAL,,TEXAS,CROPS,,,NOT SPECIFIED,TEXAS,"160,000,000",BU,,,,ON FARM,,,9000,"GRAIN STORAGE CAPACITY, ON FARM - CAPACITY, MEASURED IN BU",12,GRAIN STORAGE CAPACITY,ALL CLASSES,FIRST OF DEC,ALL PRODUCTION PRACTICES,48,12,48
SURVEY,POINT IN TIME,TX,UNITED STATES,2015,,STATE,,FIELD CROPS,,CAPACITY,00000000,2019-02-06 15:00:06.000,TOTAL,,TEXAS,CROPS,,,NOT SPECIFIED,TEXAS,"160,000,000",BU,,,,ON FARM,,,9000,"GRAIN STORAGE CAPACITY, ON FARM - CAPACITY, MEASURED IN BU",12,GRAIN STORAGE CAPACITY,ALL CLASSES,FIRST OF DEC,ALL PRODUCTION PRACTICES,48,12,48
SURVEY,POINT IN TIME,TX,UNITED STATES,2014,,STATE,,FIELD CROPS,,CAPACITY,00000000,2019-02-06 15:00:06.000,TOTAL,,TEXAS,CROPS,,,NOT SPECIFIED,TEXAS,"160,000,000",BU,,,,ON FARM,,,9000,"GRAIN STORAGE CAPACITY, ON FARM - CAPACITY, MEASURED IN BU",12,GRAIN STORAGE CAPACITY,ALL CLASSES,FIRST OF DEC,ALL PRODUCTION PRACTICES,48,12,48
SURVEY,POINT IN TIME,TX,UNITED STATES,2013,,STATE,,FIELD CROPS,,CAPACITY,00000000,2019-02-06 15:00:06.000,TOTAL,,TEXAS,CROPS,,,NOT SPECIFIED,TEXAS,"160,000,000",BU,,,,ON FARM,,,9000,"GRAIN STORAGE CAPACITY, ON FARM - CAPACITY, MEASURED IN BU",12,GRAIN STORAGE CAPACITY,ALL CLASSES,FIRST OF DEC,ALL PRODUCTION PRACTICES,48,12,48
SURVEY,POINT IN TIME,TX,UNITED STATES,2012,,STATE,,FIELD CROPS,,CAPACITY,00000000,2014-11-03 15:18:45.000,TOTAL,,TEXAS,CROPS,,,NOT SPECIFIED,TEXAS,"160,000,000",BU,,,,ON FARM,,,9000,"GRAIN STORAGE CAPACITY, ON FARM - CAPACITY, MEASURED IN BU",12,GRAIN STORAGE CAPACITY,ALL CLASSES,FIRST OF DEC,ALL PRODUCTION PRACTICES,48,12,48
SURVEY,POINT IN TIME,TX,UNITED STATES,2011,,STATE,,FIELD CROPS,,CAPACITY,00000000,2014-11-03 15:18:45.000,TOTAL,,TEXAS,CROPS,,,NOT SPECIFIED,TEXAS,"150,000,000",BU,,,,ON FARM,,,9000,"GRAIN STORAGE CAPACITY, ON FARM - CAPACITY, MEASURED IN BU",12,GRAIN STORAGE CAPACITY,ALL CLASSES,FIRST OF DEC,ALL PRODUCTION PRACTICES,48,12,48
SURVEY,POINT IN TIME,TX,UNITED STATES,2010,,STATE,,FIELD CROPS,,CAPACITY,00000000,2014-11-03 15:18:45.000,TOTAL,,TEXAS,CROPS,,,NOT SPECIFIED,TEXAS,"150,000,000",BU,,,,ON FARM,,,9000,"GRAIN STORAGE CAPACITY, ON FARM - CAPACITY, MEASURED IN BU",12,GRAIN STORAGE CAPACITY,ALL CLASSES,FIRST OF DEC,ALL PRODUCTION PRACTICES,48,12,48
SURVEY,POINT IN TIME,VA,UNITED STATES,2025,,STATE,,FIELD CROPS,,CAPACITY,00000000,2026-01-12 12:00:00.000,TOTAL,,VIRGINIA,CROPS,,,NOT SPECIFIED,VIRGINIA,"57,000,000",BU,,,,ON FARM,,,9000,"GRAIN STORAGE CAPACITY, ON FARM - CAPACITY, MEASURED IN BU",12,GRAIN STORAGE CAPACITY,ALL CLASSES,FIRST OF DEC,ALL PRODUCTION PRACTICES,51,12,51
SURVEY,POINT IN TIME,VA,UNITED STATES,2024,,STATE,,FIELD CROPS,,CAPACITY,00000000,2026-01-12 12:00:00.000,TOTAL,,VIRGINIA,CROPS,,,NOT SPECIFIED,VIRGINIA,"57,000,000",BU,,,,ON FARM,,,9000,"GRAIN STORAGE CAPACITY, ON FARM - CAPACITY, MEASURED IN BU",12,GRAIN STORAGE CAPACITY,ALL CLASSES,FIRST OF DEC,ALL PRODUCTION PRACTICES,51,12,51
SURVEY,POINT IN TIME,VA,UNITED STATES,2023,,STATE,,FIELD CROPS,,CAPACITY,00000000,2025-01-10 12:00:00.000,TOTAL,,VIRGINIA,CROPS,,,NOT SPECIFIED,VIRGINIA,"57,000,000",BU,,,,ON FARM,,,9000,"GRAIN STORAGE CAPACITY, ON FARM - CAPACITY, MEASURED IN BU",12,GRAIN STORAGE CAPACITY,ALL CLASSES,FIRST OF DEC,ALL PRODUCTION PRACTICES,51,12,51
SURVEY,POINT IN TIME,VA,UNITED STATES,2022,,STATE,,FIELD CROPS,,CAPACITY,00000000,2024-01-09 15:00:00.000,TOTAL,,VIRGINIA,CROPS,,,NOT SPECIFIED,VIRGINIA,"55,000,000",BU,,,,ON FARM,,,9000,"GRAIN STORAGE CAPACITY, ON FARM - CAPACITY, MEASURED IN BU",12,GRAIN STORAGE CAPACITY,ALL CLASSES,FIRST OF DEC,ALL PRODUCTION PRACTICES,51,12,51
SURVEY,POINT IN TIME,VA,UNITED STATES,2021,,STATE,,FIELD CROPS,,CAPACITY,00000000,2024-01-09 15:00:00.000,TOTAL,,VIRGINIA,CROPS,,,NOT SPECIFIED,VIRGINIA,"55,000,000",BU,,,,ON FARM,,,9000,"GRAIN STORAGE CAPACITY, ON FARM - CAPACITY, MEASURED IN BU",12,GRAIN STORAGE CAPACITY,ALL CLASSES,FIRST OF DEC,ALL PRODUCTION PRACTICES,51,12,51
SURVEY,POINT IN TIME,VA,UNITED STATES,2020,,STATE,,FIELD CROPS,,CAPACITY,00000000,2024-01-09 15:00:00.000,TOTAL,,VIRGINIA,CROPS,,,NOT SPECIFIED,VIRGINIA,"55,000,000",BU,,,,ON FARM,,,9000,"GRAIN STORAGE CAPACITY, ON FARM - CAPACITY, MEASURED IN BU",12,GRAIN STORAGE CAPACITY,ALL CLASSES,FIRST OF DEC,ALL PRODUCTION PRACTICES,51,12,51
SURVEY,POINT IN TIME,VA,UNITED STATES,2019,,STATE,,FIELD CROPS,,CAPACITY,00000000,2024-01-09 15:00:00.000,TOTAL,,VIRGINIA,CROPS,,,NOT SPECIFIED,VIRGINIA,"55,000,000",BU,,,,ON FARM,,,9000,"GRAIN STORAGE CAPACITY, ON FARM - CAPACITY, MEASURED IN BU",12,GRAIN STORAGE CAPACITY,ALL CLASSES,FIRST OF DEC,ALL PRODUCTION PRACTICES,51,12,51
SURVEY,POINT IN TIME,VA,UNITED STATES,2018,,STATE,,FIELD CROPS,,CAPACITY,00000000,2024-01-09 15:00:00.000,TOTAL,,VIRGINIA,CROPS,,,NOT SPECIFIED,VIRGINIA,"55,000,000",BU,,,,ON FARM,,,9000,"GRAIN STORAGE CAPACITY, ON FARM - CAPACITY, MEASURED IN BU",12,GRAIN STORAGE CAPACITY,ALL CLASSES,FIRST OF DEC,ALL PRODUCTION PRACTICES,51,12,51
SURVEY,POINT IN TIME,VA,UNITED STATES,2017,,STATE,,FIELD CROPS,,CAPACITY,00000000,2019-02-06 15:00:06.000,TOTAL,,VIRGINIA,CROPS,,,NOT SPECIFIED,VIRGINIA,"55,000,000",BU,,,,ON FARM,,,9000,"GRAIN STORAGE CAPACITY, ON FARM - CAPACITY, MEASURED IN BU",12,GRAIN STORAGE CAPACITY,ALL CLASSES,FIRST OF DEC,ALL PRODUCTION PRACTICES,51,12,51
SURVEY,POINT IN TIME,VA,UNITED STATES,2016,,STATE,,FIELD CROPS,,CAPACITY,00000000,2019-02-06 15:00:06.000,TOTAL,,VIRGINIA,CROPS,,,NOT SPECIFIED,VIRGINIA,"55,000,000",BU,,,,ON FARM,,,9000,"GRAIN STORAGE CAPACITY, ON FARM - CAPACITY, MEASURED IN BU",12,GRAIN STORAGE CAPACITY,ALL CLASSES,FIRST OF DEC,ALL PRODUCTION PRACTICES,51,12,51
SURVEY,POINT IN TIME,VA,UNITED STATES,2015,,STATE,,FIELD CROPS,,CAPACITY,00000000,2019-02-06 15:00:06.000,TOTAL,,VIRGINIA,CROPS,,,NOT SPECIFIED,VIRGINIA,"55,000,000",BU,,,,ON FARM,,,9000,"GRAIN STORAGE CAPACITY, ON FARM - CAPACITY, MEASURED IN BU",12,GRAIN STORAGE CAPACITY,ALL CLASSES,FIRST OF DEC,ALL PRODUCTION PRACTICES,51,12,51
SURVEY,POINT IN TIME,VA,UNITED STATES,2014,,STATE,,FIELD CROPS,,CAPACITY,00000000,2019-02-06 15:00:06.000,TOTAL,,VIRGINIA,CROPS,,,NOT SPECIFIED,VIRGINIA,"55,000,000",BU,,,,ON FARM,,,9000,"GRAIN STORAGE CAPACITY, ON FARM - CAPACITY, MEASURED IN BU",12,GRAIN STORAGE CAPACITY,ALL CLASSES,FIRST OF DEC,ALL PRODUCTION PRACTICES,51,12,51
SURVEY,POINT IN TIME,VA,UNITED STATES,2013,,STATE,,FIELD CROPS,,CAPACITY,00000000,2019-02-06 15:00:06.000,TOTAL,,VIRGINIA,CROPS,,,NOT SPECIFIED,VIRGINIA,"55,000,000",BU,,,,ON FARM,,,9000,"GRAIN STORAGE CAPACITY, ON FARM - CAPACITY, MEASURED IN BU",12,GRAIN STORAGE CAPACITY,ALL CLASSES,FIRST OF DEC,ALL PRODUCTION PRACTICES,51,12,51
SURVEY,POINT IN TIME,VA,UNITED STATES,2012,,STATE,,FIELD CROPS,,CAPACITY,00000000,2014-11-03 15:18:45.000,TOTAL,,VIRGINIA,CROPS,,,NOT SPECIFIED,VIRGINIA,"55,000,000",BU,,,,ON FARM,,,9000,"GRAIN STORAGE CAPACITY, ON FARM - CAPACITY, MEASURED IN BU",12,GRAIN STORAGE CAPACITY,ALL CLASSES,FIRST OF DEC,ALL PRODUCTION PRACTICES,51,12,51
SURVEY,POINT IN TIME,VA,UNITED STATES,2011,,STATE,,FIELD CROPS,,CAPACITY,00000000,2014-11-03 15:18:45.000,TOTAL,,VIRGINIA,CROPS,,,NOT SPECIFIED,VIRGINIA,"55,000,000",BU,,,,ON FARM,,,9000,"GRAIN STORAGE CAPACITY, ON FARM - CAPACITY, MEASURED IN BU",12,GRAIN STORAGE CAPACITY,ALL CLASSES,FIRST OF DEC,ALL PRODUCTION PRACTICES,51,12,51
SURVEY,POINT IN TIME,VA,UNITED STATES,2010,,STATE,,FIELD CROPS,,CAPACITY,00000000,2014-11-03 15:18:45.000,TOTAL,,VIRGINIA,CROPS,,,NOT SPECIFIED,VIRGINIA,"50,000,000",BU,,,,ON FARM,,,9000,"GRAIN STORAGE CAPACITY, ON FARM - CAPACITY, MEASURED IN BU",12,GRAIN STORAGE CAPACITY,ALL CLASSES,FIRST OF DEC,ALL PRODUCTION PRACTICES,51,12,51
SURVEY,POINT IN TIME,WA,UNITED STATES,2025,,STATE,,FIELD CROPS,,CAPACITY,00000000,2026-01-12 12:00:00.000,TOTAL,,WASHINGTON,CROPS,,,NOT SPECIFIED,WASHINGTON,"65,000,000",BU,,,,ON FARM,,,9000,"GRAIN STORAGE CAPACITY, ON FARM - CAPACITY, MEASURED IN BU",12,GRAIN STORAGE CAPACITY,ALL CLASSES,FIRST OF DEC,ALL PRODUCTION PRACTICES,53,12,53
SURVEY,POINT IN TIME,WA,UNITED STATES,2024,,STATE,,FIELD CROPS,,CAPACITY,00000000,2026-01-12 12:00:00.000,TOTAL,,WASHINGTON,CROPS,,,NOT SPECIFIED,WASHINGTON,"70,000,000",BU,,,,ON FARM,,,9000,"GRAIN STORAGE CAPACITY, ON FARM - CAPACITY, MEASURED IN BU",12,GRAIN STORAGE CAPACITY,ALL CLASSES,FIRST OF DEC,ALL PRODUCTION PRACTICES,53,12,53
SURVEY,POINT IN TIME,WA,UNITED STATES,2023,,STATE,,FIELD CROPS,,CAPACITY,00000000,2025-01-10 12:00:00.000,TOTAL,,WASHINGTON,CROPS,,,NOT SPECIFIED,WASHINGTON,"70,000,000",BU,,,,ON FARM,,,9000,"GRAIN STORAGE CAPACITY, ON FARM - CAPACITY, MEASURED IN BU",12,GRAIN STORAGE CAPACITY,ALL CLASSES,FIRST OF DEC,ALL PRODUCTION PRACTICES,53,12,53
SURVEY,POINT IN TIME,WA,UNITED STATES,2022,,STATE,,FIELD CROPS,,CAPACITY,00000000,2024-01-09 15:00:00.000,TOTAL,,WASHINGTON,CROPS,,,NOT SPECIFIED,WASHINGTON,"70,000,000",BU,,,,ON FARM,,,9000,"GRAIN STORAGE CAPACITY, ON FARM - CAPACITY, MEASURED IN BU",12,GRAIN STORAGE CAPACITY,ALL CLASSES,FIRST OF DEC,ALL PRODUCTION PRACTICES,53,12,53
SURVEY,POINT IN TIME,WA,UNITED STATES,2021,,STATE,,FIELD CROPS,,CAPACITY,00000000,2024-01-09 15:00:00.000,TOTAL,,WASHINGTON,CROPS,,,NOT SPECIFIED,WASHINGTON,"70,000,000",BU,,,,ON FARM,,,9000,"GRAIN STORAGE CAPACITY, ON FARM - CAPACITY, MEASURED IN BU",12,GRAIN STORAGE CAPACITY,ALL CLASSES,FIRST OF DEC,ALL PRODUCTION PRACTICES,53,12,53
SURVEY,POINT IN TIME,WA,UNITED STATES,2020,,STATE,,FIELD CROPS,,CAPACITY,00000000,2024-01-09 15:00:00.000,TOTAL,,WASHINGTON,CROPS,,,NOT SPECIFIED,WASHINGTON,"75,000,000",BU,,,,ON FARM,,,9000,"GRAIN STORAGE CAPACITY, ON FARM - CAPACITY, MEASURED IN BU",12,GRAIN STORAGE CAPACITY,ALL CLASSES,FIRST OF DEC,ALL PRODUCTION PRACTICES,53,12,53
SURVEY,POINT IN TIME,WA,UNITED STATES,2019,,STATE,,FIELD CROPS,,CAPACITY,00000000,2024-01-09 15:00:00.000,TOTAL,,WASHINGTON,CROPS,,,NOT SPECIFIED,WASHINGTON,"75,000,000",BU,,,,ON FARM,,,9000,"GRAIN STORAGE CAPACITY, ON FARM - CAPACITY, MEASURED IN BU",12,GRAIN STORAGE CAPACITY,ALL CLASSES,FIRST OF DEC,ALL PRODUCTION PRACTICES,53,12,53
SURVEY,POINT IN TIME,WA,UNITED STATES,2018,,STATE,,FIELD CROPS,,CAPACITY,00000000,2024-01-09 15:00:00.000,TOTAL,,WASHINGTON,CROPS,,,NOT SPECIFIED,WASHINGTON,"80,000,000",BU,,,,ON FARM,,,9000,"GRAIN STORAGE CAPACITY, ON FARM - CAPACITY, MEASURED IN BU",12,GRAIN STORAGE CAPACITY,ALL CLASSES,FIRST OF DEC,ALL PRODUCTION PRACTICES,53,12,53
SURVEY,POINT IN TIME,WA,UNITED STATES,2017,,STATE,,FIELD CROPS,,CAPACITY,00000000,2019-02-06 15:00:06.000,TOTAL,,WASHINGTON,CROPS,,,NOT SPECIFIED,WASHINGTON,"80,000,000",BU,,,,ON FARM,,,9000,"GRAIN STORAGE CAPACITY, ON FARM - CAPACITY, MEASURED IN BU",12,GRAIN STORAGE CAPACITY,ALL CLASSES,FIRST OF DEC,ALL PRODUCTION PRACTICES,53,12,53
SURVEY,POINT IN TIME,WA,UNITED STATES,2016,,STATE,,FIELD CROPS,,CAPACITY,00000000,2019-02-06 15:00:06.000,TOTAL,,WASHINGTON,CROPS,,,NOT SPECIFIED,WASHINGTON,"80,000,000",BU,,,,ON FARM,,,9000,"GRAIN STORAGE CAPACITY, ON FARM - CAPACITY, MEASURED IN BU",12,GRAIN STORAGE CAPACITY,ALL CLASSES,FIRST OF DEC,ALL PRODUCTION PRACTICES,53,12,53
SURVEY,POINT IN TIME,WA,UNITED STATES,2015,,STATE,,FIELD CROPS,,CAPACITY,00000000,2019-02-06 15:00:06.000,TOTAL,,WASHINGTON,CROPS,,,NOT SPECIFIED,WASHINGTON,"80,000,000",BU,,,,ON FARM,,,9000,"GRAIN STORAGE CAPACITY, ON FARM - CAPACITY, MEASURED IN BU",12,GRAIN STORAGE CAPACITY,ALL CLASSES,FIRST OF DEC,ALL PRODUCTION PRACTICES,53,12,53
SURVEY,POINT IN TIME,WA,UNITED STATES,2014,,STATE,,FIELD CROPS,,CAPACITY,00000000,2019-02-06 15:00:06.000,TOTAL,,WASHINGTON,CROPS,,,NOT SPECIFIED,WASHINGTON,"80,000,000",BU,,,,ON FARM,,,9000,"GRAIN STORAGE CAPACITY, ON FARM - CAPACITY, MEASURED IN BU",12,GRAIN STORAGE CAPACITY,ALL CLASSES,FIRST OF DEC,ALL PRODUCTION PRACTICES,53,12,53
SURVEY,POINT IN TIME,WA,UNITED STATES,2013,,STATE,,FIELD CROPS,,CAPACITY,00000000,2019-02-06 15:00:06.000,TOTAL,,WASHINGTON,CROPS,,,NOT SPECIFIED,WASHINGTON,"80,000,000",BU,,,,ON FARM,,,9000,"GRAIN STORAGE CAPACITY, ON FARM - CAPACITY, MEASURED IN BU",12,GRAIN STORAGE CAPACITY,ALL CLASSES,FIRST OF DEC,ALL PRODUCTION PRACTICES,53,12,53
SURVEY,POINT IN TIME,WA,UNITED STATES,2012,,STATE,,FIELD CROPS,,CAPACITY,00000000,2014-11-03 15:18:45.000,TOTAL,,WASHINGTON,CROPS,,,NOT SPECIFIED,WASHINGTON,"75,000,000",BU,,,,ON FARM,,,9000,"GRAIN STORAGE CAPACITY, ON FARM - CAPACITY, MEASURED IN BU",12,GRAIN STORAGE CAPACITY,ALL CLASSES,FIRST OF DEC,ALL PRODUCTION PRACTICES,53,12,53
SURVEY,POINT IN TIME,WA,UNITED STATES,2011,,STATE,,FIELD CROPS,,CAPACITY,00000000,2014-11-03 15:18:45.000,TOTAL,,WASHINGTON,CROPS,,,NOT SPECIFIED,WASHINGTON,"75,000,000",BU,,,,ON FARM,,,9000,"GRAIN STORAGE CAPACITY, ON FARM - CAPACITY, MEASURED IN BU",12,GRAIN STORAGE CAPACITY,ALL CLASSES,FIRST OF DEC,ALL PRODUCTION PRACTICES,53,12,53
SURVEY,POINT IN TIME,WA,UNITED STATES,2010,,STATE,,FIELD CROPS,,CAPACITY,00000000,2014-11-03 15:18:45.000,TOTAL,,WASHINGTON,CROPS,,,NOT SPECIFIED,WASHINGTON,"75,000,000",BU,,,,ON FARM,,,9000,"GRAIN STORAGE CAPACITY, ON FARM - CAPACITY, MEASURED IN BU",12,GRAIN STORAGE CAPACITY,ALL CLASSES,FIRST OF DEC,ALL PRODUCTION PRACTICES,53,12,53
SURVEY,POINT IN TIME,WI,UNITED STATES,2025,,STATE,,FIELD CROPS,,CAPACITY,00000000,2026-01-12 12:00:00.000,TOTAL,,WISCONSIN,CROPS,,,NOT SPECIFIED,WISCONSIN,"375,000,000",BU,,,,ON FARM,,,9000,"GRAIN STORAGE CAPACITY, ON FARM - CAPACITY, MEASURED IN BU",12,GRAIN STORAGE CAPACITY,ALL CLASSES,FIRST OF DEC,ALL PRODUCTION PRACTICES,55,12,55
SURVEY,POINT IN TIME,WI,UNITED STATES,2024,,STATE,,FIELD CROPS,,CAPACITY,00000000,2026-01-12 12:00:00.000,TOTAL,,WISCONSIN,CROPS,,,NOT SPECIFIED,WISCONSIN,"380,000,000",BU,,,,ON FARM,,,9000,"GRAIN STORAGE CAPACITY, ON FARM - CAPACITY, MEASURED IN BU",12,GRAIN STORAGE CAPACITY,ALL CLASSES,FIRST OF DEC,ALL PRODUCTION PRACTICES,55,12,55
SURVEY,POINT IN TIME,WI,UNITED STATES,2023,,STATE,,FIELD CROPS,,CAPACITY,00000000,2025-01-10 12:00:00.000,TOTAL,,WISCONSIN,CROPS,,,NOT SPECIFIED,WISCONSIN,"380,000,000",BU,,,,ON FARM,,,9000,"GRAIN STORAGE CAPACITY, ON FARM - CAPACITY, MEASURED IN BU",12,GRAIN STORAGE CAPACITY,ALL CLASSES,FIRST OF DEC,ALL PRODUCTION PRACTICES,55,12,55
SURVEY,POINT IN TIME,WI,UNITED STATES,2022,,STATE,,FIELD CROPS,,CAPACITY,00000000,2024-01-09 15:00:00.000,TOTAL,,WISCONSIN,CROPS,,,NOT SPECIFIED,WISCONSIN,"380,000,000",BU,,,,ON FARM,,,9000,"GRAIN STORAGE CAPACITY, ON FARM - CAPACITY, MEASURED IN BU",12,GRAIN STORAGE CAPACITY,ALL CLASSES,FIRST OF DEC,ALL PRODUCTION PRACTICES,55,12,55
SURVEY,POINT IN TIME,WI,UNITED STATES,2021,,STATE,,FIELD CROPS,,CAPACITY,00000000,2024-01-09 15:00:00.000,TOTAL,,WISCONSIN,CROPS,,,NOT SPECIFIED,WISCONSIN,"380,000,000",BU,,,,ON FARM,,,9000,"GRAIN STORAGE CAPACITY, ON FARM - CAPACITY, MEASURED IN BU",12,GRAIN STORAGE CAPACITY,ALL CLASSES,FIRST OF DEC,ALL PRODUCTION PRACTICES,55,12,55
SURVEY,POINT IN TIME,WI,UNITED STATES,2020,,STATE,,FIELD CROPS,,CAPACITY,00000000,2024-01-09 15:00:00.000,TOTAL,,WISCONSIN,CROPS,,,NOT SPECIFIED,WISCONSIN,"380,000,000",BU,,,,ON FARM,,,9000,"GRAIN STORAGE CAPACITY, ON FARM - CAPACITY, MEASURED IN BU",12,GRAIN STORAGE CAPACITY,ALL CLASSES,FIRST OF DEC,ALL PRODUCTION PRACTICES,55,12,55
SURVEY,POINT IN TIME,WI,UNITED STATES,2019,,STATE,,FIELD CROPS,,CAPACITY,00000000,2024-01-09 15:00:00.000,TOTAL,,WISCONSIN,CROPS,,,NOT SPECIFIED,WISCONSIN,"380,000,000",BU,,,,ON FARM,,,9000,"GRAIN STORAGE CAPACITY, ON FARM - CAPACITY, MEASURED IN BU",12,GRAIN STORAGE CAPACITY,ALL CLASSES,FIRST OF DEC,ALL PRODUCTION PRACTICES,55,12,55
SURVEY,POINT IN TIME,WI,UNITED STATES,2018,,STATE,,FIELD CROPS,,CAPACITY,00000000,2024-01-09 15:00:00.000,TOTAL,,WISCONSIN,CROPS,,,NOT SPECIFIED,WISCONSIN,"375,000,000",BU,,,,ON FARM,,,9000,"GRAIN STORAGE CAPACITY, ON FARM - CAPACITY, MEASURED IN BU",12,GRAIN STORAGE CAPACITY,ALL CLASSES,FIRST OF DEC,ALL PRODUCTION PRACTICES,55,12,55
SURVEY,POINT IN TIME,WI,UNITED STATES,2017,,STATE,,FIELD CROPS,,CAPACITY,00000000,2019-02-06 15:00:06.000,TOTAL,,WISCONSIN,CROPS,,,NOT SPECIFIED,WISCONSIN,"375,000,000",BU,,,,ON FARM,,,9000,"GRAIN STORAGE CAPACITY, ON FARM - CAPACITY, MEASURED IN BU",12,GRAIN STORAGE CAPACITY,ALL CLASSES,FIRST OF DEC,ALL PRODUCTION PRACTICES,55,12,55
SURVEY,POINT IN TIME,WI,UNITED STATES,2016,,STATE,,FIELD CROPS,,CAPACITY,00000000,2019-02-06 15:00:06.000,TOTAL,,WISCONSIN,CROPS,,,NOT SPECIFIED,WISCONSIN,"375,000,000",BU,,,,ON FARM,,,9000,"GRAIN STORAGE CAPACITY, ON FARM - CAPACITY, MEASURED IN BU",12,GRAIN STORAGE CAPACITY,ALL CLASSES,FIRST OF DEC,ALL PRODUCTION PRACTICES,55,12,55
SURVEY,POINT IN TIME,WI,UNITED STATES,2015,,STATE,,FIELD CROPS,,CAPACITY,00000000,2019-02-06 15:00:06.000,TOTAL,,WISCONSIN,CROPS,,,NOT SPECIFIED,WISCONSIN,"375,000,000",BU,,,,ON FARM,,,9000,"GRAIN STORAGE CAPACITY, ON FARM - CAPACITY, MEASURED IN BU",12,GRAIN STORAGE CAPACITY,ALL CLASSES,FIRST OF DEC,ALL PRODUCTION PRACTICES,55,12,55
SURVEY,POINT IN TIME,WI,UNITED STATES,2014,,STATE,,FIELD CROPS,,CAPACITY,00000000,2019-02-06 15:00:06.000,TOTAL,,WISCONSIN,CROPS,,,NOT SPECIFIED,WISCONSIN,"375,000,000",BU,,,,ON FARM,,,9000,"GRAIN STORAGE CAPACITY, ON FARM - CAPACITY, MEASURED IN BU",12,GRAIN STORAGE CAPACITY,ALL CLASSES,FIRST OF DEC,ALL PRODUCTION PRACTICES,55,12,55
SURVEY,POINT IN TIME,WI,UNITED STATES,2013,,STATE,,FIELD CROPS,,CAPACITY,00000000,2019-02-06 15:00:06.000,TOTAL,,WISCONSIN,CROPS,,,NOT SPECIFIED,WISCONSIN,"375,000,000",BU,,,,ON FARM,,,9000,"GRAIN STORAGE CAPACITY, ON FARM - CAPACITY, MEASURED IN BU",12,GRAIN STORAGE CAPACITY,ALL CLASSES,FIRST OF DEC,ALL PRODUCTION PRACTICES,55,12,55
SURVEY,POINT IN TIME,WI,UNITED STATES,2012,,STATE,,FIELD CROPS,,CAPACITY,00000000,2014-11-03 15:18:45.000,TOTAL,,WISCONSIN,CROPS,,,NOT SPECIFIED,WISCONSIN,"365,000,000",BU,,,,ON FARM,,,9000,"GRAIN STORAGE CAPACITY, ON FARM - CAPACITY, MEASURED IN BU",12,GRAIN STORAGE CAPACITY,ALL CLASSES,FIRST OF DEC,ALL PRODUCTION PRACTICES,55,12,55
SURVEY,POINT IN TIME,WI,UNITED STATES,2011,,STATE,,FIELD CROPS,,CAPACITY,00000000,2014-11-03 15:18:45.000,TOTAL,,WISCONSIN,CROPS,,,NOT SPECIFIED,WISCONSIN,"355,000,000",BU,,,,ON FARM,,,9000,"GRAIN STORAGE CAPACITY, ON FARM - CAPACITY, MEASURED IN BU",12,GRAIN STORAGE CAPACITY,ALL CLASSES,FIRST OF DEC,ALL PRODUCTION PRACTICES,55,12,55
SURVEY,POINT IN TIME,WI,UNITED STATES,2010,,STATE,,FIELD CROPS,,CAPACITY,00000000,2014-11-03 15:18:45.000,TOTAL,,WISCONSIN,CROPS,,,NOT SPECIFIED,WISCONSIN,"355,000,000",BU,,,,ON FARM,,,9000,"GRAIN STORAGE CAPACITY, ON FARM - CAPACITY, MEASURED IN BU",12,GRAIN STORAGE CAPACITY,ALL CLASSES,FIRST OF DEC,ALL PRODUCTION PRACTICES,55,12,55
