zip_5,domaincat_desc,group_desc,week_ending,sector_desc,class_desc,asd_code,watershed_desc,commodity_desc,county_code,state_name,domain_desc,Value,location_desc,freq_desc,short_desc,reference_period_desc,util_practice_desc,county_ansi,county_name,watershed_code,statisticcat_desc,source_desc,year,country_name,agg_level_desc,unit_desc,congr_district_code,prodn_practice_desc,CV (%),state_fips_code,end_code,begin_code,country_code,region_desc,state_ansi,asd_desc,load_time,state_alpha
,NOT SPECIFIED,FIELD CROPS,,CROPS,ALL CLASSES,,,CORN,,OTHER STATES,TOTAL,0,OTHER STATES,ANNUAL,"CORN, SILAGE - PRODUCTION, MEASURED IN TONS",YEAR,SILAGE,,,00000000,PRODUCTION,SURVEY,2021,UNITED STATES,STATE,TONS,,ALL PRODUCTION PRACTICES,,98,00,00,9000,,,,2024-01-09 15:00:00.000,OT
,NOT SPECIFIED,FIELD CROPS,,CROPS,ALL CLASSES,,,CORN,,OTHER STATES,TOTAL,0,OTHER STATES,ANNUAL,"CORN, SILAGE - PRODUCTION, MEASURED IN TONS",YEAR,SILAGE,,,00000000,PRODUCTION,SURVEY,2020,UNITED STATES,STATE,TONS,,ALL PRODUCTION PRACTICES,,98,00,00,9000,,,,2024-01-09 15:00:00.000,OT
,NOT SPECIFIED,FIELD CROPS,,CROPS,ALL CLASSES,,,CORN,,OTHER STATES,TOTAL,0,OTHER STATES,ANNUAL,"CORN, SILAGE - PRODUCTION, MEASURED IN TONS",YEAR,SILAGE,,,00000000,PRODUCTION,SURVEY,2019,UNITED STATES,STATE,TONS,,ALL PRODUCTION PRACTICES,,98,00,00,9000,,,,2024-01-09 15:00:00.000,OT
,NOT SPECIFIED,FIELD CROPS,,CROPS,ALL CLASSES,,,CORN,,OTHER STATES,TOTAL,0,OTHER STATES,ANNUAL,"CORN, SILAGE - PRODUCTION, MEASURED IN TONS",YEAR,SILAGE,,,00000000,PRODUCTION,SURVEY,2018,UNITED STATES,STATE,TONS,,ALL PRODUCTION PRACTICES,,98,00,00,9000,,,,2024-01-09 15:00:00.000,OT
,NOT SPECIFIED,FIELD CROPS,,CROPS,ALL CLASSES,,,CORN,,OTHER STATES,TOTAL,0,OTHER STATES,ANNUAL,"CORN, SILAGE - PRODUCTION, MEASURED IN TONS",YEAR,SILAGE,,,00000000,PRODUCTION,SURVEY,2017,UNITED STATES,STATE,TONS,,ALL PRODUCTION PRACTICES,,98,00,00,9000,,,,2018-01-12 12:02:42.000,OT
,NOT SPECIFIED,FIELD CROPS,,CROPS,ALL CLASSES,,,CORN,,OTHER STATES,TOTAL,0,OTHER STATES,ANNUAL,"CORN, SILAGE - PRODUCTION, MEASURED IN TONS",YEAR,SILAGE,,,00000000,PRODUCTION,SURVEY,2015,UNITED STATES,STATE,TONS,,ALL PRODUCTION PRACTICES,,98,00,00,9000,,,,2016-01-12 13:18:01.000,OT
,NOT SPECIFIED,FIELD CROPS,,CROPS,ALL CLASSES,,,CORN,,ALABAMA,TOTAL,"60,000",ALABAMA,ANNUAL,"CORN, SILAGE - PRODUCTION, MEASURED IN TONS",YEAR,SILAGE,,,00000000,PRODUCTION,SURVEY,2025,UNITED STATES,STATE,TONS,,ALL PRODUCTION PRACTICES,,01,00,00,9000,,01,,2026-01-12 12:00:00.000,AL
,NOT SPECIFIED,FIELD CROPS,,CROPS,ALL CLASSES,,,CORN,,ALABAMA,TOTAL,"64,000",ALABAMA,ANNUAL,"CORN, SILAGE - PRODUCTION, MEASURED IN TONS",YEAR,SILAGE,,,00000000,PRODUCTION,SURVEY,2024,UNITED STATES,STATE,TONS,,ALL PRODUCTION PRACTICES,,01,00,00,9000,,01,,2025-09-30 12:00:00.000,AL
,NOT SPECIFIED,FIELD CROPS,,CROPS,ALL CLASSES,,,CORN,,ALABAMA,TOTAL,"64,000",ALABAMA,ANNUAL,"CORN, SILAGE - PRODUCTION, MEASURED IN TONS",YEAR,SILAGE,,,00000000,PRODUCTION,SURVEY,2023,UNITED STATES,STATE,TONS,,ALL PRODUCTION PRACTICES,,01,00,00,9000,,01,,2024-09-30 12:00:00.000,AL
,NOT SPECIFIED,FIELD CROPS,,CROPS,ALL CLASSES,,,CORN,,ALABAMA,TOTAL,"60,000",ALABAMA,ANNUAL,"CORN, SILAGE - PRODUCTION, MEASURED IN TONS",YEAR,SILAGE,,,00000000,PRODUCTION,SURVEY,2022,UNITED STATES,STATE,TONS,,ALL PRODUCTION PRACTICES,,01,00,00,9000,,01,,2024-01-09 15:00:00.000,AL
,NOT SPECIFIED,FIELD CROPS,,CROPS,ALL CLASSES,,,CORN,,ALABAMA,TOTAL,"90,000",ALABAMA,ANNUAL,"CORN, SILAGE - PRODUCTION, MEASURED IN TONS",YEAR,SILAGE,,,00000000,PRODUCTION,SURVEY,2021,UNITED STATES,STATE,TONS,,ALL PRODUCTION PRACTICES,,01,00,00,9000,,01,,2024-01-09 15:00:00.000,AL
,NOT SPECIFIED,FIELD CROPS,,CROPS,ALL CLASSES,,,CORN,,ALABAMA,TOTAL,"80,000",ALABAMA,ANNUAL,"CORN, SILAGE - PRODUCTION, MEASURED IN TONS",YEAR,SILAGE,,,00000000,PRODUCTION,SURVEY,2020,UNITED STATES,STATE,TONS,,ALL PRODUCTION PRACTICES,,01,00,00,9000,,01,,2024-01-09 15:00:00.000,AL
,NOT SPECIFIED,FIELD CROPS,,CROPS,ALL CLASSES,,,CORN,,ALABAMA,TOTAL,"91,000",ALABAMA,ANNUAL,"CORN, SILAGE - PRODUCTION, MEASURED IN TONS",YEAR,SILAGE,,,00000000,PRODUCTION,SURVEY,2019,UNITED STATES,STATE,TONS,,ALL PRODUCTION PRACTICES,,01,00,00,9000,,01,,2024-01-09 15:00:00.000,AL
,NOT SPECIFIED,FIELD CROPS,,CROPS,ALL CLASSES,,,CORN,,ALABAMA,TOTAL,"80,000",ALABAMA,ANNUAL,"CORN, SILAGE - PRODUCTION, MEASURED IN TONS",YEAR,SILAGE,,,00000000,PRODUCTION,SURVEY,2018,UNITED STATES,STATE,TONS,,ALL PRODUCTION PRACTICES,,01,00,00,9000,,01,,2024-01-09 15:00:00.000,AL
,NOT SPECIFIED,FIELD CROPS,,CROPS,ALL CLASSES,,,CORN,,ALABAMA,TOTAL,"119,000",ALABAMA,ANNUAL,"CORN, SILAGE - PRODUCTION, MEASURED IN TONS",YEAR,SILAGE,,,00000000,PRODUCTION,SURVEY,2017,UNITED STATES,STATE,TONS,,ALL PRODUCTION PRACTICES,,01,00,00,9000,,01,,2019-02-06 15:00:06.000,AL
,NOT SPECIFIED,FIELD CROPS,,CROPS,ALL CLASSES,,,CORN,,ALABAMA,TOTAL,"112,000",ALABAMA,ANNUAL,"CORN, SILAGE - PRODUCTION, MEASURED IN TONS",YEAR,SILAGE,,,00000000,PRODUCTION,SURVEY,2016,UNITED STATES,STATE,TONS,,ALL PRODUCTION PRACTICES,,01,00,00,9000,,01,,2019-02-06 15:00:06.000,AL
,NOT SPECIFIED,FIELD CROPS,,CROPS,ALL CLASSES,,,CORN,,ALABAMA,TOTAL,"135,000",ALABAMA,ANNUAL,"CORN, SILAGE - PRODUCTION, MEASURED IN TONS",YEAR,SILAGE,,,00000000,PRODUCTION,SURVEY,2015,UNITED STATES,STATE,TONS,,ALL PRODUCTION PRACTICES,,01,00,00,9000,,01,,2019-02-06 15:00:06.000,AL
,NOT SPECIFIED,FIELD CROPS,,CROPS,ALL CLASSES,,,CORN,,ARIZONA,TOTAL,"1,392,000",ARIZONA,ANNUAL,"CORN, SILAGE - PRODUCTION, MEASURED IN TONS",YEAR,SILAGE,,,00000000,PRODUCTION,SURVEY,2025,UNITED STATES,STATE,TONS,,ALL PRODUCTION PRACTICES,,04,00,00,9000,,04,,2026-01-12 12:00:00.000,AZ
,NOT SPECIFIED,FIELD CROPS,,CROPS,ALL CLASSES,,,CORN,,ARIZONA,TOTAL,"1,350,000",ARIZONA,ANNUAL,"CORN, SILAGE - PRODUCTION, MEASURED IN TONS",YEAR,SILAGE,,,00000000,PRODUCTION,SURVEY,2024,UNITED STATES,STATE,TONS,,ALL PRODUCTION PRACTICES,,04,00,00,9000,,04,,2025-09-30 12:00:00.000,AZ
,NOT SPECIFIED,FIELD CROPS,,CROPS,ALL CLASSES,,,CORN,,ARIZONA,TOTAL,"1,782,000",ARIZONA,ANNUAL,"CORN, SILAGE - PRODUCTION, MEASURED IN TONS",YEAR,SILAGE,,,00000000,PRODUCTION,SURVEY,2023,UNITED STATES,STATE,TONS,,ALL PRODUCTION PRACTICES,,04,00,00,9000,,04,,2024-09-30 12:00:00.000,AZ
,NOT SPECIFIED,FIELD CROPS,,CROPS,ALL CLASSES,,,CORN,,ARIZONA,TOTAL,"1,232,000",ARIZONA,ANNUAL,"CORN, SILAGE - PRODUCTION, MEASURED IN TONS",YEAR,SILAGE,,,00000000,PRODUCTION,SURVEY,2022,UNITED STATES,STATE,TONS,,ALL PRODUCTION PRACTICES,,04,00,00,9000,,04,,2024-01-09 15:00:00.000,AZ
,NOT SPECIFIED,FIELD CROPS,,CROPS,ALL CLASSES,,,CORN,,ARIZONA,TOTAL,"2,128,000",ARIZONA,ANNUAL,"CORN, SILAGE - PRODUCTION, MEASURED IN TONS",YEAR,SILAGE,,,00000000,PRODUCTION,SURVEY,2021,UNITED STATES,STATE,TONS,,ALL PRODUCTION PRACTICES,,04,00,00,9000,,04,,2024-01-09 15:00:00.000,AZ
,NOT SPECIFIED,FIELD CROPS,,CROPS,ALL CLASSES,,,CORN,,ARIZONA,TOTAL,"1,305,000",ARIZONA,ANNUAL,"CORN, SILAGE - PRODUCTION, MEASURED IN TONS",YEAR,SILAGE,,,00000000,PRODUCTION,SURVEY,2020,UNITED STATES,STATE,TONS,,ALL PRODUCTION PRACTICES,,04,00,00,9000,,04,,2024-01-09 15:00:00.000,AZ
,NOT SPECIFIED,FIELD CROPS,,CROPS,ALL CLASSES,,,CORN,,ARIZONA,TOTAL,"1,450,000",ARIZONA,ANNUAL,"CORN, SILAGE - PRODUCTION, MEASURED IN TONS",YEAR,SILAGE,,,00000000,PRODUCTION,SURVEY,2019,UNITED STATES,STATE,TONS,,ALL PRODUCTION PRACTICES,,04,00,00,9000,,04,,2024-01-09 15:00:00.000,AZ
,NOT SPECIFIED,FIELD CROPS,,CROPS,ALL CLASSES,,,CORN,,ARIZONA,TOTAL,"1,682,000",ARIZONA,ANNUAL,"CORN, SILAGE - PRODUCTION, MEASURED IN TONS",YEAR,SILAGE,,,00000000,PRODUCTION,SURVEY,2018,UNITED STATES,STATE,TONS,,ALL PRODUCTION PRACTICES,,04,00,00,9000,,04,,2024-01-09 15:00:00.000,AZ
,NOT SPECIFIED,FIELD CROPS,,CROPS,ALL CLASSES,,,CORN,,ARIZONA,TOTAL,"992,000",ARIZONA,ANNUAL,"CORN, SILAGE - PRODUCTION, MEASURED IN TONS",YEAR,SILAGE,,,00000000,PRODUCTION,SURVEY,2017,UNITED STATES,STATE,TONS,,ALL PRODUCTION PRACTICES,,04,00,00,9000,,04,,2019-02-06 15:00:06.000,AZ
,NOT SPECIFIED,FIELD CROPS,,CROPS,ALL CLASSES,,,CORN,,ARIZONA,TOTAL,"1,320,000",ARIZONA,ANNUAL,"CORN, SILAGE - PRODUCTION, MEASURED IN TONS",YEAR,SILAGE,,,00000000,PRODUCTION,SURVEY,2016,UNITED STATES,STATE,TONS,,ALL PRODUCTION PRACTICES,,04,00,00,9000,,04,,2019-02-06 15:00:06.000,AZ
,NOT SPECIFIED,FIELD CROPS,,CROPS,ALL CLASSES,,,CORN,,ARIZONA,TOTAL,"1,178,000",ARIZONA,ANNUAL,"CORN, SILAGE - PRODUCTION, MEASURED IN TONS",YEAR,SILAGE,,,00000000,PRODUCTION,SURVEY,2015,UNITED STATES,STATE,TONS,,ALL PRODUCTION PRACTICES,,04,00,00,9000,,04,,2019-02-06 15:00:06.000,AZ
,NOT SPECIFIED,FIELD CROPS,,CROPS,ALL CLASSES,,,CORN,,ARKANSAS,TOTAL,"39,000",ARKANSAS,ANNUAL,"CORN, SILAGE - PRODUCTION, MEASURED IN TONS",YEAR,SILAGE,,,00000000,PRODUCTION,SURVEY,2025,UNITED STATES,STATE,TONS,,ALL PRODUCTION PRACTICES,,05,00,00,9000,,05,,2026-01-12 12:00:00.000,AR
,NOT SPECIFIED,FIELD CROPS,,CROPS,ALL CLASSES,,,CORN,,ARKANSAS,TOTAL,"100,000",ARKANSAS,ANNUAL,"CORN, SILAGE - PRODUCTION, MEASURED IN TONS",YEAR,SILAGE,,,00000000,PRODUCTION,SURVEY,2024,UNITED STATES,STATE,TONS,,ALL PRODUCTION PRACTICES,,05,00,00,9000,,05,,2025-09-30 12:00:00.000,AR
,NOT SPECIFIED,FIELD CROPS,,CROPS,ALL CLASSES,,,CORN,,ARKANSAS,TOTAL,"80,000",ARKANSAS,ANNUAL,"CORN, SILAGE - PRODUCTION, MEASURED IN TONS",YEAR,SILAGE,,,00000000,PRODUCTION,SURVEY,2023,UNITED STATES,STATE,TONS,,ALL PRODUCTION PRACTICES,,05,00,00,9000,,05,,2024-09-30 12:00:00.000,AR
,NOT SPECIFIED,FIELD CROPS,,CROPS,ALL CLASSES,,,CORN,,ARKANSAS,TOTAL,"80,000",ARKANSAS,ANNUAL,"CORN, SILAGE - PRODUCTION, MEASURED IN TONS",YEAR,SILAGE,,,00000000,PRODUCTION,SURVEY,2022,UNITED STATES,STATE,TONS,,ALL PRODUCTION PRACTICES,,05,00,00,9000,,05,,2024-01-09 15:00:00.000,AR
,NOT SPECIFIED,FIELD CROPS,,CROPS,ALL CLASSES,,,CORN,,ARKANSAS,TOTAL,"100,000",ARKANSAS,ANNUAL,"CORN, SILAGE - PRODUCTION, MEASURED IN TONS",YEAR,SILAGE,,,00000000,PRODUCTION,SURVEY,2021,UNITED STATES,STATE,TONS,,ALL PRODUCTION PRACTICES,,05,00,00,9000,,05,,2024-01-09 15:00:00.000,AR
,NOT SPECIFIED,FIELD CROPS,,CROPS,ALL CLASSES,,,CORN,,ARKANSAS,TOTAL,"90,000",ARKANSAS,ANNUAL,"CORN, SILAGE - PRODUCTION, MEASURED IN TONS",YEAR,SILAGE,,,00000000,PRODUCTION,SURVEY,2020,UNITED STATES,STATE,TONS,,ALL PRODUCTION PRACTICES,,05,00,00,9000,,05,,2024-01-09 15:00:00.000,AR
,NOT SPECIFIED,FIELD CROPS,,CROPS,ALL CLASSES,,,CORN,,ARKANSAS,TOTAL,"112,000",ARKANSAS,ANNUAL,"CORN, SILAGE - PRODUCTION, MEASURED IN TONS",YEAR,SILAGE,,,00000000,PRODUCTION,SURVEY,2019,UNITED STATES,STATE,TONS,,ALL PRODUCTION PRACTICES,,05,00,00,9000,,05,,2024-01-09 15:00:00.000,AR
,NOT SPECIFIED,FIELD CROPS,,CROPS,ALL CLASSES,,,CORN,,ARKANSAS,TOTAL,"63,000",ARKANSAS,ANNUAL,"CORN, SILAGE - PRODUCTION, MEASURED IN TONS",YEAR,SILAGE,,,00000000,PRODUCTION,SURVEY,2018,UNITED STATES,STATE,TONS,,ALL PRODUCTION PRACTICES,,05,00,00,9000,,05,,2024-01-09 15:00:00.000,AR
,NOT SPECIFIED,FIELD CROPS,,CROPS,ALL CLASSES,,,CORN,,ARKANSAS,TOTAL,"38,000",ARKANSAS,ANNUAL,"CORN, SILAGE - PRODUCTION, MEASURED IN TONS",YEAR,SILAGE,,,00000000,PRODUCTION,SURVEY,2017,UNITED STATES,STATE,TONS,,ALL PRODUCTION PRACTICES,,05,00,00,9000,,05,,2019-02-06 15:00:06.000,AR
,NOT SPECIFIED,FIELD CROPS,,CROPS,ALL CLASSES,,,CORN,,ARKANSAS,TOTAL,"30,000",ARKANSAS,ANNUAL,"CORN, SILAGE - PRODUCTION, MEASURED IN TONS",YEAR,SILAGE,,,00000000,PRODUCTION,SURVEY,2016,UNITED STATES,STATE,TONS,,ALL PRODUCTION PRACTICES,,05,00,00,9000,,05,,2019-02-06 15:00:06.000,AR
,NOT SPECIFIED,FIELD CROPS,,CROPS,ALL CLASSES,,,CORN,,ARKANSAS,TOTAL,"30,000",ARKANSAS,ANNUAL,"CORN, SILAGE - PRODUCTION, MEASURED IN TONS",YEAR,SILAGE,,,00000000,PRODUCTION,SURVEY,2015,UNITED STATES,STATE,TONS,,ALL PRODUCTION PRACTICES,,05,00,00,9000,,05,,2019-02-06 15:00:06.000,AR
,NOT SPECIFIED,FIELD CROPS,,CROPS,ALL CLASSES,,,CORN,,CALIFORNIA,TOTAL,"9,855,000",CALIFORNIA,ANNUAL,"CORN, SILAGE - PRODUCTION, MEASURED IN TONS",YEAR,SILAGE,,,00000000,PRODUCTION,SURVEY,2025,UNITED STATES,STATE,TONS,,ALL PRODUCTION PRACTICES,,06,00,00,9000,,06,,2026-01-12 12:00:00.000,CA
,NOT SPECIFIED,FIELD CROPS,,CROPS,ALL CLASSES,,,CORN,,CALIFORNIA,TOTAL,"9,880,000",CALIFORNIA,ANNUAL,"CORN, SILAGE - PRODUCTION, MEASURED IN TONS",YEAR,SILAGE,,,00000000,PRODUCTION,SURVEY,2024,UNITED STATES,STATE,TONS,,ALL PRODUCTION PRACTICES,,06,00,00,9000,,06,,2025-09-30 12:00:00.000,CA
,NOT SPECIFIED,FIELD CROPS,,CROPS,ALL CLASSES,,,CORN,,CALIFORNIA,TOTAL,"9,100,000",CALIFORNIA,ANNUAL,"CORN, SILAGE - PRODUCTION, MEASURED IN TONS",YEAR,SILAGE,,,00000000,PRODUCTION,SURVEY,2023,UNITED STATES,STATE,TONS,,ALL PRODUCTION PRACTICES,,06,00,00,9000,,06,,2024-09-30 12:00:00.000,CA
,NOT SPECIFIED,FIELD CROPS,,CROPS,ALL CLASSES,,,CORN,,CALIFORNIA,TOTAL,"8,710,000",CALIFORNIA,ANNUAL,"CORN, SILAGE - PRODUCTION, MEASURED IN TONS",YEAR,SILAGE,,,00000000,PRODUCTION,SURVEY,2022,UNITED STATES,STATE,TONS,,ALL PRODUCTION PRACTICES,,06,00,00,9000,,06,,2024-01-09 15:00:00.000,CA
,NOT SPECIFIED,FIELD CROPS,,CROPS,ALL CLASSES,,,CORN,,CALIFORNIA,TOTAL,"9,660,000",CALIFORNIA,ANNUAL,"CORN, SILAGE - PRODUCTION, MEASURED IN TONS",YEAR,SILAGE,,,00000000,PRODUCTION,SURVEY,2021,UNITED STATES,STATE,TONS,,ALL PRODUCTION PRACTICES,,06,00,00,9000,,06,,2024-01-09 15:00:00.000,CA
,NOT SPECIFIED,FIELD CROPS,,CROPS,ALL CLASSES,,,CORN,,CALIFORNIA,TOTAL,"10,125,000",CALIFORNIA,ANNUAL,"CORN, SILAGE - PRODUCTION, MEASURED IN TONS",YEAR,SILAGE,,,00000000,PRODUCTION,SURVEY,2020,UNITED STATES,STATE,TONS,,ALL PRODUCTION PRACTICES,,06,00,00,9000,,06,,2024-01-09 15:00:00.000,CA
,NOT SPECIFIED,FIELD CROPS,,CROPS,ALL CLASSES,,,CORN,,CALIFORNIA,TOTAL,"11,205,000",CALIFORNIA,ANNUAL,"CORN, SILAGE - PRODUCTION, MEASURED IN TONS",YEAR,SILAGE,,,00000000,PRODUCTION,SURVEY,2019,UNITED STATES,STATE,TONS,,ALL PRODUCTION PRACTICES,,06,00,00,9000,,06,,2024-01-09 15:00:00.000,CA
,NOT SPECIFIED,FIELD CROPS,,CROPS,ALL CLASSES,,,CORN,,CALIFORNIA,TOTAL,"9,900,000",CALIFORNIA,ANNUAL,"CORN, SILAGE - PRODUCTION, MEASURED IN TONS",YEAR,SILAGE,,,00000000,PRODUCTION,SURVEY,2018,UNITED STATES,STATE,TONS,,ALL PRODUCTION PRACTICES,,06,00,00,9000,,06,,2024-01-09 15:00:00.000,CA
,NOT SPECIFIED,FIELD CROPS,,CROPS,ALL CLASSES,,,CORN,,CALIFORNIA,TOTAL,"9,143,000",CALIFORNIA,ANNUAL,"CORN, SILAGE - PRODUCTION, MEASURED IN TONS",YEAR,SILAGE,,,00000000,PRODUCTION,SURVEY,2017,UNITED STATES,STATE,TONS,,ALL PRODUCTION PRACTICES,,06,00,00,9000,,06,,2019-02-06 15:00:06.000,CA
,NOT SPECIFIED,FIELD CROPS,,CROPS,ALL CLASSES,,,CORN,,CALIFORNIA,TOTAL,"8,348,000",CALIFORNIA,ANNUAL,"CORN, SILAGE - PRODUCTION, MEASURED IN TONS",YEAR,SILAGE,,,00000000,PRODUCTION,SURVEY,2016,UNITED STATES,STATE,TONS,,ALL PRODUCTION PRACTICES,,06,00,00,9000,,06,,2019-02-06 15:00:06.000,CA
,NOT SPECIFIED,FIELD CROPS,,CROPS,ALL CLASSES,,,CORN,,CALIFORNIA,TOTAL,"9,563,000",CALIFORNIA,ANNUAL,"CORN, SILAGE - PRODUCTION, MEASURED IN TONS",YEAR,SILAGE,,,00000000,PRODUCTION,SURVEY,2015,UNITED STATES,STATE,TONS,,ALL PRODUCTION PRACTICES,,06,00,00,9000,,06,,2019-02-06 15:00:06.000,CA
,NOT SPECIFIED,FIELD CROPS,,CROPS,ALL CLASSES,,,CORN,,COLORADO,TOTAL,"4,600,000",COLORADO,ANNUAL,"CORN, SILAGE - PRODUCTION, MEASURED IN TONS",YEAR,SILAGE,,,00000000,PRODUCTION,SURVEY,2025,UNITED STATES,STATE,TONS,,ALL PRODUCTION PRACTICES,,08,00,00,9000,,08,,2026-01-12 12:00:00.000,CO
,NOT SPECIFIED,FIELD CROPS,,CROPS,ALL CLASSES,,,CORN,,COLORADO,TOTAL,"4,500,000",COLORADO,ANNUAL,"CORN, SILAGE - PRODUCTION, MEASURED IN TONS",YEAR,SILAGE,,,00000000,PRODUCTION,SURVEY,2024,UNITED STATES,STATE,TONS,,ALL PRODUCTION PRACTICES,,08,00,00,9000,,08,,2025-09-30 12:00:00.000,CO
,NOT SPECIFIED,FIELD CROPS,,CROPS,ALL CLASSES,,,CORN,,COLORADO,TOTAL,"5,758,000",COLORADO,ANNUAL,"CORN, SILAGE - PRODUCTION, MEASURED IN TONS",YEAR,SILAGE,,,00000000,PRODUCTION,SURVEY,2023,UNITED STATES,STATE,TONS,,ALL PRODUCTION PRACTICES,,08,00,00,9000,,08,,2024-09-30 12:00:00.000,CO
,NOT SPECIFIED,FIELD CROPS,,CROPS,ALL CLASSES,,,CORN,,COLORADO,TOTAL,"3,705,000",COLORADO,ANNUAL,"CORN, SILAGE - PRODUCTION, MEASURED IN TONS",YEAR,SILAGE,,,00000000,PRODUCTION,SURVEY,2022,UNITED STATES,STATE,TONS,,ALL PRODUCTION PRACTICES,,08,00,00,9000,,08,,2024-01-09 15:00:00.000,CO
,NOT SPECIFIED,FIELD CROPS,,CROPS,ALL CLASSES,,,CORN,,COLORADO,TOTAL,"4,410,000",COLORADO,ANNUAL,"CORN, SILAGE - PRODUCTION, MEASURED IN TONS",YEAR,SILAGE,,,00000000,PRODUCTION,SURVEY,2021,UNITED STATES,STATE,TONS,,ALL PRODUCTION PRACTICES,,08,00,00,9000,,08,,2024-01-09 15:00:00.000,CO
,NOT SPECIFIED,FIELD CROPS,,CROPS,ALL CLASSES,,,CORN,,COLORADO,TOTAL,"5,060,000",COLORADO,ANNUAL,"CORN, SILAGE - PRODUCTION, MEASURED IN TONS",YEAR,SILAGE,,,00000000,PRODUCTION,SURVEY,2020,UNITED STATES,STATE,TONS,,ALL PRODUCTION PRACTICES,,08,00,00,9000,,08,,2024-01-09 15:00:00.000,CO
,NOT SPECIFIED,FIELD CROPS,,CROPS,ALL CLASSES,,,CORN,,COLORADO,TOTAL,"4,200,000",COLORADO,ANNUAL,"CORN, SILAGE - PRODUCTION, MEASURED IN TONS",YEAR,SILAGE,,,00000000,PRODUCTION,SURVEY,2019,UNITED STATES,STATE,TONS,,ALL PRODUCTION PRACTICES,,08,00,00,9000,,08,,2024-01-09 15:00:00.000,CO
,NOT SPECIFIED,FIELD CROPS,,CROPS,ALL CLASSES,,,CORN,,COLORADO,TOTAL,"4,180,000",COLORADO,ANNUAL,"CORN, SILAGE - PRODUCTION, MEASURED IN TONS",YEAR,SILAGE,,,00000000,PRODUCTION,SURVEY,2018,UNITED STATES,STATE,TONS,,ALL PRODUCTION PRACTICES,,08,00,00,9000,,08,,2024-01-09 15:00:00.000,CO
,NOT SPECIFIED,FIELD CROPS,,CROPS,ALL CLASSES,,,CORN,,COLORADO,TOTAL,"3,315,000",COLORADO,ANNUAL,"CORN, SILAGE - PRODUCTION, MEASURED IN TONS",YEAR,SILAGE,,,00000000,PRODUCTION,SURVEY,2017,UNITED STATES,STATE,TONS,,ALL PRODUCTION PRACTICES,,08,00,00,9000,,08,,2019-02-06 15:00:06.000,CO
,NOT SPECIFIED,FIELD CROPS,,CROPS,ALL CLASSES,,,CORN,,COLORADO,TOTAL,"3,360,000",COLORADO,ANNUAL,"CORN, SILAGE - PRODUCTION, MEASURED IN TONS",YEAR,SILAGE,,,00000000,PRODUCTION,SURVEY,2016,UNITED STATES,STATE,TONS,,ALL PRODUCTION PRACTICES,,08,00,00,9000,,08,,2019-02-06 15:00:06.000,CO
,NOT SPECIFIED,FIELD CROPS,,CROPS,ALL CLASSES,,,CORN,,COLORADO,TOTAL,"3,060,000",COLORADO,ANNUAL,"CORN, SILAGE - PRODUCTION, MEASURED IN TONS",YEAR,SILAGE,,,00000000,PRODUCTION,SURVEY,2015,UNITED STATES,STATE,TONS,,ALL PRODUCTION PRACTICES,,08,00,00,9000,,08,,2019-02-06 15:00:06.000,CO
,NOT SPECIFIED,FIELD CROPS,,CROPS,ALL CLASSES,,,CORN,,CONNECTICUT,TOTAL,"399,000",CONNECTICUT,ANNUAL,"CORN, SILAGE - PRODUCTION, MEASURED IN TONS",YEAR,SILAGE,,,00000000,PRODUCTION,SURVEY,2025,UNITED STATES,STATE,TONS,,ALL PRODUCTION PRACTICES,,09,00,00,9000,,09,,2026-01-12 12:00:00.000,CT
,NOT SPECIFIED,FIELD CROPS,,CROPS,ALL CLASSES,,,CORN,,CONNECTICUT,TOTAL,"400,000",CONNECTICUT,ANNUAL,"CORN, SILAGE - PRODUCTION, MEASURED IN TONS",YEAR,SILAGE,,,00000000,PRODUCTION,SURVEY,2024,UNITED STATES,STATE,TONS,,ALL PRODUCTION PRACTICES,,09,00,00,9000,,09,,2025-09-30 12:00:00.000,CT
,NOT SPECIFIED,FIELD CROPS,,CROPS,ALL CLASSES,,,CORN,,CONNECTICUT,TOTAL,"340,000",CONNECTICUT,ANNUAL,"CORN, SILAGE - PRODUCTION, MEASURED IN TONS",YEAR,SILAGE,,,00000000,PRODUCTION,SURVEY,2023,UNITED STATES,STATE,TONS,,ALL PRODUCTION PRACTICES,,09,00,00,9000,,09,,2024-09-30 12:00:00.000,CT
,NOT SPECIFIED,FIELD CROPS,,CROPS,ALL CLASSES,,,CORN,,CONNECTICUT,TOTAL,"460,000",CONNECTICUT,ANNUAL,"CORN, SILAGE - PRODUCTION, MEASURED IN TONS",YEAR,SILAGE,,,00000000,PRODUCTION,SURVEY,2022,UNITED STATES,STATE,TONS,,ALL PRODUCTION PRACTICES,,09,00,00,9000,,09,,2024-01-09 15:00:00.000,CT
,NOT SPECIFIED,FIELD CROPS,,CROPS,ALL CLASSES,,,CORN,,CONNECTICUT,TOTAL,"374,000",CONNECTICUT,ANNUAL,"CORN, SILAGE - PRODUCTION, MEASURED IN TONS",YEAR,SILAGE,,,00000000,PRODUCTION,SURVEY,2021,UNITED STATES,STATE,TONS,,ALL PRODUCTION PRACTICES,,09,00,00,9000,,09,,2024-01-09 15:00:00.000,CT
,NOT SPECIFIED,FIELD CROPS,,CROPS,ALL CLASSES,,,CORN,,CONNECTICUT,TOTAL,"352,000",CONNECTICUT,ANNUAL,"CORN, SILAGE - PRODUCTION, MEASURED IN TONS",YEAR,SILAGE,,,00000000,PRODUCTION,SURVEY,2020,UNITED STATES,STATE,TONS,,ALL PRODUCTION PRACTICES,,09,00,00,9000,,09,,2024-01-09 15:00:00.000,CT
,NOT SPECIFIED,FIELD CROPS,,CROPS,ALL CLASSES,,,CORN,,CONNECTICUT,TOTAL,"441,000",CONNECTICUT,ANNUAL,"CORN, SILAGE - PRODUCTION, MEASURED IN TONS",YEAR,SILAGE,,,00000000,PRODUCTION,SURVEY,2019,UNITED STATES,STATE,TONS,,ALL PRODUCTION PRACTICES,,09,00,00,9000,,09,,2024-01-09 15:00:00.000,CT
,NOT SPECIFIED,FIELD CROPS,,CROPS,ALL CLASSES,,,CORN,,CONNECTICUT,TOTAL,"380,000",CONNECTICUT,ANNUAL,"CORN, SILAGE - PRODUCTION, MEASURED IN TONS",YEAR,SILAGE,,,00000000,PRODUCTION,SURVEY,2018,UNITED STATES,STATE,TONS,,ALL PRODUCTION PRACTICES,,09,00,00,9000,,09,,2024-01-09 15:00:00.000,CT
,NOT SPECIFIED,FIELD CROPS,,CROPS,ALL CLASSES,,,CORN,,CONNECTICUT,TOTAL,"390,000",CONNECTICUT,ANNUAL,"CORN, SILAGE - PRODUCTION, MEASURED IN TONS",YEAR,SILAGE,,,00000000,PRODUCTION,SURVEY,2017,UNITED STATES,STATE,TONS,,ALL PRODUCTION PRACTICES,,09,00,00,9000,,09,,2019-02-06 15:00:06.000,CT
,NOT SPECIFIED,FIELD CROPS,,CROPS,ALL CLASSES,,,CORN,,CONNECTICUT,TOTAL,"389,000",CONNECTICUT,ANNUAL,"CORN, SILAGE - PRODUCTION, MEASURED IN TONS",YEAR,SILAGE,,,00000000,PRODUCTION,SURVEY,2016,UNITED STATES,STATE,TONS,,ALL PRODUCTION PRACTICES,,09,00,00,9000,,09,,2019-02-06 15:00:06.000,CT
,NOT SPECIFIED,FIELD CROPS,,CROPS,ALL CLASSES,,,CORN,,CONNECTICUT,TOTAL,"389,000",CONNECTICUT,ANNUAL,"CORN, SILAGE - PRODUCTION, MEASURED IN TONS",YEAR,SILAGE,,,00000000,PRODUCTION,SURVEY,2015,UNITED STATES,STATE,TONS,,ALL PRODUCTION PRACTICES,,09,00,00,9000,,09,,2019-02-06 15:00:06.000,CT
,NOT SPECIFIED,FIELD CROPS,,CROPS,ALL CLASSES,,,CORN,,DELAWARE,TOTAL,"50,000",DELAWARE,ANNUAL,"CORN, SILAGE - PRODUCTION, MEASURED IN TONS",YEAR,SILAGE,,,00000000,PRODUCTION,SURVEY,2025,UNITED STATES,STATE,TONS,,ALL PRODUCTION PRACTICES,,10,00,00,9000,,10,,2026-01-12 12:00:00.000,DE
,NOT SPECIFIED,FIELD CROPS,,CROPS,ALL CLASSES,,,CORN,,DELAWARE,TOTAL,"46,000",DELAWARE,ANNUAL,"CORN, SILAGE - PRODUCTION, MEASURED IN TONS",YEAR,SILAGE,,,00000000,PRODUCTION,SURVEY,2024,UNITED STATES,STATE,TONS,,ALL PRODUCTION PRACTICES,,10,00,00,9000,,10,,2025-09-30 12:00:00.000,DE
,NOT SPECIFIED,FIELD CROPS,,CROPS,ALL CLASSES,,,CORN,,DELAWARE,TOTAL,"50,000",DELAWARE,ANNUAL,"CORN, SILAGE - PRODUCTION, MEASURED IN TONS",YEAR,SILAGE,,,00000000,PRODUCTION,SURVEY,2023,UNITED STATES,STATE,TONS,,ALL PRODUCTION PRACTICES,,10,00,00,9000,,10,,2024-09-30 12:00:00.000,DE
,NOT SPECIFIED,FIELD CROPS,,CROPS,ALL CLASSES,,,CORN,,DELAWARE,TOTAL,"57,000",DELAWARE,ANNUAL,"CORN, SILAGE - PRODUCTION, MEASURED IN TONS",YEAR,SILAGE,,,00000000,PRODUCTION,SURVEY,2022,UNITED STATES,STATE,TONS,,ALL PRODUCTION PRACTICES,,10,00,00,9000,,10,,2024-01-09 15:00:00.000,DE
,NOT SPECIFIED,FIELD CROPS,,CROPS,ALL CLASSES,,,CORN,,DELAWARE,TOTAL,"63,000",DELAWARE,ANNUAL,"CORN, SILAGE - PRODUCTION, MEASURED IN TONS",YEAR,SILAGE,,,00000000,PRODUCTION,SURVEY,2021,UNITED STATES,STATE,TONS,,ALL PRODUCTION PRACTICES,,10,00,00,9000,,10,,2024-01-09 15:00:00.000,DE
,NOT SPECIFIED,FIELD CROPS,,CROPS,ALL CLASSES,,,CORN,,DELAWARE,TOTAL,"76,000",DELAWARE,ANNUAL,"CORN, SILAGE - PRODUCTION, MEASURED IN TONS",YEAR,SILAGE,,,00000000,PRODUCTION,SURVEY,2020,UNITED STATES,STATE,TONS,,ALL PRODUCTION PRACTICES,,10,00,00,9000,,10,,2024-01-09 15:00:00.000,DE
,NOT SPECIFIED,FIELD CROPS,,CROPS,ALL CLASSES,,,CORN,,DELAWARE,TOTAL,"92,000",DELAWARE,ANNUAL,"CORN, SILAGE - PRODUCTION, MEASURED IN TONS",YEAR,SILAGE,,,00000000,PRODUCTION,SURVEY,2019,UNITED STATES,STATE,TONS,,ALL PRODUCTION PRACTICES,,10,00,00,9000,,10,,2024-01-09 15:00:00.000,DE
,NOT SPECIFIED,FIELD CROPS,,CROPS,ALL CLASSES,,,CORN,,DELAWARE,TOTAL,"72,000",DELAWARE,ANNUAL,"CORN, SILAGE - PRODUCTION, MEASURED IN TONS",YEAR,SILAGE,,,00000000,PRODUCTION,SURVEY,2018,UNITED STATES,STATE,TONS,,ALL PRODUCTION PRACTICES,,10,00,00,9000,,10,,2024-01-09 15:00:00.000,DE
,NOT SPECIFIED,FIELD CROPS,,CROPS,ALL CLASSES,,,CORN,,DELAWARE,TOTAL,"137,000",DELAWARE,ANNUAL,"CORN, SILAGE - PRODUCTION, MEASURED IN TONS",YEAR,SILAGE,,,00000000,PRODUCTION,SURVEY,2017,UNITED STATES,STATE,TONS,,ALL PRODUCTION PRACTICES,,10,00,00,9000,,10,,2019-02-06 15:00:06.000,DE
,NOT SPECIFIED,FIELD CROPS,,CROPS,ALL CLASSES,,,CORN,,DELAWARE,TOTAL,"90,000",DELAWARE,ANNUAL,"CORN, SILAGE - PRODUCTION, MEASURED IN TONS",YEAR,SILAGE,,,00000000,PRODUCTION,SURVEY,2016,UNITED STATES,STATE,TONS,,ALL PRODUCTION PRACTICES,,10,00,00,9000,,10,,2019-02-06 15:00:06.000,DE
,NOT SPECIFIED,FIELD CROPS,,CROPS,ALL CLASSES,,,CORN,,DELAWARE,TOTAL,"80,000",DELAWARE,ANNUAL,"CORN, SILAGE - PRODUCTION, MEASURED IN TONS",YEAR,SILAGE,,,00000000,PRODUCTION,SURVEY,2015,UNITED STATES,STATE,TONS,,ALL PRODUCTION PRACTICES,,10,00,00,9000,,10,,2019-02-06 15:00:06.000,DE
,NOT SPECIFIED,FIELD CROPS,,CROPS,ALL CLASSES,,,CORN,,FLORIDA,TOTAL,"360,000",FLORIDA,ANNUAL,"CORN, SILAGE - PRODUCTION, MEASURED IN TONS",YEAR,SILAGE,,,00000000,PRODUCTION,SURVEY,2025,UNITED STATES,STATE,TONS,,ALL PRODUCTION PRACTICES,,12,00,00,9000,,12,,2026-01-12 12:00:00.000,FL
,NOT SPECIFIED,FIELD CROPS,,CROPS,ALL CLASSES,,,CORN,,FLORIDA,TOTAL,"544,000",FLORIDA,ANNUAL,"CORN, SILAGE - PRODUCTION, MEASURED IN TONS",YEAR,SILAGE,,,00000000,PRODUCTION,SURVEY,2024,UNITED STATES,STATE,TONS,,ALL PRODUCTION PRACTICES,,12,00,00,9000,,12,,2025-09-30 12:00:00.000,FL
,NOT SPECIFIED,FIELD CROPS,,CROPS,ALL CLASSES,,,CORN,,FLORIDA,TOTAL,"475,000",FLORIDA,ANNUAL,"CORN, SILAGE - PRODUCTION, MEASURED IN TONS",YEAR,SILAGE,,,00000000,PRODUCTION,SURVEY,2023,UNITED STATES,STATE,TONS,,ALL PRODUCTION PRACTICES,,12,00,00,9000,,12,,2024-09-30 12:00:00.000,FL
,NOT SPECIFIED,FIELD CROPS,,CROPS,ALL CLASSES,,,CORN,,FLORIDA,TOTAL,"425,000",FLORIDA,ANNUAL,"CORN, SILAGE - PRODUCTION, MEASURED IN TONS",YEAR,SILAGE,,,00000000,PRODUCTION,SURVEY,2022,UNITED STATES,STATE,TONS,,ALL PRODUCTION PRACTICES,,12,00,00,9000,,12,,2024-01-09 15:00:00.000,FL
,NOT SPECIFIED,FIELD CROPS,,CROPS,ALL CLASSES,,,CORN,,FLORIDA,TOTAL,"600,000",FLORIDA,ANNUAL,"CORN, SILAGE - PRODUCTION, MEASURED IN TONS",YEAR,SILAGE,,,00000000,PRODUCTION,SURVEY,2021,UNITED STATES,STATE,TONS,,ALL PRODUCTION PRACTICES,,12,00,00,9000,,12,,2024-01-09 15:00:00.000,FL
,NOT SPECIFIED,FIELD CROPS,,CROPS,ALL CLASSES,,,CORN,,FLORIDA,TOTAL,"665,000",FLORIDA,ANNUAL,"CORN, SILAGE - PRODUCTION, MEASURED IN TONS",YEAR,SILAGE,,,00000000,PRODUCTION,SURVEY,2020,UNITED STATES,STATE,TONS,,ALL PRODUCTION PRACTICES,,12,00,00,9000,,12,,2024-01-09 15:00:00.000,FL
,NOT SPECIFIED,FIELD CROPS,,CROPS,ALL CLASSES,,,CORN,,FLORIDA,TOTAL,"700,000",FLORIDA,ANNUAL,"CORN, SILAGE - PRODUCTION, MEASURED IN TONS",YEAR,SILAGE,,,00000000,PRODUCTION,SURVEY,2019,UNITED STATES,STATE,TONS,,ALL PRODUCTION PRACTICES,,12,00,00,9000,,12,,2024-01-09 15:00:00.000,FL
,NOT SPECIFIED,FIELD CROPS,,CROPS,ALL CLASSES,,,CORN,,FLORIDA,TOTAL,"630,000",FLORIDA,ANNUAL,"CORN, SILAGE - PRODUCTION, MEASURED IN TONS",YEAR,SILAGE,,,00000000,PRODUCTION,SURVEY,2018,UNITED STATES,STATE,TONS,,ALL PRODUCTION PRACTICES,,12,00,00,9000,,12,,2024-01-09 15:00:00.000,FL
,NOT SPECIFIED,FIELD CROPS,,CROPS,ALL CLASSES,,,CORN,,FLORIDA,TOTAL,"665,000",FLORIDA,ANNUAL,"CORN, SILAGE - PRODUCTION, MEASURED IN TONS",YEAR,SILAGE,,,00000000,PRODUCTION,SURVEY,2017,UNITED STATES,STATE,TONS,,ALL PRODUCTION PRACTICES,,12,00,00,9000,,12,,2019-02-06 15:00:06.000,FL
,NOT SPECIFIED,FIELD CROPS,,CROPS,ALL CLASSES,,,CORN,,FLORIDA,TOTAL,"665,000",FLORIDA,ANNUAL,"CORN, SILAGE - PRODUCTION, MEASURED IN TONS",YEAR,SILAGE,,,00000000,PRODUCTION,SURVEY,2016,UNITED STATES,STATE,TONS,,ALL PRODUCTION PRACTICES,,12,00,00,9000,,12,,2019-02-06 15:00:06.000,FL
,NOT SPECIFIED,FIELD CROPS,,CROPS,ALL CLASSES,,,CORN,,FLORIDA,TOTAL,"425,000",FLORIDA,ANNUAL,"CORN, SILAGE - PRODUCTION, MEASURED IN TONS",YEAR,SILAGE,,,00000000,PRODUCTION,SURVEY,2015,UNITED STATES,STATE,TONS,,ALL PRODUCTION PRACTICES,,12,00,00,9000,,12,,2019-02-06 15:00:06.000,FL
,NOT SPECIFIED,FIELD CROPS,,CROPS,ALL CLASSES,,,CORN,,GEORGIA,TOTAL,"770,000",GEORGIA,ANNUAL,"CORN, SILAGE - PRODUCTION, MEASURED IN TONS",YEAR,SILAGE,,,00000000,PRODUCTION,SURVEY,2025,UNITED STATES,STATE,TONS,,ALL PRODUCTION PRACTICES,,13,00,00,9000,,13,,2026-01-12 12:00:00.000,GA
,NOT SPECIFIED,FIELD CROPS,,CROPS,ALL CLASSES,,,CORN,,GEORGIA,TOTAL,"945,000",GEORGIA,ANNUAL,"CORN, SILAGE - PRODUCTION, MEASURED IN TONS",YEAR,SILAGE,,,00000000,PRODUCTION,SURVEY,2024,UNITED STATES,STATE,TONS,,ALL PRODUCTION PRACTICES,,13,00,00,9000,,13,,2025-09-30 12:00:00.000,GA
,NOT SPECIFIED,FIELD CROPS,,CROPS,ALL CLASSES,,,CORN,,GEORGIA,TOTAL,"805,000",GEORGIA,ANNUAL,"CORN, SILAGE - PRODUCTION, MEASURED IN TONS",YEAR,SILAGE,,,00000000,PRODUCTION,SURVEY,2023,UNITED STATES,STATE,TONS,,ALL PRODUCTION PRACTICES,,13,00,00,9000,,13,,2024-09-30 12:00:00.000,GA
,NOT SPECIFIED,FIELD CROPS,,CROPS,ALL CLASSES,,,CORN,,GEORGIA,TOTAL,"660,000",GEORGIA,ANNUAL,"CORN, SILAGE - PRODUCTION, MEASURED IN TONS",YEAR,SILAGE,,,00000000,PRODUCTION,SURVEY,2022,UNITED STATES,STATE,TONS,,ALL PRODUCTION PRACTICES,,13,00,00,9000,,13,,2024-01-09 15:00:00.000,GA
,NOT SPECIFIED,FIELD CROPS,,CROPS,ALL CLASSES,,,CORN,,GEORGIA,TOTAL,"550,000",GEORGIA,ANNUAL,"CORN, SILAGE - PRODUCTION, MEASURED IN TONS",YEAR,SILAGE,,,00000000,PRODUCTION,SURVEY,2021,UNITED STATES,STATE,TONS,,ALL PRODUCTION PRACTICES,,13,00,00,9000,,13,,2024-01-09 15:00:00.000,GA
,NOT SPECIFIED,FIELD CROPS,,CROPS,ALL CLASSES,,,CORN,,GEORGIA,TOTAL,"450,000",GEORGIA,ANNUAL,"CORN, SILAGE - PRODUCTION, MEASURED IN TONS",YEAR,SILAGE,,,00000000,PRODUCTION,SURVEY,2020,UNITED STATES,STATE,TONS,,ALL PRODUCTION PRACTICES,,13,00,00,9000,,13,,2024-01-09 15:00:00.000,GA
,NOT SPECIFIED,FIELD CROPS,,CROPS,ALL CLASSES,,,CORN,,GEORGIA,TOTAL,"550,000",GEORGIA,ANNUAL,"CORN, SILAGE - PRODUCTION, MEASURED IN TONS",YEAR,SILAGE,,,00000000,PRODUCTION,SURVEY,2019,UNITED STATES,STATE,TONS,,ALL PRODUCTION PRACTICES,,13,00,00,9000,,13,,2024-01-09 15:00:00.000,GA
,NOT SPECIFIED,FIELD CROPS,,CROPS,ALL CLASSES,,,CORN,,GEORGIA,TOTAL,"630,000",GEORGIA,ANNUAL,"CORN, SILAGE - PRODUCTION, MEASURED IN TONS",YEAR,SILAGE,,,00000000,PRODUCTION,SURVEY,2018,UNITED STATES,STATE,TONS,,ALL PRODUCTION PRACTICES,,13,00,00,9000,,13,,2024-01-09 15:00:00.000,GA
,NOT SPECIFIED,FIELD CROPS,,CROPS,ALL CLASSES,,,CORN,,GEORGIA,TOTAL,"560,000",GEORGIA,ANNUAL,"CORN, SILAGE - PRODUCTION, MEASURED IN TONS",YEAR,SILAGE,,,00000000,PRODUCTION,SURVEY,2017,UNITED STATES,STATE,TONS,,ALL PRODUCTION PRACTICES,,13,00,00,9000,,13,,2019-02-06 15:00:06.000,GA
,NOT SPECIFIED,FIELD CROPS,,CROPS,ALL CLASSES,,,CORN,,GEORGIA,TOTAL,"760,000",GEORGIA,ANNUAL,"CORN, SILAGE - PRODUCTION, MEASURED IN TONS",YEAR,SILAGE,,,00000000,PRODUCTION,SURVEY,2016,UNITED STATES,STATE,TONS,,ALL PRODUCTION PRACTICES,,13,00,00,9000,,13,,2019-02-06 15:00:06.000,GA
,NOT SPECIFIED,FIELD CROPS,,CROPS,ALL CLASSES,,,CORN,,GEORGIA,TOTAL,"880,000",GEORGIA,ANNUAL,"CORN, SILAGE - PRODUCTION, MEASURED IN TONS",YEAR,SILAGE,,,00000000,PRODUCTION,SURVEY,2015,UNITED STATES,STATE,TONS,,ALL PRODUCTION PRACTICES,,13,00,00,9000,,13,,2019-02-06 15:00:06.000,GA
,NOT SPECIFIED,FIELD CROPS,,CROPS,ALL CLASSES,,,CORN,,IDAHO,TOTAL,"8,680,000",IDAHO,ANNUAL,"CORN, SILAGE - PRODUCTION, MEASURED IN TONS",YEAR,SILAGE,,,00000000,PRODUCTION,SURVEY,2025,UNITED STATES,STATE,TONS,,ALL PRODUCTION PRACTICES,,16,00,00,9000,,16,,2026-01-12 12:00:00.000,ID
,NOT SPECIFIED,FIELD CROPS,,CROPS,ALL CLASSES,,,CORN,,IDAHO,TOTAL,"7,950,000",IDAHO,ANNUAL,"CORN, SILAGE - PRODUCTION, MEASURED IN TONS",YEAR,SILAGE,,,00000000,PRODUCTION,SURVEY,2024,UNITED STATES,STATE,TONS,,ALL PRODUCTION PRACTICES,,16,00,00,9000,,16,,2025-09-30 12:00:00.000,ID
,NOT SPECIFIED,FIELD CROPS,,CROPS,ALL CLASSES,,,CORN,,IDAHO,TOTAL,"6,720,000",IDAHO,ANNUAL,"CORN, SILAGE - PRODUCTION, MEASURED IN TONS",YEAR,SILAGE,,,00000000,PRODUCTION,SURVEY,2023,UNITED STATES,STATE,TONS,,ALL PRODUCTION PRACTICES,,16,00,00,9000,,16,,2024-09-30 12:00:00.000,ID
,NOT SPECIFIED,FIELD CROPS,,CROPS,ALL CLASSES,,,CORN,,IDAHO,TOTAL,"5,945,000",IDAHO,ANNUAL,"CORN, SILAGE - PRODUCTION, MEASURED IN TONS",YEAR,SILAGE,,,00000000,PRODUCTION,SURVEY,2022,UNITED STATES,STATE,TONS,,ALL PRODUCTION PRACTICES,,16,00,00,9000,,16,,2024-01-09 15:00:00.000,ID
,NOT SPECIFIED,FIELD CROPS,,CROPS,ALL CLASSES,,,CORN,,IDAHO,TOTAL,"7,540,000",IDAHO,ANNUAL,"CORN, SILAGE - PRODUCTION, MEASURED IN TONS",YEAR,SILAGE,,,00000000,PRODUCTION,SURVEY,2021,UNITED STATES,STATE,TONS,,ALL PRODUCTION PRACTICES,,16,00,00,9000,,16,,2024-01-09 15:00:00.000,ID
,NOT SPECIFIED,FIELD CROPS,,CROPS,ALL CLASSES,,,CORN,,IDAHO,TOTAL,"7,540,000",IDAHO,ANNUAL,"CORN, SILAGE - PRODUCTION, MEASURED IN TONS",YEAR,SILAGE,,,00000000,PRODUCTION,SURVEY,2020,UNITED STATES,STATE,TONS,,ALL PRODUCTION PRACTICES,,16,00,00,9000,,16,,2024-01-09 15:00:00.000,ID
,NOT SPECIFIED,FIELD CROPS,,CROPS,ALL CLASSES,,,CORN,,IDAHO,TOTAL,"6,580,000",IDAHO,ANNUAL,"CORN, SILAGE - PRODUCTION, MEASURED IN TONS",YEAR,SILAGE,,,00000000,PRODUCTION,SURVEY,2019,UNITED STATES,STATE,TONS,,ALL PRODUCTION PRACTICES,,16,00,00,9000,,16,,2024-01-09 15:00:00.000,ID
,NOT SPECIFIED,FIELD CROPS,,CROPS,ALL CLASSES,,,CORN,,IDAHO,TOTAL,"6,600,000",IDAHO,ANNUAL,"CORN, SILAGE - PRODUCTION, MEASURED IN TONS",YEAR,SILAGE,,,00000000,PRODUCTION,SURVEY,2018,UNITED STATES,STATE,TONS,,ALL PRODUCTION PRACTICES,,16,00,00,9000,,16,,2024-01-09 15:00:00.000,ID
,NOT SPECIFIED,FIELD CROPS,,CROPS,ALL CLASSES,,,CORN,,IDAHO,TOTAL,"6,600,000",IDAHO,ANNUAL,"CORN, SILAGE - PRODUCTION, MEASURED IN TONS",YEAR,SILAGE,,,00000000,PRODUCTION,SURVEY,2017,UNITED STATES,STATE,TONS,,ALL PRODUCTION PRACTICES,,16,00,00,9000,,16,,2019-02-06 15:00:06.000,ID
,NOT SPECIFIED,FIELD CROPS,,CROPS,ALL CLASSES,,,CORN,,IDAHO,TOTAL,"7,050,000",IDAHO,ANNUAL,"CORN, SILAGE - PRODUCTION, MEASURED IN TONS",YEAR,SILAGE,,,00000000,PRODUCTION,SURVEY,2016,UNITED STATES,STATE,TONS,,ALL PRODUCTION PRACTICES,,16,00,00,9000,,16,,2019-02-06 15:00:06.000,ID
,NOT SPECIFIED,FIELD CROPS,,CROPS,ALL CLASSES,,,CORN,,IDAHO,TOTAL,"5,945,000",IDAHO,ANNUAL,"CORN, SILAGE - PRODUCTION, MEASURED IN TONS",YEAR,SILAGE,,,00000000,PRODUCTION,SURVEY,2015,UNITED STATES,STATE,TONS,,ALL PRODUCTION PRACTICES,,16,00,00,9000,,16,,2019-02-06 15:00:06.000,ID
,NOT SPECIFIED,FIELD CROPS,,CROPS,ALL CLASSES,,,CORN,,ILLINOIS,TOTAL,"1,800,000",ILLINOIS,ANNUAL,"CORN, SILAGE - PRODUCTION, MEASURED IN TONS",YEAR,SILAGE,,,00000000,PRODUCTION,SURVEY,2025,UNITED STATES,STATE,TONS,,ALL PRODUCTION PRACTICES,,17,00,00,9000,,17,,2026-01-12 12:00:00.000,IL
,NOT SPECIFIED,FIELD CROPS,,CROPS,ALL CLASSES,,,CORN,,ILLINOIS,TOTAL,"2,160,000",ILLINOIS,ANNUAL,"CORN, SILAGE - PRODUCTION, MEASURED IN TONS",YEAR,SILAGE,,,00000000,PRODUCTION,SURVEY,2024,UNITED STATES,STATE,TONS,,ALL PRODUCTION PRACTICES,,17,00,00,9000,,17,,2025-09-30 12:00:00.000,IL
,NOT SPECIFIED,FIELD CROPS,,CROPS,ALL CLASSES,,,CORN,,ILLINOIS,TOTAL,"1,800,000",ILLINOIS,ANNUAL,"CORN, SILAGE - PRODUCTION, MEASURED IN TONS",YEAR,SILAGE,,,00000000,PRODUCTION,SURVEY,2023,UNITED STATES,STATE,TONS,,ALL PRODUCTION PRACTICES,,17,00,00,9000,,17,,2024-09-30 12:00:00.000,IL
,NOT SPECIFIED,FIELD CROPS,,CROPS,ALL CLASSES,,,CORN,,ILLINOIS,TOTAL,"2,760,000",ILLINOIS,ANNUAL,"CORN, SILAGE - PRODUCTION, MEASURED IN TONS",YEAR,SILAGE,,,00000000,PRODUCTION,SURVEY,2022,UNITED STATES,STATE,TONS,,ALL PRODUCTION PRACTICES,,17,00,00,9000,,17,,2024-01-09 15:00:00.000,IL
,NOT SPECIFIED,FIELD CROPS,,CROPS,ALL CLASSES,,,CORN,,ILLINOIS,TOTAL,"1,600,000",ILLINOIS,ANNUAL,"CORN, SILAGE - PRODUCTION, MEASURED IN TONS",YEAR,SILAGE,,,00000000,PRODUCTION,SURVEY,2021,UNITED STATES,STATE,TONS,,ALL PRODUCTION PRACTICES,,17,00,00,9000,,17,,2024-01-09 15:00:00.000,IL
,NOT SPECIFIED,FIELD CROPS,,CROPS,ALL CLASSES,,,CORN,,ILLINOIS,TOTAL,"2,200,000",ILLINOIS,ANNUAL,"CORN, SILAGE - PRODUCTION, MEASURED IN TONS",YEAR,SILAGE,,,00000000,PRODUCTION,SURVEY,2020,UNITED STATES,STATE,TONS,,ALL PRODUCTION PRACTICES,,17,00,00,9000,,17,,2024-01-09 15:00:00.000,IL
,NOT SPECIFIED,FIELD CROPS,,CROPS,ALL CLASSES,,,CORN,,ILLINOIS,TOTAL,"3,400,000",ILLINOIS,ANNUAL,"CORN, SILAGE - PRODUCTION, MEASURED IN TONS",YEAR,SILAGE,,,00000000,PRODUCTION,SURVEY,2019,UNITED STATES,STATE,TONS,,ALL PRODUCTION PRACTICES,,17,00,00,9000,,17,,2024-01-09 15:00:00.000,IL
,NOT SPECIFIED,FIELD CROPS,,CROPS,ALL CLASSES,,,CORN,,ILLINOIS,TOTAL,"2,000,000",ILLINOIS,ANNUAL,"CORN, SILAGE - PRODUCTION, MEASURED IN TONS",YEAR,SILAGE,,,00000000,PRODUCTION,SURVEY,2018,UNITED STATES,STATE,TONS,,ALL PRODUCTION PRACTICES,,17,00,00,9000,,17,,2024-01-09 15:00:00.000,IL
,NOT SPECIFIED,FIELD CROPS,,CROPS,ALL CLASSES,,,CORN,,ILLINOIS,TOTAL,"3,230,000",ILLINOIS,ANNUAL,"CORN, SILAGE - PRODUCTION, MEASURED IN TONS",YEAR,SILAGE,,,00000000,PRODUCTION,SURVEY,2017,UNITED STATES,STATE,TONS,,ALL PRODUCTION PRACTICES,,17,00,00,9000,,17,,2019-02-06 15:00:06.000,IL
,NOT SPECIFIED,FIELD CROPS,,CROPS,ALL CLASSES,,,CORN,,ILLINOIS,TOTAL,"1,680,000",ILLINOIS,ANNUAL,"CORN, SILAGE - PRODUCTION, MEASURED IN TONS",YEAR,SILAGE,,,00000000,PRODUCTION,SURVEY,2016,UNITED STATES,STATE,TONS,,ALL PRODUCTION PRACTICES,,17,00,00,9000,,17,,2019-02-06 15:00:06.000,IL
,NOT SPECIFIED,FIELD CROPS,,CROPS,ALL CLASSES,,,CORN,,ILLINOIS,TOTAL,"1,800,000",ILLINOIS,ANNUAL,"CORN, SILAGE - PRODUCTION, MEASURED IN TONS",YEAR,SILAGE,,,00000000,PRODUCTION,SURVEY,2015,UNITED STATES,STATE,TONS,,ALL PRODUCTION PRACTICES,,17,00,00,9000,,17,,2019-02-06 15:00:06.000,IL
,NOT SPECIFIED,FIELD CROPS,,CROPS,ALL CLASSES,,,CORN,,INDIANA,TOTAL,"2,860,000",INDIANA,ANNUAL,"CORN, SILAGE - PRODUCTION, MEASURED IN TONS",YEAR,SILAGE,,,00000000,PRODUCTION,SURVEY,2025,UNITED STATES,STATE,TONS,,ALL PRODUCTION PRACTICES,,18,00,00,9000,,18,,2026-01-12 12:00:00.000,IN
,NOT SPECIFIED,FIELD CROPS,,CROPS,ALL CLASSES,,,CORN,,INDIANA,TOTAL,"2,990,000",INDIANA,ANNUAL,"CORN, SILAGE - PRODUCTION, MEASURED IN TONS",YEAR,SILAGE,,,00000000,PRODUCTION,SURVEY,2024,UNITED STATES,STATE,TONS,,ALL PRODUCTION PRACTICES,,18,00,00,9000,,18,,2025-09-30 12:00:00.000,IN
,NOT SPECIFIED,FIELD CROPS,,CROPS,ALL CLASSES,,,CORN,,INDIANA,TOTAL,"2,640,000",INDIANA,ANNUAL,"CORN, SILAGE - PRODUCTION, MEASURED IN TONS",YEAR,SILAGE,,,00000000,PRODUCTION,SURVEY,2023,UNITED STATES,STATE,TONS,,ALL PRODUCTION PRACTICES,,18,00,00,9000,,18,,2024-09-30 12:00:00.000,IN
,NOT SPECIFIED,FIELD CROPS,,CROPS,ALL CLASSES,,,CORN,,INDIANA,TOTAL,"2,200,000",INDIANA,ANNUAL,"CORN, SILAGE - PRODUCTION, MEASURED IN TONS",YEAR,SILAGE,,,00000000,PRODUCTION,SURVEY,2022,UNITED STATES,STATE,TONS,,ALL PRODUCTION PRACTICES,,18,00,00,9000,,18,,2024-01-09 15:00:00.000,IN
,NOT SPECIFIED,FIELD CROPS,,CROPS,ALL CLASSES,,,CORN,,INDIANA,TOTAL,"2,420,000",INDIANA,ANNUAL,"CORN, SILAGE - PRODUCTION, MEASURED IN TONS",YEAR,SILAGE,,,00000000,PRODUCTION,SURVEY,2021,UNITED STATES,STATE,TONS,,ALL PRODUCTION PRACTICES,,18,00,00,9000,,18,,2024-01-09 15:00:00.000,IN
,NOT SPECIFIED,FIELD CROPS,,CROPS,ALL CLASSES,,,CORN,,INDIANA,TOTAL,"2,730,000",INDIANA,ANNUAL,"CORN, SILAGE - PRODUCTION, MEASURED IN TONS",YEAR,SILAGE,,,00000000,PRODUCTION,SURVEY,2020,UNITED STATES,STATE,TONS,,ALL PRODUCTION PRACTICES,,18,00,00,9000,,18,,2024-01-09 15:00:00.000,IN
,NOT SPECIFIED,FIELD CROPS,,CROPS,ALL CLASSES,,,CORN,,INDIANA,TOTAL,"2,200,000",INDIANA,ANNUAL,"CORN, SILAGE - PRODUCTION, MEASURED IN TONS",YEAR,SILAGE,,,00000000,PRODUCTION,SURVEY,2019,UNITED STATES,STATE,TONS,,ALL PRODUCTION PRACTICES,,18,00,00,9000,,18,,2024-01-09 15:00:00.000,IN
,NOT SPECIFIED,FIELD CROPS,,CROPS,ALL CLASSES,,,CORN,,INDIANA,TOTAL,"2,100,000",INDIANA,ANNUAL,"CORN, SILAGE - PRODUCTION, MEASURED IN TONS",YEAR,SILAGE,,,00000000,PRODUCTION,SURVEY,2018,UNITED STATES,STATE,TONS,,ALL PRODUCTION PRACTICES,,18,00,00,9000,,18,,2024-01-09 15:00:00.000,IN
,NOT SPECIFIED,FIELD CROPS,,CROPS,ALL CLASSES,,,CORN,,INDIANA,TOTAL,"2,310,000",INDIANA,ANNUAL,"CORN, SILAGE - PRODUCTION, MEASURED IN TONS",YEAR,SILAGE,,,00000000,PRODUCTION,SURVEY,2017,UNITED STATES,STATE,TONS,,ALL PRODUCTION PRACTICES,,18,00,00,9000,,18,,2019-02-06 15:00:06.000,IN
,NOT SPECIFIED,FIELD CROPS,,CROPS,ALL CLASSES,,,CORN,,INDIANA,TOTAL,"2,200,000",INDIANA,ANNUAL,"CORN, SILAGE - PRODUCTION, MEASURED IN TONS",YEAR,SILAGE,,,00000000,PRODUCTION,SURVEY,2016,UNITED STATES,STATE,TONS,,ALL PRODUCTION PRACTICES,,18,00,00,9000,,18,,2019-02-06 15:00:06.000,IN
,NOT SPECIFIED,FIELD CROPS,,CROPS,ALL CLASSES,,,CORN,,INDIANA,TOTAL,"1,530,000",INDIANA,ANNUAL,"CORN, SILAGE - PRODUCTION, MEASURED IN TONS",YEAR,SILAGE,,,00000000,PRODUCTION,SURVEY,2015,UNITED STATES,STATE,TONS,,ALL PRODUCTION PRACTICES,,18,00,00,9000,,18,,2019-02-06 15:00:06.000,IN
,NOT SPECIFIED,FIELD CROPS,,CROPS,ALL CLASSES,,,CORN,,IOWA,TOTAL,"6,250,000",IOWA,ANNUAL,"CORN, SILAGE - PRODUCTION, MEASURED IN TONS",YEAR,SILAGE,,,00000000,PRODUCTION,SURVEY,2025,UNITED STATES,STATE,TONS,,ALL PRODUCTION PRACTICES,,19,00,00,9000,,19,,2026-01-12 12:00:00.000,IA
,NOT SPECIFIED,FIELD CROPS,,CROPS,ALL CLASSES,,,CORN,,IOWA,TOTAL,"8,160,000",IOWA,ANNUAL,"CORN, SILAGE - PRODUCTION, MEASURED IN TONS",YEAR,SILAGE,,,00000000,PRODUCTION,SURVEY,2024,UNITED STATES,STATE,TONS,,ALL PRODUCTION PRACTICES,,19,00,00,9000,,19,,2025-09-30 12:00:00.000,IA
,NOT SPECIFIED,FIELD CROPS,,CROPS,ALL CLASSES,,,CORN,,IOWA,TOTAL,"7,600,000",IOWA,ANNUAL,"CORN, SILAGE - PRODUCTION, MEASURED IN TONS",YEAR,SILAGE,,,00000000,PRODUCTION,SURVEY,2023,UNITED STATES,STATE,TONS,,ALL PRODUCTION PRACTICES,,19,00,00,9000,,19,,2024-09-30 12:00:00.000,IA
,NOT SPECIFIED,FIELD CROPS,,CROPS,ALL CLASSES,,,CORN,,IOWA,TOTAL,"8,190,000",IOWA,ANNUAL,"CORN, SILAGE - PRODUCTION, MEASURED IN TONS",YEAR,SILAGE,,,00000000,PRODUCTION,SURVEY,2022,UNITED STATES,STATE,TONS,,ALL PRODUCTION PRACTICES,,19,00,00,9000,,19,,2024-01-09 15:00:00.000,IA
,NOT SPECIFIED,FIELD CROPS,,CROPS,ALL CLASSES,,,CORN,,IOWA,TOTAL,"7,140,000",IOWA,ANNUAL,"CORN, SILAGE - PRODUCTION, MEASURED IN TONS",YEAR,SILAGE,,,00000000,PRODUCTION,SURVEY,2021,UNITED STATES,STATE,TONS,,ALL PRODUCTION PRACTICES,,19,00,00,9000,,19,,2024-01-09 15:00:00.000,IA
,NOT SPECIFIED,FIELD CROPS,,CROPS,ALL CLASSES,,,CORN,,IOWA,TOTAL,"5,330,000",IOWA,ANNUAL,"CORN, SILAGE - PRODUCTION, MEASURED IN TONS",YEAR,SILAGE,,,00000000,PRODUCTION,SURVEY,2020,UNITED STATES,STATE,TONS,,ALL PRODUCTION PRACTICES,,19,00,00,9000,,19,,2024-01-09 15:00:00.000,IA
,NOT SPECIFIED,FIELD CROPS,,CROPS,ALL CLASSES,,,CORN,,IOWA,TOTAL,"7,920,000",IOWA,ANNUAL,"CORN, SILAGE - PRODUCTION, MEASURED IN TONS",YEAR,SILAGE,,,00000000,PRODUCTION,SURVEY,2019,UNITED STATES,STATE,TONS,,ALL PRODUCTION PRACTICES,,19,00,00,9000,,19,,2024-01-09 15:00:00.000,IA
,NOT SPECIFIED,FIELD CROPS,,CROPS,ALL CLASSES,,,CORN,,IOWA,TOTAL,"5,535,000",IOWA,ANNUAL,"CORN, SILAGE - PRODUCTION, MEASURED IN TONS",YEAR,SILAGE,,,00000000,PRODUCTION,SURVEY,2018,UNITED STATES,STATE,TONS,,ALL PRODUCTION PRACTICES,,19,00,00,9000,,19,,2024-01-09 15:00:00.000,IA
,NOT SPECIFIED,FIELD CROPS,,CROPS,ALL CLASSES,,,CORN,,IOWA,TOTAL,"6,930,000",IOWA,ANNUAL,"CORN, SILAGE - PRODUCTION, MEASURED IN TONS",YEAR,SILAGE,,,00000000,PRODUCTION,SURVEY,2017,UNITED STATES,STATE,TONS,,ALL PRODUCTION PRACTICES,,19,00,00,9000,,19,,2019-02-06 15:00:06.000,IA
,NOT SPECIFIED,FIELD CROPS,,CROPS,ALL CLASSES,,,CORN,,IOWA,TOTAL,"7,920,000",IOWA,ANNUAL,"CORN, SILAGE - PRODUCTION, MEASURED IN TONS",YEAR,SILAGE,,,00000000,PRODUCTION,SURVEY,2016,UNITED STATES,STATE,TONS,,ALL PRODUCTION PRACTICES,,19,00,00,9000,,19,,2019-02-06 15:00:06.000,IA
,NOT SPECIFIED,FIELD CROPS,,CROPS,ALL CLASSES,,,CORN,,IOWA,TOTAL,"8,160,000",IOWA,ANNUAL,"CORN, SILAGE - PRODUCTION, MEASURED IN TONS",YEAR,SILAGE,,,00000000,PRODUCTION,SURVEY,2015,UNITED STATES,STATE,TONS,,ALL PRODUCTION PRACTICES,,19,00,00,9000,,19,,2019-02-06 15:00:06.000,IA
,NOT SPECIFIED,FIELD CROPS,,CROPS,ALL CLASSES,,,CORN,,KANSAS,TOTAL,"5,290,000",KANSAS,ANNUAL,"CORN, SILAGE - PRODUCTION, MEASURED IN TONS",YEAR,SILAGE,,,00000000,PRODUCTION,SURVEY,2025,UNITED STATES,STATE,TONS,,ALL PRODUCTION PRACTICES,,20,00,00,9000,,20,,2026-01-12 12:00:00.000,KS
,NOT SPECIFIED,FIELD CROPS,,CROPS,ALL CLASSES,,,CORN,,KANSAS,TOTAL,"4,960,000",KANSAS,ANNUAL,"CORN, SILAGE - PRODUCTION, MEASURED IN TONS",YEAR,SILAGE,,,00000000,PRODUCTION,SURVEY,2024,UNITED STATES,STATE,TONS,,ALL PRODUCTION PRACTICES,,20,00,00,9000,,20,,2025-09-30 12:00:00.000,KS
,NOT SPECIFIED,FIELD CROPS,,CROPS,ALL CLASSES,,,CORN,,KANSAS,TOTAL,"4,950,000",KANSAS,ANNUAL,"CORN, SILAGE - PRODUCTION, MEASURED IN TONS",YEAR,SILAGE,,,00000000,PRODUCTION,SURVEY,2023,UNITED STATES,STATE,TONS,,ALL PRODUCTION PRACTICES,,20,00,00,9000,,20,,2024-09-30 12:00:00.000,KS
,NOT SPECIFIED,FIELD CROPS,,CROPS,ALL CLASSES,,,CORN,,KANSAS,TOTAL,"4,620,000",KANSAS,ANNUAL,"CORN, SILAGE - PRODUCTION, MEASURED IN TONS",YEAR,SILAGE,,,00000000,PRODUCTION,SURVEY,2022,UNITED STATES,STATE,TONS,,ALL PRODUCTION PRACTICES,,20,00,00,9000,,20,,2024-01-09 15:00:00.000,KS
,NOT SPECIFIED,FIELD CROPS,,CROPS,ALL CLASSES,,,CORN,,KANSAS,TOTAL,"4,320,000",KANSAS,ANNUAL,"CORN, SILAGE - PRODUCTION, MEASURED IN TONS",YEAR,SILAGE,,,00000000,PRODUCTION,SURVEY,2021,UNITED STATES,STATE,TONS,,ALL PRODUCTION PRACTICES,,20,00,00,9000,,20,,2024-01-09 15:00:00.000,KS
,NOT SPECIFIED,FIELD CROPS,,CROPS,ALL CLASSES,,,CORN,,KANSAS,TOTAL,"4,875,000",KANSAS,ANNUAL,"CORN, SILAGE - PRODUCTION, MEASURED IN TONS",YEAR,SILAGE,,,00000000,PRODUCTION,SURVEY,2020,UNITED STATES,STATE,TONS,,ALL PRODUCTION PRACTICES,,20,00,00,9000,,20,,2024-01-09 15:00:00.000,KS
,NOT SPECIFIED,FIELD CROPS,,CROPS,ALL CLASSES,,,CORN,,KANSAS,TOTAL,"4,375,000",KANSAS,ANNUAL,"CORN, SILAGE - PRODUCTION, MEASURED IN TONS",YEAR,SILAGE,,,00000000,PRODUCTION,SURVEY,2019,UNITED STATES,STATE,TONS,,ALL PRODUCTION PRACTICES,,20,00,00,9000,,20,,2024-01-09 15:00:00.000,KS
,NOT SPECIFIED,FIELD CROPS,,CROPS,ALL CLASSES,,,CORN,,KANSAS,TOTAL,"5,265,000",KANSAS,ANNUAL,"CORN, SILAGE - PRODUCTION, MEASURED IN TONS",YEAR,SILAGE,,,00000000,PRODUCTION,SURVEY,2018,UNITED STATES,STATE,TONS,,ALL PRODUCTION PRACTICES,,20,00,00,9000,,20,,2024-01-09 15:00:00.000,KS
,NOT SPECIFIED,FIELD CROPS,,CROPS,ALL CLASSES,,,CORN,,KANSAS,TOTAL,"5,375,000",KANSAS,ANNUAL,"CORN, SILAGE - PRODUCTION, MEASURED IN TONS",YEAR,SILAGE,,,00000000,PRODUCTION,SURVEY,2017,UNITED STATES,STATE,TONS,,ALL PRODUCTION PRACTICES,,20,00,00,9000,,20,,2019-02-06 15:00:06.000,KS
,NOT SPECIFIED,FIELD CROPS,,CROPS,ALL CLASSES,,,CORN,,KANSAS,TOTAL,"2,925,000",KANSAS,ANNUAL,"CORN, SILAGE - PRODUCTION, MEASURED IN TONS",YEAR,SILAGE,,,00000000,PRODUCTION,SURVEY,2016,UNITED STATES,STATE,TONS,,ALL PRODUCTION PRACTICES,,20,00,00,9000,,20,,2019-02-06 15:00:06.000,KS
,NOT SPECIFIED,FIELD CROPS,,CROPS,ALL CLASSES,,,CORN,,KANSAS,TOTAL,"3,145,000",KANSAS,ANNUAL,"CORN, SILAGE - PRODUCTION, MEASURED IN TONS",YEAR,SILAGE,,,00000000,PRODUCTION,SURVEY,2015,UNITED STATES,STATE,TONS,,ALL PRODUCTION PRACTICES,,20,00,00,9000,,20,,2019-02-06 15:00:06.000,KS
,NOT SPECIFIED,FIELD CROPS,,CROPS,ALL CLASSES,,,CORN,,KENTUCKY,TOTAL,"1,470,000",KENTUCKY,ANNUAL,"CORN, SILAGE - PRODUCTION, MEASURED IN TONS",YEAR,SILAGE,,,00000000,PRODUCTION,SURVEY,2025,UNITED STATES,STATE,TONS,,ALL PRODUCTION PRACTICES,,21,00,00,9000,,21,,2026-01-12 12:00:00.000,KY
,NOT SPECIFIED,FIELD CROPS,,CROPS,ALL CLASSES,,,CORN,,KENTUCKY,TOTAL,"1,330,000",KENTUCKY,ANNUAL,"CORN, SILAGE - PRODUCTION, MEASURED IN TONS",YEAR,SILAGE,,,00000000,PRODUCTION,SURVEY,2024,UNITED STATES,STATE,TONS,,ALL PRODUCTION PRACTICES,,21,00,00,9000,,21,,2025-09-30 12:00:00.000,KY
,NOT SPECIFIED,FIELD CROPS,,CROPS,ALL CLASSES,,,CORN,,KENTUCKY,TOTAL,"1,760,000",KENTUCKY,ANNUAL,"CORN, SILAGE - PRODUCTION, MEASURED IN TONS",YEAR,SILAGE,,,00000000,PRODUCTION,SURVEY,2023,UNITED STATES,STATE,TONS,,ALL PRODUCTION PRACTICES,,21,00,00,9000,,21,,2024-09-30 12:00:00.000,KY
,NOT SPECIFIED,FIELD CROPS,,CROPS,ALL CLASSES,,,CORN,,KENTUCKY,TOTAL,"1,260,000",KENTUCKY,ANNUAL,"CORN, SILAGE - PRODUCTION, MEASURED IN TONS",YEAR,SILAGE,,,00000000,PRODUCTION,SURVEY,2022,UNITED STATES,STATE,TONS,,ALL PRODUCTION PRACTICES,,21,00,00,9000,,21,,2024-01-09 15:00:00.000,KY
,NOT SPECIFIED,FIELD CROPS,,CROPS,ALL CLASSES,,,CORN,,KENTUCKY,TOTAL,"1,710,000",KENTUCKY,ANNUAL,"CORN, SILAGE - PRODUCTION, MEASURED IN TONS",YEAR,SILAGE,,,00000000,PRODUCTION,SURVEY,2021,UNITED STATES,STATE,TONS,,ALL PRODUCTION PRACTICES,,21,00,00,9000,,21,,2024-01-09 15:00:00.000,KY
,NOT SPECIFIED,FIELD CROPS,,CROPS,ALL CLASSES,,,CORN,,KENTUCKY,TOTAL,"1,900,000",KENTUCKY,ANNUAL,"CORN, SILAGE - PRODUCTION, MEASURED IN TONS",YEAR,SILAGE,,,00000000,PRODUCTION,SURVEY,2020,UNITED STATES,STATE,TONS,,ALL PRODUCTION PRACTICES,,21,00,00,9000,,21,,2024-01-09 15:00:00.000,KY
,NOT SPECIFIED,FIELD CROPS,,CROPS,ALL CLASSES,,,CORN,,KENTUCKY,TOTAL,"1,680,000",KENTUCKY,ANNUAL,"CORN, SILAGE - PRODUCTION, MEASURED IN TONS",YEAR,SILAGE,,,00000000,PRODUCTION,SURVEY,2019,UNITED STATES,STATE,TONS,,ALL PRODUCTION PRACTICES,,21,00,00,9000,,21,,2024-01-09 15:00:00.000,KY
,NOT SPECIFIED,FIELD CROPS,,CROPS,ALL CLASSES,,,CORN,,KENTUCKY,TOTAL,"1,890,000",KENTUCKY,ANNUAL,"CORN, SILAGE - PRODUCTION, MEASURED IN TONS",YEAR,SILAGE,,,00000000,PRODUCTION,SURVEY,2018,UNITED STATES,STATE,TONS,,ALL PRODUCTION PRACTICES,,21,00,00,9000,,21,,2024-01-09 15:00:00.000,KY
,NOT SPECIFIED,FIELD CROPS,,CROPS,ALL CLASSES,,,CORN,,KENTUCKY,TOTAL,"1,700,000",KENTUCKY,ANNUAL,"CORN, SILAGE - PRODUCTION, MEASURED IN TONS",YEAR,SILAGE,,,00000000,PRODUCTION,SURVEY,2017,UNITED STATES,STATE,TONS,,ALL PRODUCTION PRACTICES,,21,00,00,9000,,21,,2019-02-06 15:00:06.000,KY
,NOT SPECIFIED,FIELD CROPS,,CROPS,ALL CLASSES,,,CORN,,KENTUCKY,TOTAL,"1,560,000",KENTUCKY,ANNUAL,"CORN, SILAGE - PRODUCTION, MEASURED IN TONS",YEAR,SILAGE,,,00000000,PRODUCTION,SURVEY,2016,UNITED STATES,STATE,TONS,,ALL PRODUCTION PRACTICES,,21,00,00,9000,,21,,2019-02-06 15:00:06.000,KY
,NOT SPECIFIED,FIELD CROPS,,CROPS,ALL CLASSES,,,CORN,,KENTUCKY,TOTAL,"1,400,000",KENTUCKY,ANNUAL,"CORN, SILAGE - PRODUCTION, MEASURED IN TONS",YEAR,SILAGE,,,00000000,PRODUCTION,SURVEY,2015,UNITED STATES,STATE,TONS,,ALL PRODUCTION PRACTICES,,21,00,00,9000,,21,,2019-02-06 15:00:06.000,KY
,NOT SPECIFIED,FIELD CROPS,,CROPS,ALL CLASSES,,,CORN,,LOUISIANA,TOTAL,"45,000",LOUISIANA,ANNUAL,"CORN, SILAGE - PRODUCTION, MEASURED IN TONS",YEAR,SILAGE,,,00000000,PRODUCTION,SURVEY,2025,UNITED STATES,STATE,TONS,,ALL PRODUCTION PRACTICES,,22,00,00,9000,,22,,2026-01-12 12:00:00.000,LA
,NOT SPECIFIED,FIELD CROPS,,CROPS,ALL CLASSES,,,CORN,,LOUISIANA,TOTAL,"54,000",LOUISIANA,ANNUAL,"CORN, SILAGE - PRODUCTION, MEASURED IN TONS",YEAR,SILAGE,,,00000000,PRODUCTION,SURVEY,2024,UNITED STATES,STATE,TONS,,ALL PRODUCTION PRACTICES,,22,00,00,9000,,22,,2025-09-30 12:00:00.000,LA
,NOT SPECIFIED,FIELD CROPS,,CROPS,ALL CLASSES,,,CORN,,LOUISIANA,TOTAL,"45,000",LOUISIANA,ANNUAL,"CORN, SILAGE - PRODUCTION, MEASURED IN TONS",YEAR,SILAGE,,,00000000,PRODUCTION,SURVEY,2023,UNITED STATES,STATE,TONS,,ALL PRODUCTION PRACTICES,,22,00,00,9000,,22,,2024-09-30 12:00:00.000,LA
,NOT SPECIFIED,FIELD CROPS,,CROPS,ALL CLASSES,,,CORN,,LOUISIANA,TOTAL,"45,000",LOUISIANA,ANNUAL,"CORN, SILAGE - PRODUCTION, MEASURED IN TONS",YEAR,SILAGE,,,00000000,PRODUCTION,SURVEY,2022,UNITED STATES,STATE,TONS,,ALL PRODUCTION PRACTICES,,22,00,00,9000,,22,,2024-01-09 15:00:00.000,LA
,NOT SPECIFIED,FIELD CROPS,,CROPS,ALL CLASSES,,,CORN,,LOUISIANA,TOTAL,"48,000",LOUISIANA,ANNUAL,"CORN, SILAGE - PRODUCTION, MEASURED IN TONS",YEAR,SILAGE,,,00000000,PRODUCTION,SURVEY,2021,UNITED STATES,STATE,TONS,,ALL PRODUCTION PRACTICES,,22,00,00,9000,,22,,2024-01-09 15:00:00.000,LA
,NOT SPECIFIED,FIELD CROPS,,CROPS,ALL CLASSES,,,CORN,,LOUISIANA,TOTAL,"51,000",LOUISIANA,ANNUAL,"CORN, SILAGE - PRODUCTION, MEASURED IN TONS",YEAR,SILAGE,,,00000000,PRODUCTION,SURVEY,2020,UNITED STATES,STATE,TONS,,ALL PRODUCTION PRACTICES,,22,00,00,9000,,22,,2024-01-09 15:00:00.000,LA
,NOT SPECIFIED,FIELD CROPS,,CROPS,ALL CLASSES,,,CORN,,LOUISIANA,TOTAL,"57,000",LOUISIANA,ANNUAL,"CORN, SILAGE - PRODUCTION, MEASURED IN TONS",YEAR,SILAGE,,,00000000,PRODUCTION,SURVEY,2019,UNITED STATES,STATE,TONS,,ALL PRODUCTION PRACTICES,,22,00,00,9000,,22,,2024-01-09 15:00:00.000,LA
,NOT SPECIFIED,FIELD CROPS,,CROPS,ALL CLASSES,,,CORN,,LOUISIANA,TOTAL,"40,000",LOUISIANA,ANNUAL,"CORN, SILAGE - PRODUCTION, MEASURED IN TONS",YEAR,SILAGE,,,00000000,PRODUCTION,SURVEY,2018,UNITED STATES,STATE,TONS,,ALL PRODUCTION PRACTICES,,22,00,00,9000,,22,,2024-01-09 15:00:00.000,LA
,NOT SPECIFIED,FIELD CROPS,,CROPS,ALL CLASSES,,,CORN,,LOUISIANA,TOTAL,"20,000",LOUISIANA,ANNUAL,"CORN, SILAGE - PRODUCTION, MEASURED IN TONS",YEAR,SILAGE,,,00000000,PRODUCTION,SURVEY,2017,UNITED STATES,STATE,TONS,,ALL PRODUCTION PRACTICES,,22,00,00,9000,,22,,2019-02-06 15:00:06.000,LA
,NOT SPECIFIED,FIELD CROPS,,CROPS,ALL CLASSES,,,CORN,,LOUISIANA,TOTAL,"17,000",LOUISIANA,ANNUAL,"CORN, SILAGE - PRODUCTION, MEASURED IN TONS",YEAR,SILAGE,,,00000000,PRODUCTION,SURVEY,2016,UNITED STATES,STATE,TONS,,ALL PRODUCTION PRACTICES,,22,00,00,9000,,22,,2019-02-06 15:00:06.000,LA
,NOT SPECIFIED,FIELD CROPS,,CROPS,ALL CLASSES,,,CORN,,LOUISIANA,TOTAL,"14,000",LOUISIANA,ANNUAL,"CORN, SILAGE - PRODUCTION, MEASURED IN TONS",YEAR,SILAGE,,,00000000,PRODUCTION,SURVEY,2015,UNITED STATES,STATE,TONS,,ALL PRODUCTION PRACTICES,,22,00,00,9000,,22,,2019-02-06 15:00:06.000,LA
,NOT SPECIFIED,FIELD CROPS,,CROPS,ALL CLASSES,,,CORN,,MAINE,TOTAL,"325,000",MAINE,ANNUAL,"CORN, SILAGE - PRODUCTION, MEASURED IN TONS",YEAR,SILAGE,,,00000000,PRODUCTION,SURVEY,2025,UNITED STATES,STATE,TONS,,ALL PRODUCTION PRACTICES,,23,00,00,9000,,23,,2026-01-12 12:00:00.000,ME
,NOT SPECIFIED,FIELD CROPS,,CROPS,ALL CLASSES,,,CORN,,MAINE,TOTAL,"494,000",MAINE,ANNUAL,"CORN, SILAGE - PRODUCTION, MEASURED IN TONS",YEAR,SILAGE,,,00000000,PRODUCTION,SURVEY,2024,UNITED STATES,STATE,TONS,,ALL PRODUCTION PRACTICES,,23,00,00,9000,,23,,2025-09-30 12:00:00.000,ME
,NOT SPECIFIED,FIELD CROPS,,CROPS,ALL CLASSES,,,CORN,,MAINE,TOTAL,"345,000",MAINE,ANNUAL,"CORN, SILAGE - PRODUCTION, MEASURED IN TONS",YEAR,SILAGE,,,00000000,PRODUCTION,SURVEY,2023,UNITED STATES,STATE,TONS,,ALL PRODUCTION PRACTICES,,23,00,00,9000,,23,,2024-09-30 12:00:00.000,ME
,NOT SPECIFIED,FIELD CROPS,,CROPS,ALL CLASSES,,,CORN,,MAINE,TOTAL,"408,000",MAINE,ANNUAL,"CORN, SILAGE - PRODUCTION, MEASURED IN TONS",YEAR,SILAGE,,,00000000,PRODUCTION,SURVEY,2022,UNITED STATES,STATE,TONS,,ALL PRODUCTION PRACTICES,,23,00,00,9000,,23,,2024-01-09 15:00:00.000,ME
,NOT SPECIFIED,FIELD CROPS,,CROPS,ALL CLASSES,,,CORN,,MAINE,TOTAL,"525,000",MAINE,ANNUAL,"CORN, SILAGE - PRODUCTION, MEASURED IN TONS",YEAR,SILAGE,,,00000000,PRODUCTION,SURVEY,2021,UNITED STATES,STATE,TONS,,ALL PRODUCTION PRACTICES,,23,00,00,9000,,23,,2024-01-09 15:00:00.000,ME
,NOT SPECIFIED,FIELD CROPS,,CROPS,ALL CLASSES,,,CORN,,MAINE,TOTAL,"513,000",MAINE,ANNUAL,"CORN, SILAGE - PRODUCTION, MEASURED IN TONS",YEAR,SILAGE,,,00000000,PRODUCTION,SURVEY,2020,UNITED STATES,STATE,TONS,,ALL PRODUCTION PRACTICES,,23,00,00,9000,,23,,2024-01-09 15:00:00.000,ME
,NOT SPECIFIED,FIELD CROPS,,CROPS,ALL CLASSES,,,CORN,,MAINE,TOTAL,"494,000",MAINE,ANNUAL,"CORN, SILAGE - PRODUCTION, MEASURED IN TONS",YEAR,SILAGE,,,00000000,PRODUCTION,SURVEY,2019,UNITED STATES,STATE,TONS,,ALL PRODUCTION PRACTICES,,23,00,00,9000,,23,,2024-01-09 15:00:00.000,ME
,NOT SPECIFIED,FIELD CROPS,,CROPS,ALL CLASSES,,,CORN,,MAINE,TOTAL,"540,000",MAINE,ANNUAL,"CORN, SILAGE - PRODUCTION, MEASURED IN TONS",YEAR,SILAGE,,,00000000,PRODUCTION,SURVEY,2018,UNITED STATES,STATE,TONS,,ALL PRODUCTION PRACTICES,,23,00,00,9000,,23,,2024-01-09 15:00:00.000,ME
,NOT SPECIFIED,FIELD CROPS,,CROPS,ALL CLASSES,,,CORN,,MAINE,TOTAL,"486,000",MAINE,ANNUAL,"CORN, SILAGE - PRODUCTION, MEASURED IN TONS",YEAR,SILAGE,,,00000000,PRODUCTION,SURVEY,2017,UNITED STATES,STATE,TONS,,ALL PRODUCTION PRACTICES,,23,00,00,9000,,23,,2019-02-06 15:00:06.000,ME
,NOT SPECIFIED,FIELD CROPS,,CROPS,ALL CLASSES,,,CORN,,MAINE,TOTAL,"532,000",MAINE,ANNUAL,"CORN, SILAGE - PRODUCTION, MEASURED IN TONS",YEAR,SILAGE,,,00000000,PRODUCTION,SURVEY,2016,UNITED STATES,STATE,TONS,,ALL PRODUCTION PRACTICES,,23,00,00,9000,,23,,2019-02-06 15:00:06.000,ME
,NOT SPECIFIED,FIELD CROPS,,CROPS,ALL CLASSES,,,CORN,,MAINE,TOTAL,"500,000",MAINE,ANNUAL,"CORN, SILAGE - PRODUCTION, MEASURED IN TONS",YEAR,SILAGE,,,00000000,PRODUCTION,SURVEY,2015,UNITED STATES,STATE,TONS,,ALL PRODUCTION PRACTICES,,23,00,00,9000,,23,,2019-02-06 15:00:06.000,ME
,NOT SPECIFIED,FIELD CROPS,,CROPS,ALL CLASSES,,,CORN,,MARYLAND,TOTAL,"720,000",MARYLAND,ANNUAL,"CORN, SILAGE - PRODUCTION, MEASURED IN TONS",YEAR,SILAGE,,,00000000,PRODUCTION,SURVEY,2025,UNITED STATES,STATE,TONS,,ALL PRODUCTION PRACTICES,,24,00,00,9000,,24,,2026-01-12 12:00:00.000,MD
,NOT SPECIFIED,FIELD CROPS,,CROPS,ALL CLASSES,,,CORN,,MARYLAND,TOTAL,"640,000",MARYLAND,ANNUAL,"CORN, SILAGE - PRODUCTION, MEASURED IN TONS",YEAR,SILAGE,,,00000000,PRODUCTION,SURVEY,2024,UNITED STATES,STATE,TONS,,ALL PRODUCTION PRACTICES,,24,00,00,9000,,24,,2025-09-30 12:00:00.000,MD
,NOT SPECIFIED,FIELD CROPS,,CROPS,ALL CLASSES,,,CORN,,MARYLAND,TOTAL,"510,000",MARYLAND,ANNUAL,"CORN, SILAGE - PRODUCTION, MEASURED IN TONS",YEAR,SILAGE,,,00000000,PRODUCTION,SURVEY,2023,UNITED STATES,STATE,TONS,,ALL PRODUCTION PRACTICES,,24,00,00,9000,,24,,2024-09-30 12:00:00.000,MD
,NOT SPECIFIED,FIELD CROPS,,CROPS,ALL CLASSES,,,CORN,,MARYLAND,TOTAL,"760,000",MARYLAND,ANNUAL,"CORN, SILAGE - PRODUCTION, MEASURED IN TONS",YEAR,SILAGE,,,00000000,PRODUCTION,SURVEY,2022,UNITED STATES,STATE,TONS,,ALL PRODUCTION PRACTICES,,24,00,00,9000,,24,,2024-01-09 15:00:00.000,MD
,NOT SPECIFIED,FIELD CROPS,,CROPS,ALL CLASSES,,,CORN,,MARYLAND,TOTAL,"700,000",MARYLAND,ANNUAL,"CORN, SILAGE - PRODUCTION, MEASURED IN TONS",YEAR,SILAGE,,,00000000,PRODUCTION,SURVEY,2021,UNITED STATES,STATE,TONS,,ALL PRODUCTION PRACTICES,,24,00,00,9000,,24,,2024-01-09 15:00:00.000,MD
,NOT SPECIFIED,FIELD CROPS,,CROPS,ALL CLASSES,,,CORN,,MARYLAND,TOTAL,"680,000",MARYLAND,ANNUAL,"CORN, SILAGE - PRODUCTION, MEASURED IN TONS",YEAR,SILAGE,,,00000000,PRODUCTION,SURVEY,2020,UNITED STATES,STATE,TONS,,ALL PRODUCTION PRACTICES,,24,00,00,9000,,24,,2024-01-09 15:00:00.000,MD
,NOT SPECIFIED,FIELD CROPS,,CROPS,ALL CLASSES,,,CORN,,MARYLAND,TOTAL,"880,000",MARYLAND,ANNUAL,"CORN, SILAGE - PRODUCTION, MEASURED IN TONS",YEAR,SILAGE,,,00000000,PRODUCTION,SURVEY,2019,UNITED STATES,STATE,TONS,,ALL PRODUCTION PRACTICES,,24,00,00,9000,,24,,2024-01-09 15:00:00.000,MD
,NOT SPECIFIED,FIELD CROPS,,CROPS,ALL CLASSES,,,CORN,,MARYLAND,TOTAL,"855,000",MARYLAND,ANNUAL,"CORN, SILAGE - PRODUCTION, MEASURED IN TONS",YEAR,SILAGE,,,00000000,PRODUCTION,SURVEY,2018,UNITED STATES,STATE,TONS,,ALL PRODUCTION PRACTICES,,24,00,00,9000,,24,,2024-01-09 15:00:00.000,MD
,NOT SPECIFIED,FIELD CROPS,,CROPS,ALL CLASSES,,,CORN,,MARYLAND,TOTAL,"1,025,000",MARYLAND,ANNUAL,"CORN, SILAGE - PRODUCTION, MEASURED IN TONS",YEAR,SILAGE,,,00000000,PRODUCTION,SURVEY,2017,UNITED STATES,STATE,TONS,,ALL PRODUCTION PRACTICES,,24,00,00,9000,,24,,2019-02-06 15:00:06.000,MD
,NOT SPECIFIED,FIELD CROPS,,CROPS,ALL CLASSES,,,CORN,,MARYLAND,TOTAL,"900,000",MARYLAND,ANNUAL,"CORN, SILAGE - PRODUCTION, MEASURED IN TONS",YEAR,SILAGE,,,00000000,PRODUCTION,SURVEY,2016,UNITED STATES,STATE,TONS,,ALL PRODUCTION PRACTICES,,24,00,00,9000,,24,,2019-02-06 15:00:06.000,MD
,NOT SPECIFIED,FIELD CROPS,,CROPS,ALL CLASSES,,,CORN,,MARYLAND,TOTAL,"990,000",MARYLAND,ANNUAL,"CORN, SILAGE - PRODUCTION, MEASURED IN TONS",YEAR,SILAGE,,,00000000,PRODUCTION,SURVEY,2015,UNITED STATES,STATE,TONS,,ALL PRODUCTION PRACTICES,,24,00,00,9000,,24,,2019-02-06 15:00:06.000,MD
,NOT SPECIFIED,FIELD CROPS,,CROPS,ALL CLASSES,,,CORN,,MASSACHUSETTS,TOTAL,"187,000",MASSACHUSETTS,ANNUAL,"CORN, SILAGE - PRODUCTION, MEASURED IN TONS",YEAR,SILAGE,,,00000000,PRODUCTION,SURVEY,2025,UNITED STATES,STATE,TONS,,ALL PRODUCTION PRACTICES,,25,00,00,9000,,25,,2026-01-12 12:00:00.000,MA
,NOT SPECIFIED,FIELD CROPS,,CROPS,ALL CLASSES,,,CORN,,MASSACHUSETTS,TOTAL,"209,000",MASSACHUSETTS,ANNUAL,"CORN, SILAGE - PRODUCTION, MEASURED IN TONS",YEAR,SILAGE,,,00000000,PRODUCTION,SURVEY,2024,UNITED STATES,STATE,TONS,,ALL PRODUCTION PRACTICES,,25,00,00,9000,,25,,2025-09-30 12:00:00.000,MA
,NOT SPECIFIED,FIELD CROPS,,CROPS,ALL CLASSES,,,CORN,,MASSACHUSETTS,TOTAL,"176,000",MASSACHUSETTS,ANNUAL,"CORN, SILAGE - PRODUCTION, MEASURED IN TONS",YEAR,SILAGE,,,00000000,PRODUCTION,SURVEY,2023,UNITED STATES,STATE,TONS,,ALL PRODUCTION PRACTICES,,25,00,00,9000,,25,,2024-09-30 12:00:00.000,MA
,NOT SPECIFIED,FIELD CROPS,,CROPS,ALL CLASSES,,,CORN,,MASSACHUSETTS,TOTAL,"165,000",MASSACHUSETTS,ANNUAL,"CORN, SILAGE - PRODUCTION, MEASURED IN TONS",YEAR,SILAGE,,,00000000,PRODUCTION,SURVEY,2022,UNITED STATES,STATE,TONS,,ALL PRODUCTION PRACTICES,,25,00,00,9000,,25,,2024-01-09 15:00:00.000,MA
,NOT SPECIFIED,FIELD CROPS,,CROPS,ALL CLASSES,,,CORN,,MASSACHUSETTS,TOTAL,"187,000",MASSACHUSETTS,ANNUAL,"CORN, SILAGE - PRODUCTION, MEASURED IN TONS",YEAR,SILAGE,,,00000000,PRODUCTION,SURVEY,2021,UNITED STATES,STATE,TONS,,ALL PRODUCTION PRACTICES,,25,00,00,9000,,25,,2024-01-09 15:00:00.000,MA
,NOT SPECIFIED,FIELD CROPS,,CROPS,ALL CLASSES,,,CORN,,MASSACHUSETTS,TOTAL,"192,000",MASSACHUSETTS,ANNUAL,"CORN, SILAGE - PRODUCTION, MEASURED IN TONS",YEAR,SILAGE,,,00000000,PRODUCTION,SURVEY,2020,UNITED STATES,STATE,TONS,,ALL PRODUCTION PRACTICES,,25,00,00,9000,,25,,2024-01-09 15:00:00.000,MA
,NOT SPECIFIED,FIELD CROPS,,CROPS,ALL CLASSES,,,CORN,,MASSACHUSETTS,TOTAL,"220,000",MASSACHUSETTS,ANNUAL,"CORN, SILAGE - PRODUCTION, MEASURED IN TONS",YEAR,SILAGE,,,00000000,PRODUCTION,SURVEY,2019,UNITED STATES,STATE,TONS,,ALL PRODUCTION PRACTICES,,25,00,00,9000,,25,,2024-01-09 15:00:00.000,MA
,NOT SPECIFIED,FIELD CROPS,,CROPS,ALL CLASSES,,,CORN,,MASSACHUSETTS,TOTAL,"240,000",MASSACHUSETTS,ANNUAL,"CORN, SILAGE - PRODUCTION, MEASURED IN TONS",YEAR,SILAGE,,,00000000,PRODUCTION,SURVEY,2018,UNITED STATES,STATE,TONS,,ALL PRODUCTION PRACTICES,,25,00,00,9000,,25,,2024-01-09 15:00:00.000,MA
,NOT SPECIFIED,FIELD CROPS,,CROPS,ALL CLASSES,,,CORN,,MASSACHUSETTS,TOTAL,"228,000",MASSACHUSETTS,ANNUAL,"CORN, SILAGE - PRODUCTION, MEASURED IN TONS",YEAR,SILAGE,,,00000000,PRODUCTION,SURVEY,2017,UNITED STATES,STATE,TONS,,ALL PRODUCTION PRACTICES,,25,00,00,9000,,25,,2019-02-06 15:00:06.000,MA
,NOT SPECIFIED,FIELD CROPS,,CROPS,ALL CLASSES,,,CORN,,MASSACHUSETTS,TOTAL,"224,000",MASSACHUSETTS,ANNUAL,"CORN, SILAGE - PRODUCTION, MEASURED IN TONS",YEAR,SILAGE,,,00000000,PRODUCTION,SURVEY,2016,UNITED STATES,STATE,TONS,,ALL PRODUCTION PRACTICES,,25,00,00,9000,,25,,2019-02-06 15:00:06.000,MA
,NOT SPECIFIED,FIELD CROPS,,CROPS,ALL CLASSES,,,CORN,,MASSACHUSETTS,TOTAL,"247,000",MASSACHUSETTS,ANNUAL,"CORN, SILAGE - PRODUCTION, MEASURED IN TONS",YEAR,SILAGE,,,00000000,PRODUCTION,SURVEY,2015,UNITED STATES,STATE,TONS,,ALL PRODUCTION PRACTICES,,25,00,00,9000,,25,,2019-02-06 15:00:06.000,MA
,NOT SPECIFIED,FIELD CROPS,,CROPS,ALL CLASSES,,,CORN,,MICHIGAN,TOTAL,"7,875,000",MICHIGAN,ANNUAL,"CORN, SILAGE - PRODUCTION, MEASURED IN TONS",YEAR,SILAGE,,,00000000,PRODUCTION,SURVEY,2025,UNITED STATES,STATE,TONS,,ALL PRODUCTION PRACTICES,,26,00,00,9000,,26,,2026-01-12 12:00:00.000,MI
,NOT SPECIFIED,FIELD CROPS,,CROPS,ALL CLASSES,,,CORN,,MICHIGAN,TOTAL,"6,663,000",MICHIGAN,ANNUAL,"CORN, SILAGE - PRODUCTION, MEASURED IN TONS",YEAR,SILAGE,,,00000000,PRODUCTION,SURVEY,2024,UNITED STATES,STATE,TONS,,ALL PRODUCTION PRACTICES,,26,00,00,9000,,26,,2025-09-30 12:00:00.000,MI
,NOT SPECIFIED,FIELD CROPS,,CROPS,ALL CLASSES,,,CORN,,MICHIGAN,TOTAL,"6,400,000",MICHIGAN,ANNUAL,"CORN, SILAGE - PRODUCTION, MEASURED IN TONS",YEAR,SILAGE,,,00000000,PRODUCTION,SURVEY,2023,UNITED STATES,STATE,TONS,,ALL PRODUCTION PRACTICES,,26,00,00,9000,,26,,2024-09-30 12:00:00.000,MI
,NOT SPECIFIED,FIELD CROPS,,CROPS,ALL CLASSES,,,CORN,,MICHIGAN,TOTAL,"6,600,000",MICHIGAN,ANNUAL,"CORN, SILAGE - PRODUCTION, MEASURED IN TONS",YEAR,SILAGE,,,00000000,PRODUCTION,SURVEY,2022,UNITED STATES,STATE,TONS,,ALL PRODUCTION PRACTICES,,26,00,00,9000,,26,,2024-01-09 15:00:00.000,MI
,NOT SPECIFIED,FIELD CROPS,,CROPS,ALL CLASSES,,,CORN,,MICHIGAN,TOTAL,"6,970,000",MICHIGAN,ANNUAL,"CORN, SILAGE - PRODUCTION, MEASURED IN TONS",YEAR,SILAGE,,,00000000,PRODUCTION,SURVEY,2021,UNITED STATES,STATE,TONS,,ALL PRODUCTION PRACTICES,,26,00,00,9000,,26,,2024-01-09 15:00:00.000,MI
,NOT SPECIFIED,FIELD CROPS,,CROPS,ALL CLASSES,,,CORN,,MICHIGAN,TOTAL,"6,125,000",MICHIGAN,ANNUAL,"CORN, SILAGE - PRODUCTION, MEASURED IN TONS",YEAR,SILAGE,,,00000000,PRODUCTION,SURVEY,2020,UNITED STATES,STATE,TONS,,ALL PRODUCTION PRACTICES,,26,00,00,9000,,26,,2024-01-09 15:00:00.000,MI
,NOT SPECIFIED,FIELD CROPS,,CROPS,ALL CLASSES,,,CORN,,MICHIGAN,TOTAL,"6,290,000",MICHIGAN,ANNUAL,"CORN, SILAGE - PRODUCTION, MEASURED IN TONS",YEAR,SILAGE,,,00000000,PRODUCTION,SURVEY,2019,UNITED STATES,STATE,TONS,,ALL PRODUCTION PRACTICES,,26,00,00,9000,,26,,2024-01-09 15:00:00.000,MI
,NOT SPECIFIED,FIELD CROPS,,CROPS,ALL CLASSES,,,CORN,,MICHIGAN,TOTAL,"5,950,000",MICHIGAN,ANNUAL,"CORN, SILAGE - PRODUCTION, MEASURED IN TONS",YEAR,SILAGE,,,00000000,PRODUCTION,SURVEY,2018,UNITED STATES,STATE,TONS,,ALL PRODUCTION PRACTICES,,26,00,00,9000,,26,,2024-01-09 15:00:00.000,MI
,NOT SPECIFIED,FIELD CROPS,,CROPS,ALL CLASSES,,,CORN,,MICHIGAN,TOTAL,"6,290,000",MICHIGAN,ANNUAL,"CORN, SILAGE - PRODUCTION, MEASURED IN TONS",YEAR,SILAGE,,,00000000,PRODUCTION,SURVEY,2017,UNITED STATES,STATE,TONS,,ALL PRODUCTION PRACTICES,,26,00,00,9000,,26,,2019-02-06 15:00:06.000,MI
,NOT SPECIFIED,FIELD CROPS,,CROPS,ALL CLASSES,,,CORN,,MICHIGAN,TOTAL,"6,630,000",MICHIGAN,ANNUAL,"CORN, SILAGE - PRODUCTION, MEASURED IN TONS",YEAR,SILAGE,,,00000000,PRODUCTION,SURVEY,2016,UNITED STATES,STATE,TONS,,ALL PRODUCTION PRACTICES,,26,00,00,9000,,26,,2019-02-06 15:00:06.000,MI
,NOT SPECIFIED,FIELD CROPS,,CROPS,ALL CLASSES,,,CORN,,MICHIGAN,TOTAL,"4,940,000",MICHIGAN,ANNUAL,"CORN, SILAGE - PRODUCTION, MEASURED IN TONS",YEAR,SILAGE,,,00000000,PRODUCTION,SURVEY,2015,UNITED STATES,STATE,TONS,,ALL PRODUCTION PRACTICES,,26,00,00,9000,,26,,2019-02-06 15:00:06.000,MI
,NOT SPECIFIED,FIELD CROPS,,CROPS,ALL CLASSES,,,CORN,,MINNESOTA,TOTAL,"8,280,000",MINNESOTA,ANNUAL,"CORN, SILAGE - PRODUCTION, MEASURED IN TONS",YEAR,SILAGE,,,00000000,PRODUCTION,SURVEY,2025,UNITED STATES,STATE,TONS,,ALL PRODUCTION PRACTICES,,27,00,00,9000,,27,,2026-01-12 12:00:00.000,MN
,NOT SPECIFIED,FIELD CROPS,,CROPS,ALL CLASSES,,,CORN,,MINNESOTA,TOTAL,"7,980,000",MINNESOTA,ANNUAL,"CORN, SILAGE - PRODUCTION, MEASURED IN TONS",YEAR,SILAGE,,,00000000,PRODUCTION,SURVEY,2024,UNITED STATES,STATE,TONS,,ALL PRODUCTION PRACTICES,,27,00,00,9000,,27,,2025-09-30 12:00:00.000,MN
,NOT SPECIFIED,FIELD CROPS,,CROPS,ALL CLASSES,,,CORN,,MINNESOTA,TOTAL,"6,475,000",MINNESOTA,ANNUAL,"CORN, SILAGE - PRODUCTION, MEASURED IN TONS",YEAR,SILAGE,,,00000000,PRODUCTION,SURVEY,2023,UNITED STATES,STATE,TONS,,ALL PRODUCTION PRACTICES,,27,00,00,9000,,27,,2024-09-30 12:00:00.000,MN
,NOT SPECIFIED,FIELD CROPS,,CROPS,ALL CLASSES,,,CORN,,MINNESOTA,TOTAL,"9,675,000",MINNESOTA,ANNUAL,"CORN, SILAGE - PRODUCTION, MEASURED IN TONS",YEAR,SILAGE,,,00000000,PRODUCTION,SURVEY,2022,UNITED STATES,STATE,TONS,,ALL PRODUCTION PRACTICES,,27,00,00,9000,,27,,2024-01-09 15:00:00.000,MN
,NOT SPECIFIED,FIELD CROPS,,CROPS,ALL CLASSES,,,CORN,,MINNESOTA,TOTAL,"8,550,000",MINNESOTA,ANNUAL,"CORN, SILAGE - PRODUCTION, MEASURED IN TONS",YEAR,SILAGE,,,00000000,PRODUCTION,SURVEY,2021,UNITED STATES,STATE,TONS,,ALL PRODUCTION PRACTICES,,27,00,00,9000,,27,,2024-01-09 15:00:00.000,MN
,NOT SPECIFIED,FIELD CROPS,,CROPS,ALL CLASSES,,,CORN,,MINNESOTA,TOTAL,"9,660,000",MINNESOTA,ANNUAL,"CORN, SILAGE - PRODUCTION, MEASURED IN TONS",YEAR,SILAGE,,,00000000,PRODUCTION,SURVEY,2020,UNITED STATES,STATE,TONS,,ALL PRODUCTION PRACTICES,,27,00,00,9000,,27,,2024-01-09 15:00:00.000,MN
,NOT SPECIFIED,FIELD CROPS,,CROPS,ALL CLASSES,,,CORN,,MINNESOTA,TOTAL,"8,740,000",MINNESOTA,ANNUAL,"CORN, SILAGE - PRODUCTION, MEASURED IN TONS",YEAR,SILAGE,,,00000000,PRODUCTION,SURVEY,2019,UNITED STATES,STATE,TONS,,ALL PRODUCTION PRACTICES,,27,00,00,9000,,27,,2024-01-09 15:00:00.000,MN
,NOT SPECIFIED,FIELD CROPS,,CROPS,ALL CLASSES,,,CORN,,MINNESOTA,TOTAL,"7,480,000",MINNESOTA,ANNUAL,"CORN, SILAGE - PRODUCTION, MEASURED IN TONS",YEAR,SILAGE,,,00000000,PRODUCTION,SURVEY,2018,UNITED STATES,STATE,TONS,,ALL PRODUCTION PRACTICES,,27,00,00,9000,,27,,2024-01-09 15:00:00.000,MN
,NOT SPECIFIED,FIELD CROPS,,CROPS,ALL CLASSES,,,CORN,,MINNESOTA,TOTAL,"7,740,000",MINNESOTA,ANNUAL,"CORN, SILAGE - PRODUCTION, MEASURED IN TONS",YEAR,SILAGE,,,00000000,PRODUCTION,SURVEY,2017,UNITED STATES,STATE,TONS,,ALL PRODUCTION PRACTICES,,27,00,00,9000,,27,,2019-02-06 15:00:06.000,MN
,NOT SPECIFIED,FIELD CROPS,,CROPS,ALL CLASSES,,,CORN,,MINNESOTA,TOTAL,"8,385,000",MINNESOTA,ANNUAL,"CORN, SILAGE - PRODUCTION, MEASURED IN TONS",YEAR,SILAGE,,,00000000,PRODUCTION,SURVEY,2016,UNITED STATES,STATE,TONS,,ALL PRODUCTION PRACTICES,,27,00,00,9000,,27,,2019-02-06 15:00:06.000,MN
,NOT SPECIFIED,FIELD CROPS,,CROPS,ALL CLASSES,,,CORN,,MINNESOTA,TOTAL,"9,675,000",MINNESOTA,ANNUAL,"CORN, SILAGE - PRODUCTION, MEASURED IN TONS",YEAR,SILAGE,,,00000000,PRODUCTION,SURVEY,2015,UNITED STATES,STATE,TONS,,ALL PRODUCTION PRACTICES,,27,00,00,9000,,27,,2019-02-06 15:00:06.000,MN
,NOT SPECIFIED,FIELD CROPS,,CROPS,ALL CLASSES,,,CORN,,MISSISSIPPI,TOTAL,"270,000",MISSISSIPPI,ANNUAL,"CORN, SILAGE - PRODUCTION, MEASURED IN TONS",YEAR,SILAGE,,,00000000,PRODUCTION,SURVEY,2025,UNITED STATES,STATE,TONS,,ALL PRODUCTION PRACTICES,,28,00,00,9000,,28,,2026-01-12 12:00:00.000,MS
,NOT SPECIFIED,FIELD CROPS,,CROPS,ALL CLASSES,,,CORN,,MISSISSIPPI,TOTAL,"112,000",MISSISSIPPI,ANNUAL,"CORN, SILAGE - PRODUCTION, MEASURED IN TONS",YEAR,SILAGE,,,00000000,PRODUCTION,SURVEY,2024,UNITED STATES,STATE,TONS,,ALL PRODUCTION PRACTICES,,28,00,00,9000,,28,,2025-09-30 12:00:00.000,MS
,NOT SPECIFIED,FIELD CROPS,,CROPS,ALL CLASSES,,,CORN,,MISSISSIPPI,TOTAL,"90,000",MISSISSIPPI,ANNUAL,"CORN, SILAGE - PRODUCTION, MEASURED IN TONS",YEAR,SILAGE,,,00000000,PRODUCTION,SURVEY,2023,UNITED STATES,STATE,TONS,,ALL PRODUCTION PRACTICES,,28,00,00,9000,,28,,2024-09-30 12:00:00.000,MS
,NOT SPECIFIED,FIELD CROPS,,CROPS,ALL CLASSES,,,CORN,,MISSISSIPPI,TOTAL,"75,000",MISSISSIPPI,ANNUAL,"CORN, SILAGE - PRODUCTION, MEASURED IN TONS",YEAR,SILAGE,,,00000000,PRODUCTION,SURVEY,2022,UNITED STATES,STATE,TONS,,ALL PRODUCTION PRACTICES,,28,00,00,9000,,28,,2024-01-09 15:00:00.000,MS
,NOT SPECIFIED,FIELD CROPS,,CROPS,ALL CLASSES,,,CORN,,MISSISSIPPI,TOTAL,"136,000",MISSISSIPPI,ANNUAL,"CORN, SILAGE - PRODUCTION, MEASURED IN TONS",YEAR,SILAGE,,,00000000,PRODUCTION,SURVEY,2021,UNITED STATES,STATE,TONS,,ALL PRODUCTION PRACTICES,,28,00,00,9000,,28,,2024-01-09 15:00:00.000,MS
,NOT SPECIFIED,FIELD CROPS,,CROPS,ALL CLASSES,,,CORN,,MISSISSIPPI,TOTAL,"98,000",MISSISSIPPI,ANNUAL,"CORN, SILAGE - PRODUCTION, MEASURED IN TONS",YEAR,SILAGE,,,00000000,PRODUCTION,SURVEY,2020,UNITED STATES,STATE,TONS,,ALL PRODUCTION PRACTICES,,28,00,00,9000,,28,,2024-01-09 15:00:00.000,MS
,NOT SPECIFIED,FIELD CROPS,,CROPS,ALL CLASSES,,,CORN,,MISSISSIPPI,TOTAL,"105,000",MISSISSIPPI,ANNUAL,"CORN, SILAGE - PRODUCTION, MEASURED IN TONS",YEAR,SILAGE,,,00000000,PRODUCTION,SURVEY,2019,UNITED STATES,STATE,TONS,,ALL PRODUCTION PRACTICES,,28,00,00,9000,,28,,2024-01-09 15:00:00.000,MS
,NOT SPECIFIED,FIELD CROPS,,CROPS,ALL CLASSES,,,CORN,,MISSISSIPPI,TOTAL,"105,000",MISSISSIPPI,ANNUAL,"CORN, SILAGE - PRODUCTION, MEASURED IN TONS",YEAR,SILAGE,,,00000000,PRODUCTION,SURVEY,2018,UNITED STATES,STATE,TONS,,ALL PRODUCTION PRACTICES,,28,00,00,9000,,28,,2024-01-09 15:00:00.000,MS
,NOT SPECIFIED,FIELD CROPS,,CROPS,ALL CLASSES,,,CORN,,MISSISSIPPI,TOTAL,"126,000",MISSISSIPPI,ANNUAL,"CORN, SILAGE - PRODUCTION, MEASURED IN TONS",YEAR,SILAGE,,,00000000,PRODUCTION,SURVEY,2017,UNITED STATES,STATE,TONS,,ALL PRODUCTION PRACTICES,,28,00,00,9000,,28,,2019-02-06 15:00:06.000,MS
,NOT SPECIFIED,FIELD CROPS,,CROPS,ALL CLASSES,,,CORN,,MISSISSIPPI,TOTAL,"140,000",MISSISSIPPI,ANNUAL,"CORN, SILAGE - PRODUCTION, MEASURED IN TONS",YEAR,SILAGE,,,00000000,PRODUCTION,SURVEY,2016,UNITED STATES,STATE,TONS,,ALL PRODUCTION PRACTICES,,28,00,00,9000,,28,,2019-02-06 15:00:06.000,MS
,NOT SPECIFIED,FIELD CROPS,,CROPS,ALL CLASSES,,,CORN,,MISSISSIPPI,TOTAL,"160,000",MISSISSIPPI,ANNUAL,"CORN, SILAGE - PRODUCTION, MEASURED IN TONS",YEAR,SILAGE,,,00000000,PRODUCTION,SURVEY,2015,UNITED STATES,STATE,TONS,,ALL PRODUCTION PRACTICES,,28,00,00,9000,,28,,2019-02-06 15:00:06.000,MS
,NOT SPECIFIED,FIELD CROPS,,CROPS,ALL CLASSES,,,CORN,,MISSOURI,TOTAL,"1,280,000",MISSOURI,ANNUAL,"CORN, SILAGE - PRODUCTION, MEASURED IN TONS",YEAR,SILAGE,,,00000000,PRODUCTION,SURVEY,2025,UNITED STATES,STATE,TONS,,ALL PRODUCTION PRACTICES,,29,00,00,9000,,29,,2026-01-12 12:00:00.000,MO
,NOT SPECIFIED,FIELD CROPS,,CROPS,ALL CLASSES,,,CORN,,MISSOURI,TOTAL,"1,800,000",MISSOURI,ANNUAL,"CORN, SILAGE - PRODUCTION, MEASURED IN TONS",YEAR,SILAGE,,,00000000,PRODUCTION,SURVEY,2024,UNITED STATES,STATE,TONS,,ALL PRODUCTION PRACTICES,,29,00,00,9000,,29,,2025-09-30 12:00:00.000,MO
,NOT SPECIFIED,FIELD CROPS,,CROPS,ALL CLASSES,,,CORN,,MISSOURI,TOTAL,"1,400,000",MISSOURI,ANNUAL,"CORN, SILAGE - PRODUCTION, MEASURED IN TONS",YEAR,SILAGE,,,00000000,PRODUCTION,SURVEY,2023,UNITED STATES,STATE,TONS,,ALL PRODUCTION PRACTICES,,29,00,00,9000,,29,,2024-09-30 12:00:00.000,MO
,NOT SPECIFIED,FIELD CROPS,,CROPS,ALL CLASSES,,,CORN,,MISSOURI,TOTAL,"1,650,000",MISSOURI,ANNUAL,"CORN, SILAGE - PRODUCTION, MEASURED IN TONS",YEAR,SILAGE,,,00000000,PRODUCTION,SURVEY,2022,UNITED STATES,STATE,TONS,,ALL PRODUCTION PRACTICES,,29,00,00,9000,,29,,2024-01-09 15:00:00.000,MO
,NOT SPECIFIED,FIELD CROPS,,CROPS,ALL CLASSES,,,CORN,,MISSOURI,TOTAL,"1,050,000",MISSOURI,ANNUAL,"CORN, SILAGE - PRODUCTION, MEASURED IN TONS",YEAR,SILAGE,,,00000000,PRODUCTION,SURVEY,2021,UNITED STATES,STATE,TONS,,ALL PRODUCTION PRACTICES,,29,00,00,9000,,29,,2024-01-09 15:00:00.000,MO
,NOT SPECIFIED,FIELD CROPS,,CROPS,ALL CLASSES,,,CORN,,MISSOURI,TOTAL,"1,700,000",MISSOURI,ANNUAL,"CORN, SILAGE - PRODUCTION, MEASURED IN TONS",YEAR,SILAGE,,,00000000,PRODUCTION,SURVEY,2020,UNITED STATES,STATE,TONS,,ALL PRODUCTION PRACTICES,,29,00,00,9000,,29,,2024-01-09 15:00:00.000,MO
,NOT SPECIFIED,FIELD CROPS,,CROPS,ALL CLASSES,,,CORN,,MISSOURI,TOTAL,"1,120,000",MISSOURI,ANNUAL,"CORN, SILAGE - PRODUCTION, MEASURED IN TONS",YEAR,SILAGE,,,00000000,PRODUCTION,SURVEY,2019,UNITED STATES,STATE,TONS,,ALL PRODUCTION PRACTICES,,29,00,00,9000,,29,,2024-01-09 15:00:00.000,MO
,NOT SPECIFIED,FIELD CROPS,,CROPS,ALL CLASSES,,,CORN,,MISSOURI,TOTAL,"1,300,000",MISSOURI,ANNUAL,"CORN, SILAGE - PRODUCTION, MEASURED IN TONS",YEAR,SILAGE,,,00000000,PRODUCTION,SURVEY,2018,UNITED STATES,STATE,TONS,,ALL PRODUCTION PRACTICES,,29,00,00,9000,,29,,2024-01-09 15:00:00.000,MO
,NOT SPECIFIED,FIELD CROPS,,CROPS,ALL CLASSES,,,CORN,,MISSOURI,TOTAL,"1,050,000",MISSOURI,ANNUAL,"CORN, SILAGE - PRODUCTION, MEASURED IN TONS",YEAR,SILAGE,,,00000000,PRODUCTION,SURVEY,2017,UNITED STATES,STATE,TONS,,ALL PRODUCTION PRACTICES,,29,00,00,9000,,29,,2019-02-06 15:00:06.000,MO
,NOT SPECIFIED,FIELD CROPS,,CROPS,ALL CLASSES,,,CORN,,MISSOURI,TOTAL,"1,200,000",MISSOURI,ANNUAL,"CORN, SILAGE - PRODUCTION, MEASURED IN TONS",YEAR,SILAGE,,,00000000,PRODUCTION,SURVEY,2016,UNITED STATES,STATE,TONS,,ALL PRODUCTION PRACTICES,,29,00,00,9000,,29,,2019-02-06 15:00:06.000,MO
,NOT SPECIFIED,FIELD CROPS,,CROPS,ALL CLASSES,,,CORN,,MISSOURI,TOTAL,"1,400,000",MISSOURI,ANNUAL,"CORN, SILAGE - PRODUCTION, MEASURED IN TONS",YEAR,SILAGE,,,00000000,PRODUCTION,SURVEY,2015,UNITED STATES,STATE,TONS,,ALL PRODUCTION PRACTICES,,29,00,00,9000,,29,,2019-02-06 15:00:06.000,MO
,NOT SPECIFIED,FIELD CROPS,,CROPS,ALL CLASSES,,,CORN,,MONTANA,TOTAL,"1,311,000",MONTANA,ANNUAL,"CORN, SILAGE - PRODUCTION, MEASURED IN TONS",YEAR,SILAGE,,,00000000,PRODUCTION,SURVEY,2025,UNITED STATES,STATE,TONS,,ALL PRODUCTION PRACTICES,,30,00,00,9000,,30,,2026-01-12 12:00:00.000,MT
,NOT SPECIFIED,FIELD CROPS,,CROPS,ALL CLASSES,,,CORN,,MONTANA,TOTAL,"740,000",MONTANA,ANNUAL,"CORN, SILAGE - PRODUCTION, MEASURED IN TONS",YEAR,SILAGE,,,00000000,PRODUCTION,SURVEY,2024,UNITED STATES,STATE,TONS,,ALL PRODUCTION PRACTICES,,30,00,00,9000,,30,,2025-09-30 12:00:00.000,MT
,NOT SPECIFIED,FIELD CROPS,,CROPS,ALL CLASSES,,,CORN,,MONTANA,TOTAL,"1,426,000",MONTANA,ANNUAL,"CORN, SILAGE - PRODUCTION, MEASURED IN TONS",YEAR,SILAGE,,,00000000,PRODUCTION,SURVEY,2023,UNITED STATES,STATE,TONS,,ALL PRODUCTION PRACTICES,,30,00,00,9000,,30,,2024-09-30 12:00:00.000,MT
,NOT SPECIFIED,FIELD CROPS,,CROPS,ALL CLASSES,,,CORN,,MONTANA,TOTAL,"1,134,000",MONTANA,ANNUAL,"CORN, SILAGE - PRODUCTION, MEASURED IN TONS",YEAR,SILAGE,,,00000000,PRODUCTION,SURVEY,2022,UNITED STATES,STATE,TONS,,ALL PRODUCTION PRACTICES,,30,00,00,9000,,30,,2024-01-09 15:00:00.000,MT
,NOT SPECIFIED,FIELD CROPS,,CROPS,ALL CLASSES,,,CORN,,MONTANA,TOTAL,"846,000",MONTANA,ANNUAL,"CORN, SILAGE - PRODUCTION, MEASURED IN TONS",YEAR,SILAGE,,,00000000,PRODUCTION,SURVEY,2021,UNITED STATES,STATE,TONS,,ALL PRODUCTION PRACTICES,,30,00,00,9000,,30,,2024-01-09 15:00:00.000,MT
,NOT SPECIFIED,FIELD CROPS,,CROPS,ALL CLASSES,,,CORN,,MONTANA,TOTAL,"1,071,000",MONTANA,ANNUAL,"CORN, SILAGE - PRODUCTION, MEASURED IN TONS",YEAR,SILAGE,,,00000000,PRODUCTION,SURVEY,2020,UNITED STATES,STATE,TONS,,ALL PRODUCTION PRACTICES,,30,00,00,9000,,30,,2024-01-09 15:00:00.000,MT
,NOT SPECIFIED,FIELD CROPS,,CROPS,ALL CLASSES,,,CORN,,MONTANA,TOTAL,"1,150,000",MONTANA,ANNUAL,"CORN, SILAGE - PRODUCTION, MEASURED IN TONS",YEAR,SILAGE,,,00000000,PRODUCTION,SURVEY,2019,UNITED STATES,STATE,TONS,,ALL PRODUCTION PRACTICES,,30,00,00,9000,,30,,2024-01-09 15:00:00.000,MT
,NOT SPECIFIED,FIELD CROPS,,CROPS,ALL CLASSES,,,CORN,,MONTANA,TOTAL,"740,000",MONTANA,ANNUAL,"CORN, SILAGE - PRODUCTION, MEASURED IN TONS",YEAR,SILAGE,,,00000000,PRODUCTION,SURVEY,2018,UNITED STATES,STATE,TONS,,ALL PRODUCTION PRACTICES,,30,00,00,9000,,30,,2024-01-09 15:00:00.000,MT
,NOT SPECIFIED,FIELD CROPS,,CROPS,ALL CLASSES,,,CORN,,MONTANA,TOTAL,"500,000",MONTANA,ANNUAL,"CORN, SILAGE - PRODUCTION, MEASURED IN TONS",YEAR,SILAGE,,,00000000,PRODUCTION,SURVEY,2017,UNITED STATES,STATE,TONS,,ALL PRODUCTION PRACTICES,,30,00,00,9000,,30,,2019-02-06 15:00:06.000,MT
,NOT SPECIFIED,FIELD CROPS,,CROPS,ALL CLASSES,,,CORN,,MONTANA,TOTAL,"1,210,000",MONTANA,ANNUAL,"CORN, SILAGE - PRODUCTION, MEASURED IN TONS",YEAR,SILAGE,,,00000000,PRODUCTION,SURVEY,2016,UNITED STATES,STATE,TONS,,ALL PRODUCTION PRACTICES,,30,00,00,9000,,30,,2019-02-06 15:00:06.000,MT
,NOT SPECIFIED,FIELD CROPS,,CROPS,ALL CLASSES,,,CORN,,MONTANA,TOTAL,"1,150,000",MONTANA,ANNUAL,"CORN, SILAGE - PRODUCTION, MEASURED IN TONS",YEAR,SILAGE,,,00000000,PRODUCTION,SURVEY,2015,UNITED STATES,STATE,TONS,,ALL PRODUCTION PRACTICES,,30,00,00,9000,,30,,2019-02-06 15:00:06.000,MT
,NOT SPECIFIED,FIELD CROPS,,CROPS,ALL CLASSES,,,CORN,,NEBRASKA,TOTAL,"4,410,000",NEBRASKA,ANNUAL,"CORN, SILAGE - PRODUCTION, MEASURED IN TONS",YEAR,SILAGE,,,00000000,PRODUCTION,SURVEY,2025,UNITED STATES,STATE,TONS,,ALL PRODUCTION PRACTICES,,31,00,00,9000,,31,,2026-01-12 12:00:00.000,NE
,NOT SPECIFIED,FIELD CROPS,,CROPS,ALL CLASSES,,,CORN,,NEBRASKA,TOTAL,"5,880,000",NEBRASKA,ANNUAL,"CORN, SILAGE - PRODUCTION, MEASURED IN TONS",YEAR,SILAGE,,,00000000,PRODUCTION,SURVEY,2024,UNITED STATES,STATE,TONS,,ALL PRODUCTION PRACTICES,,31,00,00,9000,,31,,2025-09-30 12:00:00.000,NE
,NOT SPECIFIED,FIELD CROPS,,CROPS,ALL CLASSES,,,CORN,,NEBRASKA,TOTAL,"4,760,000",NEBRASKA,ANNUAL,"CORN, SILAGE - PRODUCTION, MEASURED IN TONS",YEAR,SILAGE,,,00000000,PRODUCTION,SURVEY,2023,UNITED STATES,STATE,TONS,,ALL PRODUCTION PRACTICES,,31,00,00,9000,,31,,2024-09-30 12:00:00.000,NE
,NOT SPECIFIED,FIELD CROPS,,CROPS,ALL CLASSES,,,CORN,,NEBRASKA,TOTAL,"5,375,000",NEBRASKA,ANNUAL,"CORN, SILAGE - PRODUCTION, MEASURED IN TONS",YEAR,SILAGE,,,00000000,PRODUCTION,SURVEY,2022,UNITED STATES,STATE,TONS,,ALL PRODUCTION PRACTICES,,31,00,00,9000,,31,,2024-01-09 15:00:00.000,NE
,NOT SPECIFIED,FIELD CROPS,,CROPS,ALL CLASSES,,,CORN,,NEBRASKA,TOTAL,"5,070,000",NEBRASKA,ANNUAL,"CORN, SILAGE - PRODUCTION, MEASURED IN TONS",YEAR,SILAGE,,,00000000,PRODUCTION,SURVEY,2021,UNITED STATES,STATE,TONS,,ALL PRODUCTION PRACTICES,,31,00,00,9000,,31,,2024-01-09 15:00:00.000,NE
,NOT SPECIFIED,FIELD CROPS,,CROPS,ALL CLASSES,,,CORN,,NEBRASKA,TOTAL,"4,940,000",NEBRASKA,ANNUAL,"CORN, SILAGE - PRODUCTION, MEASURED IN TONS",YEAR,SILAGE,,,00000000,PRODUCTION,SURVEY,2020,UNITED STATES,STATE,TONS,,ALL PRODUCTION PRACTICES,,31,00,00,9000,,31,,2024-01-09 15:00:00.000,NE
,NOT SPECIFIED,FIELD CROPS,,CROPS,ALL CLASSES,,,CORN,,NEBRASKA,TOTAL,"4,600,000",NEBRASKA,ANNUAL,"CORN, SILAGE - PRODUCTION, MEASURED IN TONS",YEAR,SILAGE,,,00000000,PRODUCTION,SURVEY,2019,UNITED STATES,STATE,TONS,,ALL PRODUCTION PRACTICES,,31,00,00,9000,,31,,2024-01-09 15:00:00.000,NE
,NOT SPECIFIED,FIELD CROPS,,CROPS,ALL CLASSES,,,CORN,,NEBRASKA,TOTAL,"4,620,000",NEBRASKA,ANNUAL,"CORN, SILAGE - PRODUCTION, MEASURED IN TONS",YEAR,SILAGE,,,00000000,PRODUCTION,SURVEY,2018,UNITED STATES,STATE,TONS,,ALL PRODUCTION PRACTICES,,31,00,00,9000,,31,,2024-01-09 15:00:00.000,NE
,NOT SPECIFIED,FIELD CROPS,,CROPS,ALL CLASSES,,,CORN,,NEBRASKA,TOTAL,"4,095,000",NEBRASKA,ANNUAL,"CORN, SILAGE - PRODUCTION, MEASURED IN TONS",YEAR,SILAGE,,,00000000,PRODUCTION,SURVEY,2017,UNITED STATES,STATE,TONS,,ALL PRODUCTION PRACTICES,,31,00,00,9000,,31,,2019-02-06 15:00:06.000,NE
,NOT SPECIFIED,FIELD CROPS,,CROPS,ALL CLASSES,,,CORN,,NEBRASKA,TOTAL,"4,680,000",NEBRASKA,ANNUAL,"CORN, SILAGE - PRODUCTION, MEASURED IN TONS",YEAR,SILAGE,,,00000000,PRODUCTION,SURVEY,2016,UNITED STATES,STATE,TONS,,ALL PRODUCTION PRACTICES,,31,00,00,9000,,31,,2019-02-06 15:00:06.000,NE
,NOT SPECIFIED,FIELD CROPS,,CROPS,ALL CLASSES,,,CORN,,NEBRASKA,TOTAL,"4,400,000",NEBRASKA,ANNUAL,"CORN, SILAGE - PRODUCTION, MEASURED IN TONS",YEAR,SILAGE,,,00000000,PRODUCTION,SURVEY,2015,UNITED STATES,STATE,TONS,,ALL PRODUCTION PRACTICES,,31,00,00,9000,,31,,2019-02-06 15:00:06.000,NE
,NOT SPECIFIED,FIELD CROPS,,CROPS,ALL CLASSES,,,CORN,,NEVADA,TOTAL,"528,000",NEVADA,ANNUAL,"CORN, SILAGE - PRODUCTION, MEASURED IN TONS",YEAR,SILAGE,,,00000000,PRODUCTION,SURVEY,2025,UNITED STATES,STATE,TONS,,ALL PRODUCTION PRACTICES,,32,00,00,9000,,32,,2026-01-12 12:00:00.000,NV
,NOT SPECIFIED,FIELD CROPS,,CROPS,ALL CLASSES,,,CORN,,NEVADA,TOTAL,"425,000",NEVADA,ANNUAL,"CORN, SILAGE - PRODUCTION, MEASURED IN TONS",YEAR,SILAGE,,,00000000,PRODUCTION,SURVEY,2024,UNITED STATES,STATE,TONS,,ALL PRODUCTION PRACTICES,,32,00,00,9000,,32,,2025-09-30 12:00:00.000,NV
,NOT SPECIFIED,FIELD CROPS,,CROPS,ALL CLASSES,,,CORN,,NEVADA,TOTAL,"231,000",NEVADA,ANNUAL,"CORN, SILAGE - PRODUCTION, MEASURED IN TONS",YEAR,SILAGE,,,00000000,PRODUCTION,SURVEY,2023,UNITED STATES,STATE,TONS,,ALL PRODUCTION PRACTICES,,32,00,00,9000,,32,,2024-09-30 12:00:00.000,NV
,NOT SPECIFIED,FIELD CROPS,,CROPS,ALL CLASSES,,,CORN,,NEVADA,TOTAL,"242,000",NEVADA,ANNUAL,"CORN, SILAGE - PRODUCTION, MEASURED IN TONS",YEAR,SILAGE,,,00000000,PRODUCTION,SURVEY,2022,UNITED STATES,STATE,TONS,,ALL PRODUCTION PRACTICES,,32,00,00,9000,,32,,2024-01-09 15:00:00.000,NV
,NOT SPECIFIED,FIELD CROPS,,CROPS,ALL CLASSES,,,CORN,,NEVADA,TOTAL,"338,000",NEVADA,ANNUAL,"CORN, SILAGE - PRODUCTION, MEASURED IN TONS",YEAR,SILAGE,,,00000000,PRODUCTION,SURVEY,2021,UNITED STATES,STATE,TONS,,ALL PRODUCTION PRACTICES,,32,00,00,9000,,32,,2024-01-09 15:00:00.000,NV
,NOT SPECIFIED,FIELD CROPS,,CROPS,ALL CLASSES,,,CORN,,NEVADA,TOTAL,"338,000",NEVADA,ANNUAL,"CORN, SILAGE - PRODUCTION, MEASURED IN TONS",YEAR,SILAGE,,,00000000,PRODUCTION,SURVEY,2020,UNITED STATES,STATE,TONS,,ALL PRODUCTION PRACTICES,,32,00,00,9000,,32,,2024-01-09 15:00:00.000,NV
,NOT SPECIFIED,FIELD CROPS,,CROPS,ALL CLASSES,,,CORN,,NEVADA,TOTAL,"300,000",NEVADA,ANNUAL,"CORN, SILAGE - PRODUCTION, MEASURED IN TONS",YEAR,SILAGE,,,00000000,PRODUCTION,SURVEY,2019,UNITED STATES,STATE,TONS,,ALL PRODUCTION PRACTICES,,32,00,00,9000,,32,,2024-01-09 15:00:00.000,NV
,NOT SPECIFIED,FIELD CROPS,,CROPS,ALL CLASSES,,,CORN,,NEVADA,TOTAL,"182,000",NEVADA,ANNUAL,"CORN, SILAGE - PRODUCTION, MEASURED IN TONS",YEAR,SILAGE,,,00000000,PRODUCTION,SURVEY,2018,UNITED STATES,STATE,TONS,,ALL PRODUCTION PRACTICES,,32,00,00,9000,,32,,2024-01-09 15:00:00.000,NV
,NOT SPECIFIED,FIELD CROPS,,CROPS,ALL CLASSES,,,CORN,,NEVADA,TOTAL,"240,000",NEVADA,ANNUAL,"CORN, SILAGE - PRODUCTION, MEASURED IN TONS",YEAR,SILAGE,,,00000000,PRODUCTION,SURVEY,2017,UNITED STATES,STATE,TONS,,ALL PRODUCTION PRACTICES,,32,00,00,9000,,32,,2019-02-06 15:00:06.000,NV
,NOT SPECIFIED,FIELD CROPS,,CROPS,ALL CLASSES,,,CORN,,NEVADA,TOTAL,"168,000",NEVADA,ANNUAL,"CORN, SILAGE - PRODUCTION, MEASURED IN TONS",YEAR,SILAGE,,,00000000,PRODUCTION,SURVEY,2016,UNITED STATES,STATE,TONS,,ALL PRODUCTION PRACTICES,,32,00,00,9000,,32,,2019-02-06 15:00:06.000,NV
,NOT SPECIFIED,FIELD CROPS,,CROPS,ALL CLASSES,,,CORN,,NEVADA,TOTAL,"48,000",NEVADA,ANNUAL,"CORN, SILAGE - PRODUCTION, MEASURED IN TONS",YEAR,SILAGE,,,00000000,PRODUCTION,SURVEY,2015,UNITED STATES,STATE,TONS,,ALL PRODUCTION PRACTICES,,32,00,00,9000,,32,,2019-02-06 15:00:06.000,NV
,NOT SPECIFIED,FIELD CROPS,,CROPS,ALL CLASSES,,,CORN,,NEW HAMPSHIRE,TOTAL,"170,000",NEW HAMPSHIRE,ANNUAL,"CORN, SILAGE - PRODUCTION, MEASURED IN TONS",YEAR,SILAGE,,,00000000,PRODUCTION,SURVEY,2025,UNITED STATES,STATE,TONS,,ALL PRODUCTION PRACTICES,,33,00,00,9000,,33,,2026-01-12 12:00:00.000,NH
,NOT SPECIFIED,FIELD CROPS,,CROPS,ALL CLASSES,,,CORN,,NEW HAMPSHIRE,TOTAL,"231,000",NEW HAMPSHIRE,ANNUAL,"CORN, SILAGE - PRODUCTION, MEASURED IN TONS",YEAR,SILAGE,,,00000000,PRODUCTION,SURVEY,2024,UNITED STATES,STATE,TONS,,ALL PRODUCTION PRACTICES,,33,00,00,9000,,33,,2025-09-30 12:00:00.000,NH
,NOT SPECIFIED,FIELD CROPS,,CROPS,ALL CLASSES,,,CORN,,NEW HAMPSHIRE,TOTAL,"216,000",NEW HAMPSHIRE,ANNUAL,"CORN, SILAGE - PRODUCTION, MEASURED IN TONS",YEAR,SILAGE,,,00000000,PRODUCTION,SURVEY,2023,UNITED STATES,STATE,TONS,,ALL PRODUCTION PRACTICES,,33,00,00,9000,,33,,2024-09-30 12:00:00.000,NH
,NOT SPECIFIED,FIELD CROPS,,CROPS,ALL CLASSES,,,CORN,,NEW HAMPSHIRE,TOTAL,"209,000",NEW HAMPSHIRE,ANNUAL,"CORN, SILAGE - PRODUCTION, MEASURED IN TONS",YEAR,SILAGE,,,00000000,PRODUCTION,SURVEY,2022,UNITED STATES,STATE,TONS,,ALL PRODUCTION PRACTICES,,33,00,00,9000,,33,,2024-01-09 15:00:00.000,NH
,NOT SPECIFIED,FIELD CROPS,,CROPS,ALL CLASSES,,,CORN,,NEW HAMPSHIRE,TOTAL,"231,000",NEW HAMPSHIRE,ANNUAL,"CORN, SILAGE - PRODUCTION, MEASURED IN TONS",YEAR,SILAGE,,,00000000,PRODUCTION,SURVEY,2021,UNITED STATES,STATE,TONS,,ALL PRODUCTION PRACTICES,,33,00,00,9000,,33,,2024-01-09 15:00:00.000,NH
,NOT SPECIFIED,FIELD CROPS,,CROPS,ALL CLASSES,,,CORN,,NEW HAMPSHIRE,TOTAL,"240,000",NEW HAMPSHIRE,ANNUAL,"CORN, SILAGE - PRODUCTION, MEASURED IN TONS",YEAR,SILAGE,,,00000000,PRODUCTION,SURVEY,2020,UNITED STATES,STATE,TONS,,ALL PRODUCTION PRACTICES,,33,00,00,9000,,33,,2024-01-09 15:00:00.000,NH
,NOT SPECIFIED,FIELD CROPS,,CROPS,ALL CLASSES,,,CORN,,NEW HAMPSHIRE,TOTAL,"220,000",NEW HAMPSHIRE,ANNUAL,"CORN, SILAGE - PRODUCTION, MEASURED IN TONS",YEAR,SILAGE,,,00000000,PRODUCTION,SURVEY,2019,UNITED STATES,STATE,TONS,,ALL PRODUCTION PRACTICES,,33,00,00,9000,,33,,2024-01-09 15:00:00.000,NH
,NOT SPECIFIED,FIELD CROPS,,CROPS,ALL CLASSES,,,CORN,,NEW HAMPSHIRE,TOTAL,"252,000",NEW HAMPSHIRE,ANNUAL,"CORN, SILAGE - PRODUCTION, MEASURED IN TONS",YEAR,SILAGE,,,00000000,PRODUCTION,SURVEY,2018,UNITED STATES,STATE,TONS,,ALL PRODUCTION PRACTICES,,33,00,00,9000,,33,,2024-01-09 15:00:00.000,NH
,NOT SPECIFIED,FIELD CROPS,,CROPS,ALL CLASSES,,,CORN,,NEW HAMPSHIRE,TOTAL,"260,000",NEW HAMPSHIRE,ANNUAL,"CORN, SILAGE - PRODUCTION, MEASURED IN TONS",YEAR,SILAGE,,,00000000,PRODUCTION,SURVEY,2017,UNITED STATES,STATE,TONS,,ALL PRODUCTION PRACTICES,,33,00,00,9000,,33,,2019-02-06 15:00:06.000,NH
,NOT SPECIFIED,FIELD CROPS,,CROPS,ALL CLASSES,,,CORN,,NEW HAMPSHIRE,TOTAL,"280,000",NEW HAMPSHIRE,ANNUAL,"CORN, SILAGE - PRODUCTION, MEASURED IN TONS",YEAR,SILAGE,,,00000000,PRODUCTION,SURVEY,2016,UNITED STATES,STATE,TONS,,ALL PRODUCTION PRACTICES,,33,00,00,9000,,33,,2019-02-06 15:00:06.000,NH
,NOT SPECIFIED,FIELD CROPS,,CROPS,ALL CLASSES,,,CORN,,NEW HAMPSHIRE,TOTAL,"280,000",NEW HAMPSHIRE,ANNUAL,"CORN, SILAGE - PRODUCTION, MEASURED IN TONS",YEAR,SILAGE,,,00000000,PRODUCTION,SURVEY,2015,UNITED STATES,STATE,TONS,,ALL PRODUCTION PRACTICES,,33,00,00,9000,,33,,2019-02-06 15:00:06.000,NH
,NOT SPECIFIED,FIELD CROPS,,CROPS,ALL CLASSES,,,CORN,,NEW JERSEY,TOTAL,"140,000",NEW JERSEY,ANNUAL,"CORN, SILAGE - PRODUCTION, MEASURED IN TONS",YEAR,SILAGE,,,00000000,PRODUCTION,SURVEY,2025,UNITED STATES,STATE,TONS,,ALL PRODUCTION PRACTICES,,34,00,00,9000,,34,,2026-01-12 12:00:00.000,NJ
,NOT SPECIFIED,FIELD CROPS,,CROPS,ALL CLASSES,,,CORN,,NEW JERSEY,TOTAL,"85,000",NEW JERSEY,ANNUAL,"CORN, SILAGE - PRODUCTION, MEASURED IN TONS",YEAR,SILAGE,,,00000000,PRODUCTION,SURVEY,2024,UNITED STATES,STATE,TONS,,ALL PRODUCTION PRACTICES,,34,00,00,9000,,34,,2025-09-30 12:00:00.000,NJ
,NOT SPECIFIED,FIELD CROPS,,CROPS,ALL CLASSES,,,CORN,,NEW JERSEY,TOTAL,"108,000",NEW JERSEY,ANNUAL,"CORN, SILAGE - PRODUCTION, MEASURED IN TONS",YEAR,SILAGE,,,00000000,PRODUCTION,SURVEY,2023,UNITED STATES,STATE,TONS,,ALL PRODUCTION PRACTICES,,34,00,00,9000,,34,,2024-09-30 12:00:00.000,NJ
,NOT SPECIFIED,FIELD CROPS,,CROPS,ALL CLASSES,,,CORN,,NEW JERSEY,TOTAL,"96,000",NEW JERSEY,ANNUAL,"CORN, SILAGE - PRODUCTION, MEASURED IN TONS",YEAR,SILAGE,,,00000000,PRODUCTION,SURVEY,2022,UNITED STATES,STATE,TONS,,ALL PRODUCTION PRACTICES,,34,00,00,9000,,34,,2024-01-09 15:00:00.000,NJ
,NOT SPECIFIED,FIELD CROPS,,CROPS,ALL CLASSES,,,CORN,,NEW JERSEY,TOTAL,"100,000",NEW JERSEY,ANNUAL,"CORN, SILAGE - PRODUCTION, MEASURED IN TONS",YEAR,SILAGE,,,00000000,PRODUCTION,SURVEY,2021,UNITED STATES,STATE,TONS,,ALL PRODUCTION PRACTICES,,34,00,00,9000,,34,,2024-01-09 15:00:00.000,NJ
,NOT SPECIFIED,FIELD CROPS,,CROPS,ALL CLASSES,,,CORN,,NEW JERSEY,TOTAL,"120,000",NEW JERSEY,ANNUAL,"CORN, SILAGE - PRODUCTION, MEASURED IN TONS",YEAR,SILAGE,,,00000000,PRODUCTION,SURVEY,2020,UNITED STATES,STATE,TONS,,ALL PRODUCTION PRACTICES,,34,00,00,9000,,34,,2024-01-09 15:00:00.000,NJ
,NOT SPECIFIED,FIELD CROPS,,CROPS,ALL CLASSES,,,CORN,,NEW JERSEY,TOTAL,"154,000",NEW JERSEY,ANNUAL,"CORN, SILAGE - PRODUCTION, MEASURED IN TONS",YEAR,SILAGE,,,00000000,PRODUCTION,SURVEY,2019,UNITED STATES,STATE,TONS,,ALL PRODUCTION PRACTICES,,34,00,00,9000,,34,,2024-01-09 15:00:00.000,NJ
,NOT SPECIFIED,FIELD CROPS,,CROPS,ALL CLASSES,,,CORN,,NEW JERSEY,TOTAL,"114,000",NEW JERSEY,ANNUAL,"CORN, SILAGE - PRODUCTION, MEASURED IN TONS",YEAR,SILAGE,,,00000000,PRODUCTION,SURVEY,2018,UNITED STATES,STATE,TONS,,ALL PRODUCTION PRACTICES,,34,00,00,9000,,34,,2024-01-09 15:00:00.000,NJ
,NOT SPECIFIED,FIELD CROPS,,CROPS,ALL CLASSES,,,CORN,,NEW JERSEY,TOTAL,"117,000",NEW JERSEY,ANNUAL,"CORN, SILAGE - PRODUCTION, MEASURED IN TONS",YEAR,SILAGE,,,00000000,PRODUCTION,SURVEY,2017,UNITED STATES,STATE,TONS,,ALL PRODUCTION PRACTICES,,34,00,00,9000,,34,,2019-02-06 15:00:06.000,NJ
,NOT SPECIFIED,FIELD CROPS,,CROPS,ALL CLASSES,,,CORN,,NEW JERSEY,TOTAL,"80,000",NEW JERSEY,ANNUAL,"CORN, SILAGE - PRODUCTION, MEASURED IN TONS",YEAR,SILAGE,,,00000000,PRODUCTION,SURVEY,2016,UNITED STATES,STATE,TONS,,ALL PRODUCTION PRACTICES,,34,00,00,9000,,34,,2019-02-06 15:00:06.000,NJ
,NOT SPECIFIED,FIELD CROPS,,CROPS,ALL CLASSES,,,CORN,,NEW JERSEY,TOTAL,"147,000",NEW JERSEY,ANNUAL,"CORN, SILAGE - PRODUCTION, MEASURED IN TONS",YEAR,SILAGE,,,00000000,PRODUCTION,SURVEY,2015,UNITED STATES,STATE,TONS,,ALL PRODUCTION PRACTICES,,34,00,00,9000,,34,,2019-02-06 15:00:06.000,NJ
,NOT SPECIFIED,FIELD CROPS,,CROPS,ALL CLASSES,,,CORN,,NEW MEXICO,TOTAL,"1,357,000",NEW MEXICO,ANNUAL,"CORN, SILAGE - PRODUCTION, MEASURED IN TONS",YEAR,SILAGE,,,00000000,PRODUCTION,SURVEY,2025,UNITED STATES,STATE,TONS,,ALL PRODUCTION PRACTICES,,35,00,00,9000,,35,,2026-01-12 12:00:00.000,NM
,NOT SPECIFIED,FIELD CROPS,,CROPS,ALL CLASSES,,,CORN,,NEW MEXICO,TOTAL,"1,122,000",NEW MEXICO,ANNUAL,"CORN, SILAGE - PRODUCTION, MEASURED IN TONS",YEAR,SILAGE,,,00000000,PRODUCTION,SURVEY,2024,UNITED STATES,STATE,TONS,,ALL PRODUCTION PRACTICES,,35,00,00,9000,,35,,2025-09-30 12:00:00.000,NM
,NOT SPECIFIED,FIELD CROPS,,CROPS,ALL CLASSES,,,CORN,,NEW MEXICO,TOTAL,"1,449,000",NEW MEXICO,ANNUAL,"CORN, SILAGE - PRODUCTION, MEASURED IN TONS",YEAR,SILAGE,,,00000000,PRODUCTION,SURVEY,2023,UNITED STATES,STATE,TONS,,ALL PRODUCTION PRACTICES,,35,00,00,9000,,35,,2024-09-30 12:00:00.000,NM
,NOT SPECIFIED,FIELD CROPS,,CROPS,ALL CLASSES,,,CORN,,NEW MEXICO,TOTAL,"1,320,000",NEW MEXICO,ANNUAL,"CORN, SILAGE - PRODUCTION, MEASURED IN TONS",YEAR,SILAGE,,,00000000,PRODUCTION,SURVEY,2022,UNITED STATES,STATE,TONS,,ALL PRODUCTION PRACTICES,,35,00,00,9000,,35,,2024-01-09 15:00:00.000,NM
,NOT SPECIFIED,FIELD CROPS,,CROPS,ALL CLASSES,,,CORN,,NEW MEXICO,TOTAL,"2,080,000",NEW MEXICO,ANNUAL,"CORN, SILAGE - PRODUCTION, MEASURED IN TONS",YEAR,SILAGE,,,00000000,PRODUCTION,SURVEY,2021,UNITED STATES,STATE,TONS,,ALL PRODUCTION PRACTICES,,35,00,00,9000,,35,,2024-01-09 15:00:00.000,NM
,NOT SPECIFIED,FIELD CROPS,,CROPS,ALL CLASSES,,,CORN,,NEW MEXICO,TOTAL,"1,659,000",NEW MEXICO,ANNUAL,"CORN, SILAGE - PRODUCTION, MEASURED IN TONS",YEAR,SILAGE,,,00000000,PRODUCTION,SURVEY,2020,UNITED STATES,STATE,TONS,,ALL PRODUCTION PRACTICES,,35,00,00,9000,,35,,2024-01-09 15:00:00.000,NM
,NOT SPECIFIED,FIELD CROPS,,CROPS,ALL CLASSES,,,CORN,,NEW MEXICO,TOTAL,"1,860,000",NEW MEXICO,ANNUAL,"CORN, SILAGE - PRODUCTION, MEASURED IN TONS",YEAR,SILAGE,,,00000000,PRODUCTION,SURVEY,2019,UNITED STATES,STATE,TONS,,ALL PRODUCTION PRACTICES,,35,00,00,9000,,35,,2024-01-09 15:00:00.000,NM
,NOT SPECIFIED,FIELD CROPS,,CROPS,ALL CLASSES,,,CORN,,NEW MEXICO,TOTAL,"2,090,000",NEW MEXICO,ANNUAL,"CORN, SILAGE - PRODUCTION, MEASURED IN TONS",YEAR,SILAGE,,,00000000,PRODUCTION,SURVEY,2018,UNITED STATES,STATE,TONS,,ALL PRODUCTION PRACTICES,,35,00,00,9000,,35,,2024-01-09 15:00:00.000,NM
,NOT SPECIFIED,FIELD CROPS,,CROPS,ALL CLASSES,,,CORN,,NEW MEXICO,TOTAL,"2,000,000",NEW MEXICO,ANNUAL,"CORN, SILAGE - PRODUCTION, MEASURED IN TONS",YEAR,SILAGE,,,00000000,PRODUCTION,SURVEY,2017,UNITED STATES,STATE,TONS,,ALL PRODUCTION PRACTICES,,35,00,00,9000,,35,,2019-02-06 15:00:06.000,NM
,NOT SPECIFIED,FIELD CROPS,,CROPS,ALL CLASSES,,,CORN,,NEW MEXICO,TOTAL,"1,725,000",NEW MEXICO,ANNUAL,"CORN, SILAGE - PRODUCTION, MEASURED IN TONS",YEAR,SILAGE,,,00000000,PRODUCTION,SURVEY,2016,UNITED STATES,STATE,TONS,,ALL PRODUCTION PRACTICES,,35,00,00,9000,,35,,2019-02-06 15:00:06.000,NM
,NOT SPECIFIED,FIELD CROPS,,CROPS,ALL CLASSES,,,CORN,,NEW MEXICO,TOTAL,"2,075,000",NEW MEXICO,ANNUAL,"CORN, SILAGE - PRODUCTION, MEASURED IN TONS",YEAR,SILAGE,,,00000000,PRODUCTION,SURVEY,2015,UNITED STATES,STATE,TONS,,ALL PRODUCTION PRACTICES,,35,00,00,9000,,35,,2019-02-06 15:00:06.000,NM
,NOT SPECIFIED,FIELD CROPS,,CROPS,ALL CLASSES,,,CORN,,NEW YORK,TOTAL,"8,500,000",NEW YORK,ANNUAL,"CORN, SILAGE - PRODUCTION, MEASURED IN TONS",YEAR,SILAGE,,,00000000,PRODUCTION,SURVEY,2025,UNITED STATES,STATE,TONS,,ALL PRODUCTION PRACTICES,,36,00,00,9000,,36,,2026-01-12 12:00:00.000,NY
,NOT SPECIFIED,FIELD CROPS,,CROPS,ALL CLASSES,,,CORN,,NEW YORK,TOTAL,"8,645,000",NEW YORK,ANNUAL,"CORN, SILAGE - PRODUCTION, MEASURED IN TONS",YEAR,SILAGE,,,00000000,PRODUCTION,SURVEY,2024,UNITED STATES,STATE,TONS,,ALL PRODUCTION PRACTICES,,36,00,00,9000,,36,,2025-09-30 12:00:00.000,NY
,NOT SPECIFIED,FIELD CROPS,,CROPS,ALL CLASSES,,,CORN,,NEW YORK,TOTAL,"8,600,000",NEW YORK,ANNUAL,"CORN, SILAGE - PRODUCTION, MEASURED IN TONS",YEAR,SILAGE,,,00000000,PRODUCTION,SURVEY,2023,UNITED STATES,STATE,TONS,,ALL PRODUCTION PRACTICES,,36,00,00,9000,,36,,2024-09-30 12:00:00.000,NY
,NOT SPECIFIED,FIELD CROPS,,CROPS,ALL CLASSES,,,CORN,,NEW YORK,TOTAL,"7,225,000",NEW YORK,ANNUAL,"CORN, SILAGE - PRODUCTION, MEASURED IN TONS",YEAR,SILAGE,,,00000000,PRODUCTION,SURVEY,2022,UNITED STATES,STATE,TONS,,ALL PRODUCTION PRACTICES,,36,00,00,9000,,36,,2024-01-09 15:00:00.000,NY
,NOT SPECIFIED,FIELD CROPS,,CROPS,ALL CLASSES,,,CORN,,NEW YORK,TOTAL,"8,360,000",NEW YORK,ANNUAL,"CORN, SILAGE - PRODUCTION, MEASURED IN TONS",YEAR,SILAGE,,,00000000,PRODUCTION,SURVEY,2021,UNITED STATES,STATE,TONS,,ALL PRODUCTION PRACTICES,,36,00,00,9000,,36,,2024-01-09 15:00:00.000,NY
,NOT SPECIFIED,FIELD CROPS,,CROPS,ALL CLASSES,,,CORN,,NEW YORK,TOTAL,"8,460,000",NEW YORK,ANNUAL,"CORN, SILAGE - PRODUCTION, MEASURED IN TONS",YEAR,SILAGE,,,00000000,PRODUCTION,SURVEY,2020,UNITED STATES,STATE,TONS,,ALL PRODUCTION PRACTICES,,36,00,00,9000,,36,,2024-01-09 15:00:00.000,NY
,NOT SPECIFIED,FIELD CROPS,,CROPS,ALL CLASSES,,,CORN,,NEW YORK,TOTAL,"7,830,000",NEW YORK,ANNUAL,"CORN, SILAGE - PRODUCTION, MEASURED IN TONS",YEAR,SILAGE,,,00000000,PRODUCTION,SURVEY,2019,UNITED STATES,STATE,TONS,,ALL PRODUCTION PRACTICES,,36,00,00,9000,,36,,2024-01-09 15:00:00.000,NY
,NOT SPECIFIED,FIELD CROPS,,CROPS,ALL CLASSES,,,CORN,,NEW YORK,TOTAL,"8,455,000",NEW YORK,ANNUAL,"CORN, SILAGE - PRODUCTION, MEASURED IN TONS",YEAR,SILAGE,,,00000000,PRODUCTION,SURVEY,2018,UNITED STATES,STATE,TONS,,ALL PRODUCTION PRACTICES,,36,00,00,9000,,36,,2024-01-09 15:00:00.000,NY
,NOT SPECIFIED,FIELD CROPS,,CROPS,ALL CLASSES,,,CORN,,NEW YORK,TOTAL,"8,910,000",NEW YORK,ANNUAL,"CORN, SILAGE - PRODUCTION, MEASURED IN TONS",YEAR,SILAGE,,,00000000,PRODUCTION,SURVEY,2017,UNITED STATES,STATE,TONS,,ALL PRODUCTION PRACTICES,,36,00,00,9000,,36,,2019-02-06 15:00:06.000,NY
,NOT SPECIFIED,FIELD CROPS,,CROPS,ALL CLASSES,,,CORN,,NEW YORK,TOTAL,"8,160,000",NEW YORK,ANNUAL,"CORN, SILAGE - PRODUCTION, MEASURED IN TONS",YEAR,SILAGE,,,00000000,PRODUCTION,SURVEY,2016,UNITED STATES,STATE,TONS,,ALL PRODUCTION PRACTICES,,36,00,00,9000,,36,,2019-02-06 15:00:06.000,NY
,NOT SPECIFIED,FIELD CROPS,,CROPS,ALL CLASSES,,,CORN,,NEW YORK,TOTAL,"8,160,000",NEW YORK,ANNUAL,"CORN, SILAGE - PRODUCTION, MEASURED IN TONS",YEAR,SILAGE,,,00000000,PRODUCTION,SURVEY,2015,UNITED STATES,STATE,TONS,,ALL PRODUCTION PRACTICES,,36,00,00,9000,,36,,2019-02-06 15:00:06.000,NY
,NOT SPECIFIED,FIELD CROPS,,CROPS,ALL CLASSES,,,CORN,,NORTH CAROLINA,TOTAL,"660,000",NORTH CAROLINA,ANNUAL,"CORN, SILAGE - PRODUCTION, MEASURED IN TONS",YEAR,SILAGE,,,00000000,PRODUCTION,SURVEY,2025,UNITED STATES,STATE,TONS,,ALL PRODUCTION PRACTICES,,37,00,00,9000,,37,,2026-01-12 12:00:00.000,NC
,NOT SPECIFIED,FIELD CROPS,,CROPS,ALL CLASSES,,,CORN,,NORTH CAROLINA,TOTAL,"240,000",NORTH CAROLINA,ANNUAL,"CORN, SILAGE - PRODUCTION, MEASURED IN TONS",YEAR,SILAGE,,,00000000,PRODUCTION,SURVEY,2024,UNITED STATES,STATE,TONS,,ALL PRODUCTION PRACTICES,,37,00,00,9000,,37,,2025-09-30 12:00:00.000,NC
,NOT SPECIFIED,FIELD CROPS,,CROPS,ALL CLASSES,,,CORN,,NORTH CAROLINA,TOTAL,"540,000",NORTH CAROLINA,ANNUAL,"CORN, SILAGE - PRODUCTION, MEASURED IN TONS",YEAR,SILAGE,,,00000000,PRODUCTION,SURVEY,2023,UNITED STATES,STATE,TONS,,ALL PRODUCTION PRACTICES,,37,00,00,9000,,37,,2024-09-30 12:00:00.000,NC
,NOT SPECIFIED,FIELD CROPS,,CROPS,ALL CLASSES,,,CORN,,NORTH CAROLINA,TOTAL,"420,000",NORTH CAROLINA,ANNUAL,"CORN, SILAGE - PRODUCTION, MEASURED IN TONS",YEAR,SILAGE,,,00000000,PRODUCTION,SURVEY,2022,UNITED STATES,STATE,TONS,,ALL PRODUCTION PRACTICES,,37,00,00,9000,,37,,2024-01-09 15:00:00.000,NC
,NOT SPECIFIED,FIELD CROPS,,CROPS,ALL CLASSES,,,CORN,,NORTH CAROLINA,TOTAL,"630,000",NORTH CAROLINA,ANNUAL,"CORN, SILAGE - PRODUCTION, MEASURED IN TONS",YEAR,SILAGE,,,00000000,PRODUCTION,SURVEY,2021,UNITED STATES,STATE,TONS,,ALL PRODUCTION PRACTICES,,37,00,00,9000,,37,,2024-01-09 15:00:00.000,NC
,NOT SPECIFIED,FIELD CROPS,,CROPS,ALL CLASSES,,,CORN,,NORTH CAROLINA,TOTAL,"560,000",NORTH CAROLINA,ANNUAL,"CORN, SILAGE - PRODUCTION, MEASURED IN TONS",YEAR,SILAGE,,,00000000,PRODUCTION,SURVEY,2020,UNITED STATES,STATE,TONS,,ALL PRODUCTION PRACTICES,,37,00,00,9000,,37,,2024-01-09 15:00:00.000,NC
,NOT SPECIFIED,FIELD CROPS,,CROPS,ALL CLASSES,,,CORN,,NORTH CAROLINA,TOTAL,"900,000",NORTH CAROLINA,ANNUAL,"CORN, SILAGE - PRODUCTION, MEASURED IN TONS",YEAR,SILAGE,,,00000000,PRODUCTION,SURVEY,2019,UNITED STATES,STATE,TONS,,ALL PRODUCTION PRACTICES,,37,00,00,9000,,37,,2024-01-09 15:00:00.000,NC
,NOT SPECIFIED,FIELD CROPS,,CROPS,ALL CLASSES,,,CORN,,NORTH CAROLINA,TOTAL,"800,000",NORTH CAROLINA,ANNUAL,"CORN, SILAGE - PRODUCTION, MEASURED IN TONS",YEAR,SILAGE,,,00000000,PRODUCTION,SURVEY,2018,UNITED STATES,STATE,TONS,,ALL PRODUCTION PRACTICES,,37,00,00,9000,,37,,2024-01-09 15:00:00.000,NC
,NOT SPECIFIED,FIELD CROPS,,CROPS,ALL CLASSES,,,CORN,,NORTH CAROLINA,TOTAL,"720,000",NORTH CAROLINA,ANNUAL,"CORN, SILAGE - PRODUCTION, MEASURED IN TONS",YEAR,SILAGE,,,00000000,PRODUCTION,SURVEY,2017,UNITED STATES,STATE,TONS,,ALL PRODUCTION PRACTICES,,37,00,00,9000,,37,,2019-02-06 15:00:06.000,NC
,NOT SPECIFIED,FIELD CROPS,,CROPS,ALL CLASSES,,,CORN,,NORTH CAROLINA,TOTAL,"620,000",NORTH CAROLINA,ANNUAL,"CORN, SILAGE - PRODUCTION, MEASURED IN TONS",YEAR,SILAGE,,,00000000,PRODUCTION,SURVEY,2016,UNITED STATES,STATE,TONS,,ALL PRODUCTION PRACTICES,,37,00,00,9000,,37,,2019-02-06 15:00:06.000,NC
,NOT SPECIFIED,FIELD CROPS,,CROPS,ALL CLASSES,,,CORN,,NORTH CAROLINA,TOTAL,"800,000",NORTH CAROLINA,ANNUAL,"CORN, SILAGE - PRODUCTION, MEASURED IN TONS",YEAR,SILAGE,,,00000000,PRODUCTION,SURVEY,2015,UNITED STATES,STATE,TONS,,ALL PRODUCTION PRACTICES,,37,00,00,9000,,37,,2019-02-06 15:00:06.000,NC
,NOT SPECIFIED,FIELD CROPS,,CROPS,ALL CLASSES,,,CORN,,NORTH DAKOTA,TOTAL,"3,230,000",NORTH DAKOTA,ANNUAL,"CORN, SILAGE - PRODUCTION, MEASURED IN TONS",YEAR,SILAGE,,,00000000,PRODUCTION,SURVEY,2025,UNITED STATES,STATE,TONS,,ALL PRODUCTION PRACTICES,,38,00,00,9000,,38,,2026-01-12 12:00:00.000,ND
,NOT SPECIFIED,FIELD CROPS,,CROPS,ALL CLASSES,,,CORN,,NORTH DAKOTA,TOTAL,"3,900,000",NORTH DAKOTA,ANNUAL,"CORN, SILAGE - PRODUCTION, MEASURED IN TONS",YEAR,SILAGE,,,00000000,PRODUCTION,SURVEY,2024,UNITED STATES,STATE,TONS,,ALL PRODUCTION PRACTICES,,38,00,00,9000,,38,,2025-09-30 12:00:00.000,ND
,NOT SPECIFIED,FIELD CROPS,,CROPS,ALL CLASSES,,,CORN,,NORTH DAKOTA,TOTAL,"3,500,000",NORTH DAKOTA,ANNUAL,"CORN, SILAGE - PRODUCTION, MEASURED IN TONS",YEAR,SILAGE,,,00000000,PRODUCTION,SURVEY,2023,UNITED STATES,STATE,TONS,,ALL PRODUCTION PRACTICES,,38,00,00,9000,,38,,2024-09-30 12:00:00.000,ND
,NOT SPECIFIED,FIELD CROPS,,CROPS,ALL CLASSES,,,CORN,,NORTH DAKOTA,TOTAL,"3,450,000",NORTH DAKOTA,ANNUAL,"CORN, SILAGE - PRODUCTION, MEASURED IN TONS",YEAR,SILAGE,,,00000000,PRODUCTION,SURVEY,2022,UNITED STATES,STATE,TONS,,ALL PRODUCTION PRACTICES,,38,00,00,9000,,38,,2024-01-09 15:00:00.000,ND
,NOT SPECIFIED,FIELD CROPS,,CROPS,ALL CLASSES,,,CORN,,NORTH DAKOTA,TOTAL,"1,875,000",NORTH DAKOTA,ANNUAL,"CORN, SILAGE - PRODUCTION, MEASURED IN TONS",YEAR,SILAGE,,,00000000,PRODUCTION,SURVEY,2021,UNITED STATES,STATE,TONS,,ALL PRODUCTION PRACTICES,,38,00,00,9000,,38,,2024-01-09 15:00:00.000,ND
,NOT SPECIFIED,FIELD CROPS,,CROPS,ALL CLASSES,,,CORN,,NORTH DAKOTA,TOTAL,"2,248,000",NORTH DAKOTA,ANNUAL,"CORN, SILAGE - PRODUCTION, MEASURED IN TONS",YEAR,SILAGE,,,00000000,PRODUCTION,SURVEY,2020,UNITED STATES,STATE,TONS,,ALL PRODUCTION PRACTICES,,38,00,00,9000,,38,,2024-01-09 15:00:00.000,ND
,NOT SPECIFIED,FIELD CROPS,,CROPS,ALL CLASSES,,,CORN,,NORTH DAKOTA,TOTAL,"2,730,000",NORTH DAKOTA,ANNUAL,"CORN, SILAGE - PRODUCTION, MEASURED IN TONS",YEAR,SILAGE,,,00000000,PRODUCTION,SURVEY,2019,UNITED STATES,STATE,TONS,,ALL PRODUCTION PRACTICES,,38,00,00,9000,,38,,2024-01-09 15:00:00.000,ND
,NOT SPECIFIED,FIELD CROPS,,CROPS,ALL CLASSES,,,CORN,,NORTH DAKOTA,TOTAL,"2,550,000",NORTH DAKOTA,ANNUAL,"CORN, SILAGE - PRODUCTION, MEASURED IN TONS",YEAR,SILAGE,,,00000000,PRODUCTION,SURVEY,2018,UNITED STATES,STATE,TONS,,ALL PRODUCTION PRACTICES,,38,00,00,9000,,38,,2024-01-09 15:00:00.000,ND
,NOT SPECIFIED,FIELD CROPS,,CROPS,ALL CLASSES,,,CORN,,NORTH DAKOTA,TOTAL,"1,600,000",NORTH DAKOTA,ANNUAL,"CORN, SILAGE - PRODUCTION, MEASURED IN TONS",YEAR,SILAGE,,,00000000,PRODUCTION,SURVEY,2017,UNITED STATES,STATE,TONS,,ALL PRODUCTION PRACTICES,,38,00,00,9000,,38,,2019-02-06 15:00:06.000,ND
,NOT SPECIFIED,FIELD CROPS,,CROPS,ALL CLASSES,,,CORN,,NORTH DAKOTA,TOTAL,"2,625,000",NORTH DAKOTA,ANNUAL,"CORN, SILAGE - PRODUCTION, MEASURED IN TONS",YEAR,SILAGE,,,00000000,PRODUCTION,SURVEY,2016,UNITED STATES,STATE,TONS,,ALL PRODUCTION PRACTICES,,38,00,00,9000,,38,,2019-02-06 15:00:06.000,ND
,NOT SPECIFIED,FIELD CROPS,,CROPS,ALL CLASSES,,,CORN,,NORTH DAKOTA,TOTAL,"2,100,000",NORTH DAKOTA,ANNUAL,"CORN, SILAGE - PRODUCTION, MEASURED IN TONS",YEAR,SILAGE,,,00000000,PRODUCTION,SURVEY,2015,UNITED STATES,STATE,TONS,,ALL PRODUCTION PRACTICES,,38,00,00,9000,,38,,2019-02-06 15:00:06.000,ND
,NOT SPECIFIED,FIELD CROPS,,CROPS,ALL CLASSES,,,CORN,,OHIO,TOTAL,"4,400,000",OHIO,ANNUAL,"CORN, SILAGE - PRODUCTION, MEASURED IN TONS",YEAR,SILAGE,,,00000000,PRODUCTION,SURVEY,2025,UNITED STATES,STATE,TONS,,ALL PRODUCTION PRACTICES,,39,00,00,9000,,39,,2026-01-12 12:00:00.000,OH
,NOT SPECIFIED,FIELD CROPS,,CROPS,ALL CLASSES,,,CORN,,OHIO,TOTAL,"3,200,000",OHIO,ANNUAL,"CORN, SILAGE - PRODUCTION, MEASURED IN TONS",YEAR,SILAGE,,,00000000,PRODUCTION,SURVEY,2024,UNITED STATES,STATE,TONS,,ALL PRODUCTION PRACTICES,,39,00,00,9000,,39,,2025-09-30 12:00:00.000,OH
,NOT SPECIFIED,FIELD CROPS,,CROPS,ALL CLASSES,,,CORN,,OHIO,TOTAL,"3,360,000",OHIO,ANNUAL,"CORN, SILAGE - PRODUCTION, MEASURED IN TONS",YEAR,SILAGE,,,00000000,PRODUCTION,SURVEY,2023,UNITED STATES,STATE,TONS,,ALL PRODUCTION PRACTICES,,39,00,00,9000,,39,,2024-09-30 12:00:00.000,OH
,NOT SPECIFIED,FIELD CROPS,,CROPS,ALL CLASSES,,,CORN,,OHIO,TOTAL,"3,740,000",OHIO,ANNUAL,"CORN, SILAGE - PRODUCTION, MEASURED IN TONS",YEAR,SILAGE,,,00000000,PRODUCTION,SURVEY,2022,UNITED STATES,STATE,TONS,,ALL PRODUCTION PRACTICES,,39,00,00,9000,,39,,2024-01-09 15:00:00.000,OH
,NOT SPECIFIED,FIELD CROPS,,CROPS,ALL CLASSES,,,CORN,,OHIO,TOTAL,"3,200,000",OHIO,ANNUAL,"CORN, SILAGE - PRODUCTION, MEASURED IN TONS",YEAR,SILAGE,,,00000000,PRODUCTION,SURVEY,2021,UNITED STATES,STATE,TONS,,ALL PRODUCTION PRACTICES,,39,00,00,9000,,39,,2024-01-09 15:00:00.000,OH
,NOT SPECIFIED,FIELD CROPS,,CROPS,ALL CLASSES,,,CORN,,OHIO,TOTAL,"4,200,000",OHIO,ANNUAL,"CORN, SILAGE - PRODUCTION, MEASURED IN TONS",YEAR,SILAGE,,,00000000,PRODUCTION,SURVEY,2020,UNITED STATES,STATE,TONS,,ALL PRODUCTION PRACTICES,,39,00,00,9000,,39,,2024-01-09 15:00:00.000,OH
,NOT SPECIFIED,FIELD CROPS,,CROPS,ALL CLASSES,,,CORN,,OHIO,TOTAL,"3,230,000",OHIO,ANNUAL,"CORN, SILAGE - PRODUCTION, MEASURED IN TONS",YEAR,SILAGE,,,00000000,PRODUCTION,SURVEY,2019,UNITED STATES,STATE,TONS,,ALL PRODUCTION PRACTICES,,39,00,00,9000,,39,,2024-01-09 15:00:00.000,OH
,NOT SPECIFIED,FIELD CROPS,,CROPS,ALL CLASSES,,,CORN,,OHIO,TOTAL,"3,200,000",OHIO,ANNUAL,"CORN, SILAGE - PRODUCTION, MEASURED IN TONS",YEAR,SILAGE,,,00000000,PRODUCTION,SURVEY,2018,UNITED STATES,STATE,TONS,,ALL PRODUCTION PRACTICES,,39,00,00,9000,,39,,2024-01-09 15:00:00.000,OH
,NOT SPECIFIED,FIELD CROPS,,CROPS,ALL CLASSES,,,CORN,,OHIO,TOTAL,"4,200,000",OHIO,ANNUAL,"CORN, SILAGE - PRODUCTION, MEASURED IN TONS",YEAR,SILAGE,,,00000000,PRODUCTION,SURVEY,2017,UNITED STATES,STATE,TONS,,ALL PRODUCTION PRACTICES,,39,00,00,9000,,39,,2019-02-06 15:00:06.000,OH
,NOT SPECIFIED,FIELD CROPS,,CROPS,ALL CLASSES,,,CORN,,OHIO,TOTAL,"3,255,000",OHIO,ANNUAL,"CORN, SILAGE - PRODUCTION, MEASURED IN TONS",YEAR,SILAGE,,,00000000,PRODUCTION,SURVEY,2016,UNITED STATES,STATE,TONS,,ALL PRODUCTION PRACTICES,,39,00,00,9000,,39,,2019-02-06 15:00:06.000,OH
,NOT SPECIFIED,FIELD CROPS,,CROPS,ALL CLASSES,,,CORN,,OHIO,TOTAL,"4,800,000",OHIO,ANNUAL,"CORN, SILAGE - PRODUCTION, MEASURED IN TONS",YEAR,SILAGE,,,00000000,PRODUCTION,SURVEY,2015,UNITED STATES,STATE,TONS,,ALL PRODUCTION PRACTICES,,39,00,00,9000,,39,,2019-02-06 15:00:06.000,OH
,NOT SPECIFIED,FIELD CROPS,,CROPS,ALL CLASSES,,,CORN,,OKLAHOMA,TOTAL,"350,000",OKLAHOMA,ANNUAL,"CORN, SILAGE - PRODUCTION, MEASURED IN TONS",YEAR,SILAGE,,,00000000,PRODUCTION,SURVEY,2025,UNITED STATES,STATE,TONS,,ALL PRODUCTION PRACTICES,,40,00,00,9000,,40,,2026-01-12 12:00:00.000,OK
,NOT SPECIFIED,FIELD CROPS,,CROPS,ALL CLASSES,,,CORN,,OKLAHOMA,TOTAL,"240,000",OKLAHOMA,ANNUAL,"CORN, SILAGE - PRODUCTION, MEASURED IN TONS",YEAR,SILAGE,,,00000000,PRODUCTION,SURVEY,2024,UNITED STATES,STATE,TONS,,ALL PRODUCTION PRACTICES,,40,00,00,9000,,40,,2025-09-30 12:00:00.000,OK
,NOT SPECIFIED,FIELD CROPS,,CROPS,ALL CLASSES,,,CORN,,OKLAHOMA,TOTAL,"420,000",OKLAHOMA,ANNUAL,"CORN, SILAGE - PRODUCTION, MEASURED IN TONS",YEAR,SILAGE,,,00000000,PRODUCTION,SURVEY,2023,UNITED STATES,STATE,TONS,,ALL PRODUCTION PRACTICES,,40,00,00,9000,,40,,2024-09-30 12:00:00.000,OK
,NOT SPECIFIED,FIELD CROPS,,CROPS,ALL CLASSES,,,CORN,,OKLAHOMA,TOTAL,"385,000",OKLAHOMA,ANNUAL,"CORN, SILAGE - PRODUCTION, MEASURED IN TONS",YEAR,SILAGE,,,00000000,PRODUCTION,SURVEY,2022,UNITED STATES,STATE,TONS,,ALL PRODUCTION PRACTICES,,40,00,00,9000,,40,,2024-01-09 15:00:00.000,OK
,NOT SPECIFIED,FIELD CROPS,,CROPS,ALL CLASSES,,,CORN,,OKLAHOMA,TOTAL,"300,000",OKLAHOMA,ANNUAL,"CORN, SILAGE - PRODUCTION, MEASURED IN TONS",YEAR,SILAGE,,,00000000,PRODUCTION,SURVEY,2021,UNITED STATES,STATE,TONS,,ALL PRODUCTION PRACTICES,,40,00,00,9000,,40,,2024-01-09 15:00:00.000,OK
,NOT SPECIFIED,FIELD CROPS,,CROPS,ALL CLASSES,,,CORN,,OKLAHOMA,TOTAL,"280,000",OKLAHOMA,ANNUAL,"CORN, SILAGE - PRODUCTION, MEASURED IN TONS",YEAR,SILAGE,,,00000000,PRODUCTION,SURVEY,2020,UNITED STATES,STATE,TONS,,ALL PRODUCTION PRACTICES,,40,00,00,9000,,40,,2024-01-09 15:00:00.000,OK
,NOT SPECIFIED,FIELD CROPS,,CROPS,ALL CLASSES,,,CORN,,OKLAHOMA,TOTAL,"260,000",OKLAHOMA,ANNUAL,"CORN, SILAGE - PRODUCTION, MEASURED IN TONS",YEAR,SILAGE,,,00000000,PRODUCTION,SURVEY,2019,UNITED STATES,STATE,TONS,,ALL PRODUCTION PRACTICES,,40,00,00,9000,,40,,2024-01-09 15:00:00.000,OK
,NOT SPECIFIED,FIELD CROPS,,CROPS,ALL CLASSES,,,CORN,,OKLAHOMA,TOTAL,"220,000",OKLAHOMA,ANNUAL,"CORN, SILAGE - PRODUCTION, MEASURED IN TONS",YEAR,SILAGE,,,00000000,PRODUCTION,SURVEY,2018,UNITED STATES,STATE,TONS,,ALL PRODUCTION PRACTICES,,40,00,00,9000,,40,,2024-01-09 15:00:00.000,OK
,NOT SPECIFIED,FIELD CROPS,,CROPS,ALL CLASSES,,,CORN,,OKLAHOMA,TOTAL,"400,000",OKLAHOMA,ANNUAL,"CORN, SILAGE - PRODUCTION, MEASURED IN TONS",YEAR,SILAGE,,,00000000,PRODUCTION,SURVEY,2017,UNITED STATES,STATE,TONS,,ALL PRODUCTION PRACTICES,,40,00,00,9000,,40,,2019-02-06 15:00:06.000,OK
,NOT SPECIFIED,FIELD CROPS,,CROPS,ALL CLASSES,,,CORN,,OKLAHOMA,TOTAL,"300,000",OKLAHOMA,ANNUAL,"CORN, SILAGE - PRODUCTION, MEASURED IN TONS",YEAR,SILAGE,,,00000000,PRODUCTION,SURVEY,2016,UNITED STATES,STATE,TONS,,ALL PRODUCTION PRACTICES,,40,00,00,9000,,40,,2019-02-06 15:00:06.000,OK
,NOT SPECIFIED,FIELD CROPS,,CROPS,ALL CLASSES,,,CORN,,OKLAHOMA,TOTAL,"255,000",OKLAHOMA,ANNUAL,"CORN, SILAGE - PRODUCTION, MEASURED IN TONS",YEAR,SILAGE,,,00000000,PRODUCTION,SURVEY,2015,UNITED STATES,STATE,TONS,,ALL PRODUCTION PRACTICES,,40,00,00,9000,,40,,2019-02-06 15:00:06.000,OK
,NOT SPECIFIED,FIELD CROPS,,CROPS,ALL CLASSES,,,CORN,,OREGON,TOTAL,"667,000",OREGON,ANNUAL,"CORN, SILAGE - PRODUCTION, MEASURED IN TONS",YEAR,SILAGE,,,00000000,PRODUCTION,SURVEY,2025,UNITED STATES,STATE,TONS,,ALL PRODUCTION PRACTICES,,41,00,00,9000,,41,,2026-01-12 12:00:00.000,OR
,NOT SPECIFIED,FIELD CROPS,,CROPS,ALL CLASSES,,,CORN,,OREGON,TOTAL,"1,058,000",OREGON,ANNUAL,"CORN, SILAGE - PRODUCTION, MEASURED IN TONS",YEAR,SILAGE,,,00000000,PRODUCTION,SURVEY,2024,UNITED STATES,STATE,TONS,,ALL PRODUCTION PRACTICES,,41,00,00,9000,,41,,2025-09-30 12:00:00.000,OR
,NOT SPECIFIED,FIELD CROPS,,CROPS,ALL CLASSES,,,CORN,,OREGON,TOTAL,"1,014,000",OREGON,ANNUAL,"CORN, SILAGE - PRODUCTION, MEASURED IN TONS",YEAR,SILAGE,,,00000000,PRODUCTION,SURVEY,2023,UNITED STATES,STATE,TONS,,ALL PRODUCTION PRACTICES,,41,00,00,9000,,41,,2024-09-30 12:00:00.000,OR
,NOT SPECIFIED,FIELD CROPS,,CROPS,ALL CLASSES,,,CORN,,OREGON,TOTAL,"952,000",OREGON,ANNUAL,"CORN, SILAGE - PRODUCTION, MEASURED IN TONS",YEAR,SILAGE,,,00000000,PRODUCTION,SURVEY,2022,UNITED STATES,STATE,TONS,,ALL PRODUCTION PRACTICES,,41,00,00,9000,,41,,2024-01-09 15:00:00.000,OR
,NOT SPECIFIED,FIELD CROPS,,CROPS,ALL CLASSES,,,CORN,,OREGON,TOTAL,"897,000",OREGON,ANNUAL,"CORN, SILAGE - PRODUCTION, MEASURED IN TONS",YEAR,SILAGE,,,00000000,PRODUCTION,SURVEY,2021,UNITED STATES,STATE,TONS,,ALL PRODUCTION PRACTICES,,41,00,00,9000,,41,,2024-01-09 15:00:00.000,OR
,NOT SPECIFIED,FIELD CROPS,,CROPS,ALL CLASSES,,,CORN,,OREGON,TOTAL,"782,000",OREGON,ANNUAL,"CORN, SILAGE - PRODUCTION, MEASURED IN TONS",YEAR,SILAGE,,,00000000,PRODUCTION,SURVEY,2020,UNITED STATES,STATE,TONS,,ALL PRODUCTION PRACTICES,,41,00,00,9000,,41,,2024-01-09 15:00:00.000,OR
,NOT SPECIFIED,FIELD CROPS,,CROPS,ALL CLASSES,,,CORN,,OREGON,TOTAL,"840,000",OREGON,ANNUAL,"CORN, SILAGE - PRODUCTION, MEASURED IN TONS",YEAR,SILAGE,,,00000000,PRODUCTION,SURVEY,2019,UNITED STATES,STATE,TONS,,ALL PRODUCTION PRACTICES,,41,00,00,9000,,41,,2024-01-09 15:00:00.000,OR
,NOT SPECIFIED,FIELD CROPS,,CROPS,ALL CLASSES,,,CORN,,OREGON,TOTAL,"782,000",OREGON,ANNUAL,"CORN, SILAGE - PRODUCTION, MEASURED IN TONS",YEAR,SILAGE,,,00000000,PRODUCTION,SURVEY,2018,UNITED STATES,STATE,TONS,,ALL PRODUCTION PRACTICES,,41,00,00,9000,,41,,2024-01-09 15:00:00.000,OR
,NOT SPECIFIED,FIELD CROPS,,CROPS,ALL CLASSES,,,CORN,,OREGON,TOTAL,"960,000",OREGON,ANNUAL,"CORN, SILAGE - PRODUCTION, MEASURED IN TONS",YEAR,SILAGE,,,00000000,PRODUCTION,SURVEY,2017,UNITED STATES,STATE,TONS,,ALL PRODUCTION PRACTICES,,41,00,00,9000,,41,,2019-02-06 15:00:06.000,OR
,NOT SPECIFIED,FIELD CROPS,,CROPS,ALL CLASSES,,,CORN,,OREGON,TOTAL,"1,080,000",OREGON,ANNUAL,"CORN, SILAGE - PRODUCTION, MEASURED IN TONS",YEAR,SILAGE,,,00000000,PRODUCTION,SURVEY,2016,UNITED STATES,STATE,TONS,,ALL PRODUCTION PRACTICES,,41,00,00,9000,,41,,2019-02-06 15:00:06.000,OR
,NOT SPECIFIED,FIELD CROPS,,CROPS,ALL CLASSES,,,CORN,,OREGON,TOTAL,"816,000",OREGON,ANNUAL,"CORN, SILAGE - PRODUCTION, MEASURED IN TONS",YEAR,SILAGE,,,00000000,PRODUCTION,SURVEY,2015,UNITED STATES,STATE,TONS,,ALL PRODUCTION PRACTICES,,41,00,00,9000,,41,,2019-02-06 15:00:06.000,OR
,NOT SPECIFIED,FIELD CROPS,,CROPS,ALL CLASSES,,,CORN,,PENNSYLVANIA,TOTAL,"6,300,000",PENNSYLVANIA,ANNUAL,"CORN, SILAGE - PRODUCTION, MEASURED IN TONS",YEAR,SILAGE,,,00000000,PRODUCTION,SURVEY,2025,UNITED STATES,STATE,TONS,,ALL PRODUCTION PRACTICES,,42,00,00,9000,,42,,2026-01-12 12:00:00.000,PA
,NOT SPECIFIED,FIELD CROPS,,CROPS,ALL CLASSES,,,CORN,,PENNSYLVANIA,TOTAL,"5,120,000",PENNSYLVANIA,ANNUAL,"CORN, SILAGE - PRODUCTION, MEASURED IN TONS",YEAR,SILAGE,,,00000000,PRODUCTION,SURVEY,2024,UNITED STATES,STATE,TONS,,ALL PRODUCTION PRACTICES,,42,00,00,9000,,42,,2025-09-30 12:00:00.000,PA
,NOT SPECIFIED,FIELD CROPS,,CROPS,ALL CLASSES,,,CORN,,PENNSYLVANIA,TOTAL,"6,900,000",PENNSYLVANIA,ANNUAL,"CORN, SILAGE - PRODUCTION, MEASURED IN TONS",YEAR,SILAGE,,,00000000,PRODUCTION,SURVEY,2023,UNITED STATES,STATE,TONS,,ALL PRODUCTION PRACTICES,,42,00,00,9000,,42,,2024-09-30 12:00:00.000,PA
,NOT SPECIFIED,FIELD CROPS,,CROPS,ALL CLASSES,,,CORN,,PENNSYLVANIA,TOTAL,"6,120,000",PENNSYLVANIA,ANNUAL,"CORN, SILAGE - PRODUCTION, MEASURED IN TONS",YEAR,SILAGE,,,00000000,PRODUCTION,SURVEY,2022,UNITED STATES,STATE,TONS,,ALL PRODUCTION PRACTICES,,42,00,00,9000,,42,,2024-01-09 15:00:00.000,PA
,NOT SPECIFIED,FIELD CROPS,,CROPS,ALL CLASSES,,,CORN,,PENNSYLVANIA,TOTAL,"6,510,000",PENNSYLVANIA,ANNUAL,"CORN, SILAGE - PRODUCTION, MEASURED IN TONS",YEAR,SILAGE,,,00000000,PRODUCTION,SURVEY,2021,UNITED STATES,STATE,TONS,,ALL PRODUCTION PRACTICES,,42,00,00,9000,,42,,2024-01-09 15:00:00.000,PA
,NOT SPECIFIED,FIELD CROPS,,CROPS,ALL CLASSES,,,CORN,,PENNSYLVANIA,TOTAL,"7,410,000",PENNSYLVANIA,ANNUAL,"CORN, SILAGE - PRODUCTION, MEASURED IN TONS",YEAR,SILAGE,,,00000000,PRODUCTION,SURVEY,2020,UNITED STATES,STATE,TONS,,ALL PRODUCTION PRACTICES,,42,00,00,9000,,42,,2024-01-09 15:00:00.000,PA
,NOT SPECIFIED,FIELD CROPS,,CROPS,ALL CLASSES,,,CORN,,PENNSYLVANIA,TOTAL,"6,800,000",PENNSYLVANIA,ANNUAL,"CORN, SILAGE - PRODUCTION, MEASURED IN TONS",YEAR,SILAGE,,,00000000,PRODUCTION,SURVEY,2019,UNITED STATES,STATE,TONS,,ALL PRODUCTION PRACTICES,,42,00,00,9000,,42,,2024-01-09 15:00:00.000,PA
,NOT SPECIFIED,FIELD CROPS,,CROPS,ALL CLASSES,,,CORN,,PENNSYLVANIA,TOTAL,"6,840,000",PENNSYLVANIA,ANNUAL,"CORN, SILAGE - PRODUCTION, MEASURED IN TONS",YEAR,SILAGE,,,00000000,PRODUCTION,SURVEY,2018,UNITED STATES,STATE,TONS,,ALL PRODUCTION PRACTICES,,42,00,00,9000,,42,,2024-01-09 15:00:00.000,PA
,NOT SPECIFIED,FIELD CROPS,,CROPS,ALL CLASSES,,,CORN,,PENNSYLVANIA,TOTAL,"9,030,000",PENNSYLVANIA,ANNUAL,"CORN, SILAGE - PRODUCTION, MEASURED IN TONS",YEAR,SILAGE,,,00000000,PRODUCTION,SURVEY,2017,UNITED STATES,STATE,TONS,,ALL PRODUCTION PRACTICES,,42,00,00,9000,,42,,2019-02-06 15:00:06.000,PA
,NOT SPECIFIED,FIELD CROPS,,CROPS,ALL CLASSES,,,CORN,,PENNSYLVANIA,TOTAL,"7,700,000",PENNSYLVANIA,ANNUAL,"CORN, SILAGE - PRODUCTION, MEASURED IN TONS",YEAR,SILAGE,,,00000000,PRODUCTION,SURVEY,2016,UNITED STATES,STATE,TONS,,ALL PRODUCTION PRACTICES,,42,00,00,9000,,42,,2019-02-06 15:00:06.000,PA
,NOT SPECIFIED,FIELD CROPS,,CROPS,ALL CLASSES,,,CORN,,PENNSYLVANIA,TOTAL,"7,800,000",PENNSYLVANIA,ANNUAL,"CORN, SILAGE - PRODUCTION, MEASURED IN TONS",YEAR,SILAGE,,,00000000,PRODUCTION,SURVEY,2015,UNITED STATES,STATE,TONS,,ALL PRODUCTION PRACTICES,,42,00,00,9000,,42,,2019-02-06 15:00:06.000,PA
,NOT SPECIFIED,FIELD CROPS,,CROPS,ALL CLASSES,,,CORN,,RHODE ISLAND,TOTAL,"12,000",RHODE ISLAND,ANNUAL,"CORN, SILAGE - PRODUCTION, MEASURED IN TONS",YEAR,SILAGE,,,00000000,PRODUCTION,SURVEY,2025,UNITED STATES,STATE,TONS,,ALL PRODUCTION PRACTICES,,44,00,00,9000,,44,,2026-01-12 12:00:00.000,RI
,NOT SPECIFIED,FIELD CROPS,,CROPS,ALL CLASSES,,,CORN,,RHODE ISLAND,TOTAL,"18,000",RHODE ISLAND,ANNUAL,"CORN, SILAGE - PRODUCTION, MEASURED IN TONS",YEAR,SILAGE,,,00000000,PRODUCTION,SURVEY,2024,UNITED STATES,STATE,TONS,,ALL PRODUCTION PRACTICES,,44,00,00,9000,,44,,2025-09-30 12:00:00.000,RI
,NOT SPECIFIED,FIELD CROPS,,CROPS,ALL CLASSES,,,CORN,,RHODE ISLAND,TOTAL,"21,000",RHODE ISLAND,ANNUAL,"CORN, SILAGE - PRODUCTION, MEASURED IN TONS",YEAR,SILAGE,,,00000000,PRODUCTION,SURVEY,2023,UNITED STATES,STATE,TONS,,ALL PRODUCTION PRACTICES,,44,00,00,9000,,44,,2024-09-30 12:00:00.000,RI
,NOT SPECIFIED,FIELD CROPS,,CROPS,ALL CLASSES,,,CORN,,RHODE ISLAND,TOTAL,"16,000",RHODE ISLAND,ANNUAL,"CORN, SILAGE - PRODUCTION, MEASURED IN TONS",YEAR,SILAGE,,,00000000,PRODUCTION,SURVEY,2022,UNITED STATES,STATE,TONS,,ALL PRODUCTION PRACTICES,,44,00,00,9000,,44,,2024-01-09 15:00:00.000,RI
,NOT SPECIFIED,FIELD CROPS,,CROPS,ALL CLASSES,,,CORN,,RHODE ISLAND,TOTAL,"42,000",RHODE ISLAND,ANNUAL,"CORN, SILAGE - PRODUCTION, MEASURED IN TONS",YEAR,SILAGE,,,00000000,PRODUCTION,SURVEY,2021,UNITED STATES,STATE,TONS,,ALL PRODUCTION PRACTICES,,44,00,00,9000,,44,,2024-01-09 15:00:00.000,RI
,NOT SPECIFIED,FIELD CROPS,,CROPS,ALL CLASSES,,,CORN,,RHODE ISLAND,TOTAL,"26,000",RHODE ISLAND,ANNUAL,"CORN, SILAGE - PRODUCTION, MEASURED IN TONS",YEAR,SILAGE,,,00000000,PRODUCTION,SURVEY,2020,UNITED STATES,STATE,TONS,,ALL PRODUCTION PRACTICES,,44,00,00,9000,,44,,2024-01-09 15:00:00.000,RI
,NOT SPECIFIED,FIELD CROPS,,CROPS,ALL CLASSES,,,CORN,,RHODE ISLAND,TOTAL,"40,000",RHODE ISLAND,ANNUAL,"CORN, SILAGE - PRODUCTION, MEASURED IN TONS",YEAR,SILAGE,,,00000000,PRODUCTION,SURVEY,2019,UNITED STATES,STATE,TONS,,ALL PRODUCTION PRACTICES,,44,00,00,9000,,44,,2024-01-09 15:00:00.000,RI
,NOT SPECIFIED,FIELD CROPS,,CROPS,ALL CLASSES,,,CORN,,RHODE ISLAND,TOTAL,"42,000",RHODE ISLAND,ANNUAL,"CORN, SILAGE - PRODUCTION, MEASURED IN TONS",YEAR,SILAGE,,,00000000,PRODUCTION,SURVEY,2018,UNITED STATES,STATE,TONS,,ALL PRODUCTION PRACTICES,,44,00,00,9000,,44,,2024-01-09 15:00:00.000,RI
,NOT SPECIFIED,FIELD CROPS,,CROPS,ALL CLASSES,,,CORN,,RHODE ISLAND,TOTAL,"36,000",RHODE ISLAND,ANNUAL,"CORN, SILAGE - PRODUCTION, MEASURED IN TONS",YEAR,SILAGE,,,00000000,PRODUCTION,SURVEY,2017,UNITED STATES,STATE,TONS,,ALL PRODUCTION PRACTICES,,44,00,00,9000,,44,,2019-02-06 15:00:06.000,RI
,NOT SPECIFIED,FIELD CROPS,,CROPS,ALL CLASSES,,,CORN,,RHODE ISLAND,TOTAL,"37,000",RHODE ISLAND,ANNUAL,"CORN, SILAGE - PRODUCTION, MEASURED IN TONS",YEAR,SILAGE,,,00000000,PRODUCTION,SURVEY,2016,UNITED STATES,STATE,TONS,,ALL PRODUCTION PRACTICES,,44,00,00,9000,,44,,2019-02-06 15:00:06.000,RI
,NOT SPECIFIED,FIELD CROPS,,CROPS,ALL CLASSES,,,CORN,,RHODE ISLAND,TOTAL,"34,000",RHODE ISLAND,ANNUAL,"CORN, SILAGE - PRODUCTION, MEASURED IN TONS",YEAR,SILAGE,,,00000000,PRODUCTION,SURVEY,2015,UNITED STATES,STATE,TONS,,ALL PRODUCTION PRACTICES,,44,00,00,9000,,44,,2019-02-06 15:00:06.000,RI
,NOT SPECIFIED,FIELD CROPS,,CROPS,ALL CLASSES,,,CORN,,SOUTH CAROLINA,TOTAL,"114,000",SOUTH CAROLINA,ANNUAL,"CORN, SILAGE - PRODUCTION, MEASURED IN TONS",YEAR,SILAGE,,,00000000,PRODUCTION,SURVEY,2025,UNITED STATES,STATE,TONS,,ALL PRODUCTION PRACTICES,,45,00,00,9000,,45,,2026-01-12 12:00:00.000,SC
,NOT SPECIFIED,FIELD CROPS,,CROPS,ALL CLASSES,,,CORN,,SOUTH CAROLINA,TOTAL,"126,000",SOUTH CAROLINA,ANNUAL,"CORN, SILAGE - PRODUCTION, MEASURED IN TONS",YEAR,SILAGE,,,00000000,PRODUCTION,SURVEY,2024,UNITED STATES,STATE,TONS,,ALL PRODUCTION PRACTICES,,45,00,00,9000,,45,,2025-09-30 12:00:00.000,SC
,NOT SPECIFIED,FIELD CROPS,,CROPS,ALL CLASSES,,,CORN,,SOUTH CAROLINA,TOTAL,"152,000",SOUTH CAROLINA,ANNUAL,"CORN, SILAGE - PRODUCTION, MEASURED IN TONS",YEAR,SILAGE,,,00000000,PRODUCTION,SURVEY,2023,UNITED STATES,STATE,TONS,,ALL PRODUCTION PRACTICES,,45,00,00,9000,,45,,2024-09-30 12:00:00.000,SC
,NOT SPECIFIED,FIELD CROPS,,CROPS,ALL CLASSES,,,CORN,,SOUTH CAROLINA,TOTAL,"112,000",SOUTH CAROLINA,ANNUAL,"CORN, SILAGE - PRODUCTION, MEASURED IN TONS",YEAR,SILAGE,,,00000000,PRODUCTION,SURVEY,2022,UNITED STATES,STATE,TONS,,ALL PRODUCTION PRACTICES,,45,00,00,9000,,45,,2024-01-09 15:00:00.000,SC
,NOT SPECIFIED,FIELD CROPS,,CROPS,ALL CLASSES,,,CORN,,SOUTH CAROLINA,TOTAL,"228,000",SOUTH CAROLINA,ANNUAL,"CORN, SILAGE - PRODUCTION, MEASURED IN TONS",YEAR,SILAGE,,,00000000,PRODUCTION,SURVEY,2021,UNITED STATES,STATE,TONS,,ALL PRODUCTION PRACTICES,,45,00,00,9000,,45,,2024-01-09 15:00:00.000,SC
,NOT SPECIFIED,FIELD CROPS,,CROPS,ALL CLASSES,,,CORN,,SOUTH CAROLINA,TOTAL,"135,000",SOUTH CAROLINA,ANNUAL,"CORN, SILAGE - PRODUCTION, MEASURED IN TONS",YEAR,SILAGE,,,00000000,PRODUCTION,SURVEY,2020,UNITED STATES,STATE,TONS,,ALL PRODUCTION PRACTICES,,45,00,00,9000,,45,,2024-01-09 15:00:00.000,SC
,NOT SPECIFIED,FIELD CROPS,,CROPS,ALL CLASSES,,,CORN,,SOUTH CAROLINA,TOTAL,"182,000",SOUTH CAROLINA,ANNUAL,"CORN, SILAGE - PRODUCTION, MEASURED IN TONS",YEAR,SILAGE,,,00000000,PRODUCTION,SURVEY,2019,UNITED STATES,STATE,TONS,,ALL PRODUCTION PRACTICES,,45,00,00,9000,,45,,2024-01-09 15:00:00.000,SC
,NOT SPECIFIED,FIELD CROPS,,CROPS,ALL CLASSES,,,CORN,,SOUTH CAROLINA,TOTAL,"266,000",SOUTH CAROLINA,ANNUAL,"CORN, SILAGE - PRODUCTION, MEASURED IN TONS",YEAR,SILAGE,,,00000000,PRODUCTION,SURVEY,2018,UNITED STATES,STATE,TONS,,ALL PRODUCTION PRACTICES,,45,00,00,9000,,45,,2024-01-09 15:00:00.000,SC
,NOT SPECIFIED,FIELD CROPS,,CROPS,ALL CLASSES,,,CORN,,SOUTH CAROLINA,TOTAL,"288,000",SOUTH CAROLINA,ANNUAL,"CORN, SILAGE - PRODUCTION, MEASURED IN TONS",YEAR,SILAGE,,,00000000,PRODUCTION,SURVEY,2017,UNITED STATES,STATE,TONS,,ALL PRODUCTION PRACTICES,,45,00,00,9000,,45,,2019-02-06 15:00:06.000,SC
,NOT SPECIFIED,FIELD CROPS,,CROPS,ALL CLASSES,,,CORN,,SOUTH CAROLINA,TOTAL,"182,000",SOUTH CAROLINA,ANNUAL,"CORN, SILAGE - PRODUCTION, MEASURED IN TONS",YEAR,SILAGE,,,00000000,PRODUCTION,SURVEY,2016,UNITED STATES,STATE,TONS,,ALL PRODUCTION PRACTICES,,45,00,00,9000,,45,,2019-02-06 15:00:06.000,SC
,NOT SPECIFIED,FIELD CROPS,,CROPS,ALL CLASSES,,,CORN,,SOUTH CAROLINA,TOTAL,"182,000",SOUTH CAROLINA,ANNUAL,"CORN, SILAGE - PRODUCTION, MEASURED IN TONS",YEAR,SILAGE,,,00000000,PRODUCTION,SURVEY,2015,UNITED STATES,STATE,TONS,,ALL PRODUCTION PRACTICES,,45,00,00,9000,,45,,2019-02-06 15:00:06.000,SC
,NOT SPECIFIED,FIELD CROPS,,CROPS,ALL CLASSES,,,CORN,,SOUTH DAKOTA,TOTAL,"6,630,000",SOUTH DAKOTA,ANNUAL,"CORN, SILAGE - PRODUCTION, MEASURED IN TONS",YEAR,SILAGE,,,00000000,PRODUCTION,SURVEY,2025,UNITED STATES,STATE,TONS,,ALL PRODUCTION PRACTICES,,46,00,00,9000,,46,,2026-01-12 12:00:00.000,SD
,NOT SPECIFIED,FIELD CROPS,,CROPS,ALL CLASSES,,,CORN,,SOUTH DAKOTA,TOTAL,"6,150,000",SOUTH DAKOTA,ANNUAL,"CORN, SILAGE - PRODUCTION, MEASURED IN TONS",YEAR,SILAGE,,,00000000,PRODUCTION,SURVEY,2024,UNITED STATES,STATE,TONS,,ALL PRODUCTION PRACTICES,,46,00,00,9000,,46,,2025-09-30 12:00:00.000,SD
,NOT SPECIFIED,FIELD CROPS,,CROPS,ALL CLASSES,,,CORN,,SOUTH DAKOTA,TOTAL,"8,840,000",SOUTH DAKOTA,ANNUAL,"CORN, SILAGE - PRODUCTION, MEASURED IN TONS",YEAR,SILAGE,,,00000000,PRODUCTION,SURVEY,2023,UNITED STATES,STATE,TONS,,ALL PRODUCTION PRACTICES,,46,00,00,9000,,46,,2024-09-30 12:00:00.000,SD
,NOT SPECIFIED,FIELD CROPS,,CROPS,ALL CLASSES,,,CORN,,SOUTH DAKOTA,TOTAL,"6,600,000",SOUTH DAKOTA,ANNUAL,"CORN, SILAGE - PRODUCTION, MEASURED IN TONS",YEAR,SILAGE,,,00000000,PRODUCTION,SURVEY,2022,UNITED STATES,STATE,TONS,,ALL PRODUCTION PRACTICES,,46,00,00,9000,,46,,2024-01-09 15:00:00.000,SD
,NOT SPECIFIED,FIELD CROPS,,CROPS,ALL CLASSES,,,CORN,,SOUTH DAKOTA,TOTAL,"6,000,000",SOUTH DAKOTA,ANNUAL,"CORN, SILAGE - PRODUCTION, MEASURED IN TONS",YEAR,SILAGE,,,00000000,PRODUCTION,SURVEY,2021,UNITED STATES,STATE,TONS,,ALL PRODUCTION PRACTICES,,46,00,00,9000,,46,,2024-01-09 15:00:00.000,SD
,NOT SPECIFIED,FIELD CROPS,,CROPS,ALL CLASSES,,,CORN,,SOUTH DAKOTA,TOTAL,"6,480,000",SOUTH DAKOTA,ANNUAL,"CORN, SILAGE - PRODUCTION, MEASURED IN TONS",YEAR,SILAGE,,,00000000,PRODUCTION,SURVEY,2020,UNITED STATES,STATE,TONS,,ALL PRODUCTION PRACTICES,,46,00,00,9000,,46,,2024-01-09 15:00:00.000,SD
,NOT SPECIFIED,FIELD CROPS,,CROPS,ALL CLASSES,,,CORN,,SOUTH DAKOTA,TOTAL,"5,950,000",SOUTH DAKOTA,ANNUAL,"CORN, SILAGE - PRODUCTION, MEASURED IN TONS",YEAR,SILAGE,,,00000000,PRODUCTION,SURVEY,2019,UNITED STATES,STATE,TONS,,ALL PRODUCTION PRACTICES,,46,00,00,9000,,46,,2024-01-09 15:00:00.000,SD
,NOT SPECIFIED,FIELD CROPS,,CROPS,ALL CLASSES,,,CORN,,SOUTH DAKOTA,TOTAL,"5,940,000",SOUTH DAKOTA,ANNUAL,"CORN, SILAGE - PRODUCTION, MEASURED IN TONS",YEAR,SILAGE,,,00000000,PRODUCTION,SURVEY,2018,UNITED STATES,STATE,TONS,,ALL PRODUCTION PRACTICES,,46,00,00,9000,,46,,2024-01-09 15:00:00.000,SD
,NOT SPECIFIED,FIELD CROPS,,CROPS,ALL CLASSES,,,CORN,,SOUTH DAKOTA,TOTAL,"6,375,000",SOUTH DAKOTA,ANNUAL,"CORN, SILAGE - PRODUCTION, MEASURED IN TONS",YEAR,SILAGE,,,00000000,PRODUCTION,SURVEY,2017,UNITED STATES,STATE,TONS,,ALL PRODUCTION PRACTICES,,46,00,00,9000,,46,,2019-02-06 15:00:06.000,SD
,NOT SPECIFIED,FIELD CROPS,,CROPS,ALL CLASSES,,,CORN,,SOUTH DAKOTA,TOTAL,"7,350,000",SOUTH DAKOTA,ANNUAL,"CORN, SILAGE - PRODUCTION, MEASURED IN TONS",YEAR,SILAGE,,,00000000,PRODUCTION,SURVEY,2016,UNITED STATES,STATE,TONS,,ALL PRODUCTION PRACTICES,,46,00,00,9000,,46,,2019-02-06 15:00:06.000,SD
,NOT SPECIFIED,FIELD CROPS,,CROPS,ALL CLASSES,,,CORN,,SOUTH DAKOTA,TOTAL,"5,280,000",SOUTH DAKOTA,ANNUAL,"CORN, SILAGE - PRODUCTION, MEASURED IN TONS",YEAR,SILAGE,,,00000000,PRODUCTION,SURVEY,2015,UNITED STATES,STATE,TONS,,ALL PRODUCTION PRACTICES,,46,00,00,9000,,46,,2019-02-06 15:00:06.000,SD
,NOT SPECIFIED,FIELD CROPS,,CROPS,ALL CLASSES,,,CORN,,TENNESSEE,TOTAL,"665,000",TENNESSEE,ANNUAL,"CORN, SILAGE - PRODUCTION, MEASURED IN TONS",YEAR,SILAGE,,,00000000,PRODUCTION,SURVEY,2025,UNITED STATES,STATE,TONS,,ALL PRODUCTION PRACTICES,,47,00,00,9000,,47,,2026-01-12 12:00:00.000,TN
,NOT SPECIFIED,FIELD CROPS,,CROPS,ALL CLASSES,,,CORN,,TENNESSEE,TOTAL,"425,000",TENNESSEE,ANNUAL,"CORN, SILAGE - PRODUCTION, MEASURED IN TONS",YEAR,SILAGE,,,00000000,PRODUCTION,SURVEY,2024,UNITED STATES,STATE,TONS,,ALL PRODUCTION PRACTICES,,47,00,00,9000,,47,,2025-09-30 12:00:00.000,TN
,NOT SPECIFIED,FIELD CROPS,,CROPS,ALL CLASSES,,,CORN,,TENNESSEE,TOTAL,"600,000",TENNESSEE,ANNUAL,"CORN, SILAGE - PRODUCTION, MEASURED IN TONS",YEAR,SILAGE,,,00000000,PRODUCTION,SURVEY,2023,UNITED STATES,STATE,TONS,,ALL PRODUCTION PRACTICES,,47,00,00,9000,,47,,2024-09-30 12:00:00.000,TN
,NOT SPECIFIED,FIELD CROPS,,CROPS,ALL CLASSES,,,CORN,,TENNESSEE,TOTAL,"480,000",TENNESSEE,ANNUAL,"CORN, SILAGE - PRODUCTION, MEASURED IN TONS",YEAR,SILAGE,,,00000000,PRODUCTION,SURVEY,2022,UNITED STATES,STATE,TONS,,ALL PRODUCTION PRACTICES,,47,00,00,9000,,47,,2024-01-09 15:00:00.000,TN
,NOT SPECIFIED,FIELD CROPS,,CROPS,ALL CLASSES,,,CORN,,TENNESSEE,TOTAL,"665,000",TENNESSEE,ANNUAL,"CORN, SILAGE - PRODUCTION, MEASURED IN TONS",YEAR,SILAGE,,,00000000,PRODUCTION,SURVEY,2021,UNITED STATES,STATE,TONS,,ALL PRODUCTION PRACTICES,,47,00,00,9000,,47,,2024-01-09 15:00:00.000,TN
,NOT SPECIFIED,FIELD CROPS,,CROPS,ALL CLASSES,,,CORN,,TENNESSEE,TOTAL,"630,000",TENNESSEE,ANNUAL,"CORN, SILAGE - PRODUCTION, MEASURED IN TONS",YEAR,SILAGE,,,00000000,PRODUCTION,SURVEY,2020,UNITED STATES,STATE,TONS,,ALL PRODUCTION PRACTICES,,47,00,00,9000,,47,,2024-01-09 15:00:00.000,TN
,NOT SPECIFIED,FIELD CROPS,,CROPS,ALL CLASSES,,,CORN,,TENNESSEE,TOTAL,"800,000",TENNESSEE,ANNUAL,"CORN, SILAGE - PRODUCTION, MEASURED IN TONS",YEAR,SILAGE,,,00000000,PRODUCTION,SURVEY,2019,UNITED STATES,STATE,TONS,,ALL PRODUCTION PRACTICES,,47,00,00,9000,,47,,2024-01-09 15:00:00.000,TN
,NOT SPECIFIED,FIELD CROPS,,CROPS,ALL CLASSES,,,CORN,,TENNESSEE,TOTAL,"722,000",TENNESSEE,ANNUAL,"CORN, SILAGE - PRODUCTION, MEASURED IN TONS",YEAR,SILAGE,,,00000000,PRODUCTION,SURVEY,2018,UNITED STATES,STATE,TONS,,ALL PRODUCTION PRACTICES,,47,00,00,9000,,47,,2024-01-09 15:00:00.000,TN
,NOT SPECIFIED,FIELD CROPS,,CROPS,ALL CLASSES,,,CORN,,TENNESSEE,TOTAL,"660,000",TENNESSEE,ANNUAL,"CORN, SILAGE - PRODUCTION, MEASURED IN TONS",YEAR,SILAGE,,,00000000,PRODUCTION,SURVEY,2017,UNITED STATES,STATE,TONS,,ALL PRODUCTION PRACTICES,,47,00,00,9000,,47,,2019-02-06 15:00:06.000,TN
,NOT SPECIFIED,FIELD CROPS,,CROPS,ALL CLASSES,,,CORN,,TENNESSEE,TOTAL,"760,000",TENNESSEE,ANNUAL,"CORN, SILAGE - PRODUCTION, MEASURED IN TONS",YEAR,SILAGE,,,00000000,PRODUCTION,SURVEY,2016,UNITED STATES,STATE,TONS,,ALL PRODUCTION PRACTICES,,47,00,00,9000,,47,,2019-02-06 15:00:06.000,TN
,NOT SPECIFIED,FIELD CROPS,,CROPS,ALL CLASSES,,,CORN,,TENNESSEE,TOTAL,"720,000",TENNESSEE,ANNUAL,"CORN, SILAGE - PRODUCTION, MEASURED IN TONS",YEAR,SILAGE,,,00000000,PRODUCTION,SURVEY,2015,UNITED STATES,STATE,TONS,,ALL PRODUCTION PRACTICES,,47,00,00,9000,,47,,2019-02-06 15:00:06.000,TN
,NOT SPECIFIED,FIELD CROPS,,CROPS,ALL CLASSES,,,CORN,,TEXAS,TOTAL,"5,830,000",TEXAS,ANNUAL,"CORN, SILAGE - PRODUCTION, MEASURED IN TONS",YEAR,SILAGE,,,00000000,PRODUCTION,SURVEY,2025,UNITED STATES,STATE,TONS,,ALL PRODUCTION PRACTICES,,48,00,00,9000,,48,,2026-01-12 12:00:00.000,TX
,NOT SPECIFIED,FIELD CROPS,,CROPS,ALL CLASSES,,,CORN,,TEXAS,TOTAL,"2,880,000",TEXAS,ANNUAL,"CORN, SILAGE - PRODUCTION, MEASURED IN TONS",YEAR,SILAGE,,,00000000,PRODUCTION,SURVEY,2024,UNITED STATES,STATE,TONS,,ALL PRODUCTION PRACTICES,,48,00,00,9000,,48,,2025-09-30 12:00:00.000,TX
,NOT SPECIFIED,FIELD CROPS,,CROPS,ALL CLASSES,,,CORN,,TEXAS,TOTAL,"5,040,000",TEXAS,ANNUAL,"CORN, SILAGE - PRODUCTION, MEASURED IN TONS",YEAR,SILAGE,,,00000000,PRODUCTION,SURVEY,2023,UNITED STATES,STATE,TONS,,ALL PRODUCTION PRACTICES,,48,00,00,9000,,48,,2024-09-30 12:00:00.000,TX
,NOT SPECIFIED,FIELD CROPS,,CROPS,ALL CLASSES,,,CORN,,TEXAS,TOTAL,"3,900,000",TEXAS,ANNUAL,"CORN, SILAGE - PRODUCTION, MEASURED IN TONS",YEAR,SILAGE,,,00000000,PRODUCTION,SURVEY,2022,UNITED STATES,STATE,TONS,,ALL PRODUCTION PRACTICES,,48,00,00,9000,,48,,2024-01-09 15:00:00.000,TX
,NOT SPECIFIED,FIELD CROPS,,CROPS,ALL CLASSES,,,CORN,,TEXAS,TOTAL,"5,250,000",TEXAS,ANNUAL,"CORN, SILAGE - PRODUCTION, MEASURED IN TONS",YEAR,SILAGE,,,00000000,PRODUCTION,SURVEY,2021,UNITED STATES,STATE,TONS,,ALL PRODUCTION PRACTICES,,48,00,00,9000,,48,,2024-01-09 15:00:00.000,TX
,NOT SPECIFIED,FIELD CROPS,,CROPS,ALL CLASSES,,,CORN,,TEXAS,TOTAL,"4,860,000",TEXAS,ANNUAL,"CORN, SILAGE - PRODUCTION, MEASURED IN TONS",YEAR,SILAGE,,,00000000,PRODUCTION,SURVEY,2020,UNITED STATES,STATE,TONS,,ALL PRODUCTION PRACTICES,,48,00,00,9000,,48,,2024-01-09 15:00:00.000,TX
,NOT SPECIFIED,FIELD CROPS,,CROPS,ALL CLASSES,,,CORN,,TEXAS,TOTAL,"5,600,000",TEXAS,ANNUAL,"CORN, SILAGE - PRODUCTION, MEASURED IN TONS",YEAR,SILAGE,,,00000000,PRODUCTION,SURVEY,2019,UNITED STATES,STATE,TONS,,ALL PRODUCTION PRACTICES,,48,00,00,9000,,48,,2024-01-09 15:00:00.000,TX
,NOT SPECIFIED,FIELD CROPS,,CROPS,ALL CLASSES,,,CORN,,TEXAS,TOTAL,"4,320,000",TEXAS,ANNUAL,"CORN, SILAGE - PRODUCTION, MEASURED IN TONS",YEAR,SILAGE,,,00000000,PRODUCTION,SURVEY,2018,UNITED STATES,STATE,TONS,,ALL PRODUCTION PRACTICES,,48,00,00,9000,,48,,2024-01-09 15:00:00.000,TX
,NOT SPECIFIED,FIELD CROPS,,CROPS,ALL CLASSES,,,CORN,,TEXAS,TOTAL,"3,300,000",TEXAS,ANNUAL,"CORN, SILAGE - PRODUCTION, MEASURED IN TONS",YEAR,SILAGE,,,00000000,PRODUCTION,SURVEY,2017,UNITED STATES,STATE,TONS,,ALL PRODUCTION PRACTICES,,48,00,00,9000,,48,,2019-02-06 15:00:06.000,TX
,NOT SPECIFIED,FIELD CROPS,,CROPS,ALL CLASSES,,,CORN,,TEXAS,TOTAL,"4,250,000",TEXAS,ANNUAL,"CORN, SILAGE - PRODUCTION, MEASURED IN TONS",YEAR,SILAGE,,,00000000,PRODUCTION,SURVEY,2016,UNITED STATES,STATE,TONS,,ALL PRODUCTION PRACTICES,,48,00,00,9000,,48,,2019-02-06 15:00:06.000,TX
,NOT SPECIFIED,FIELD CROPS,,CROPS,ALL CLASSES,,,CORN,,TEXAS,TOTAL,"5,250,000",TEXAS,ANNUAL,"CORN, SILAGE - PRODUCTION, MEASURED IN TONS",YEAR,SILAGE,,,00000000,PRODUCTION,SURVEY,2015,UNITED STATES,STATE,TONS,,ALL PRODUCTION PRACTICES,,48,00,00,9000,,48,,2019-02-06 15:00:06.000,TX
,NOT SPECIFIED,FIELD CROPS,,CROPS,ALL CLASSES,,,CORN,,UTAH,TOTAL,"1,224,000",UTAH,ANNUAL,"CORN, SILAGE - PRODUCTION, MEASURED IN TONS",YEAR,SILAGE,,,00000000,PRODUCTION,SURVEY,2025,UNITED STATES,STATE,TONS,,ALL PRODUCTION PRACTICES,,49,00,00,9000,,49,,2026-01-12 12:00:00.000,UT
,NOT SPECIFIED,FIELD CROPS,,CROPS,ALL CLASSES,,,CORN,,UTAH,TOTAL,"1,150,000",UTAH,ANNUAL,"CORN, SILAGE - PRODUCTION, MEASURED IN TONS",YEAR,SILAGE,,,00000000,PRODUCTION,SURVEY,2024,UNITED STATES,STATE,TONS,,ALL PRODUCTION PRACTICES,,49,00,00,9000,,49,,2025-09-30 12:00:00.000,UT
,NOT SPECIFIED,FIELD CROPS,,CROPS,ALL CLASSES,,,CORN,,UTAH,TOTAL,"1,150,000",UTAH,ANNUAL,"CORN, SILAGE - PRODUCTION, MEASURED IN TONS",YEAR,SILAGE,,,00000000,PRODUCTION,SURVEY,2023,UNITED STATES,STATE,TONS,,ALL PRODUCTION PRACTICES,,49,00,00,9000,,49,,2024-09-30 12:00:00.000,UT
,NOT SPECIFIED,FIELD CROPS,,CROPS,ALL CLASSES,,,CORN,,UTAH,TOTAL,"1,080,000",UTAH,ANNUAL,"CORN, SILAGE - PRODUCTION, MEASURED IN TONS",YEAR,SILAGE,,,00000000,PRODUCTION,SURVEY,2022,UNITED STATES,STATE,TONS,,ALL PRODUCTION PRACTICES,,49,00,00,9000,,49,,2024-01-09 15:00:00.000,UT
,NOT SPECIFIED,FIELD CROPS,,CROPS,ALL CLASSES,,,CORN,,UTAH,TOTAL,"1,080,000",UTAH,ANNUAL,"CORN, SILAGE - PRODUCTION, MEASURED IN TONS",YEAR,SILAGE,,,00000000,PRODUCTION,SURVEY,2021,UNITED STATES,STATE,TONS,,ALL PRODUCTION PRACTICES,,49,00,00,9000,,49,,2024-01-09 15:00:00.000,UT
,NOT SPECIFIED,FIELD CROPS,,CROPS,ALL CLASSES,,,CORN,,UTAH,TOTAL,"1,196,000",UTAH,ANNUAL,"CORN, SILAGE - PRODUCTION, MEASURED IN TONS",YEAR,SILAGE,,,00000000,PRODUCTION,SURVEY,2020,UNITED STATES,STATE,TONS,,ALL PRODUCTION PRACTICES,,49,00,00,9000,,49,,2024-01-09 15:00:00.000,UT
,NOT SPECIFIED,FIELD CROPS,,CROPS,ALL CLASSES,,,CORN,,UTAH,TOTAL,"1,320,000",UTAH,ANNUAL,"CORN, SILAGE - PRODUCTION, MEASURED IN TONS",YEAR,SILAGE,,,00000000,PRODUCTION,SURVEY,2019,UNITED STATES,STATE,TONS,,ALL PRODUCTION PRACTICES,,49,00,00,9000,,49,,2024-01-09 15:00:00.000,UT
,NOT SPECIFIED,FIELD CROPS,,CROPS,ALL CLASSES,,,CORN,,UTAH,TOTAL,"1,035,000",UTAH,ANNUAL,"CORN, SILAGE - PRODUCTION, MEASURED IN TONS",YEAR,SILAGE,,,00000000,PRODUCTION,SURVEY,2018,UNITED STATES,STATE,TONS,,ALL PRODUCTION PRACTICES,,49,00,00,9000,,49,,2024-01-09 15:00:00.000,UT
,NOT SPECIFIED,FIELD CROPS,,CROPS,ALL CLASSES,,,CORN,,UTAH,TOTAL,"1,400,000",UTAH,ANNUAL,"CORN, SILAGE - PRODUCTION, MEASURED IN TONS",YEAR,SILAGE,,,00000000,PRODUCTION,SURVEY,2017,UNITED STATES,STATE,TONS,,ALL PRODUCTION PRACTICES,,49,00,00,9000,,49,,2019-02-06 15:00:06.000,UT
,NOT SPECIFIED,FIELD CROPS,,CROPS,ALL CLASSES,,,CORN,,UTAH,TOTAL,"1,176,000",UTAH,ANNUAL,"CORN, SILAGE - PRODUCTION, MEASURED IN TONS",YEAR,SILAGE,,,00000000,PRODUCTION,SURVEY,2016,UNITED STATES,STATE,TONS,,ALL PRODUCTION PRACTICES,,49,00,00,9000,,49,,2019-02-06 15:00:06.000,UT
,NOT SPECIFIED,FIELD CROPS,,CROPS,ALL CLASSES,,,CORN,,UTAH,TOTAL,"1,035,000",UTAH,ANNUAL,"CORN, SILAGE - PRODUCTION, MEASURED IN TONS",YEAR,SILAGE,,,00000000,PRODUCTION,SURVEY,2015,UNITED STATES,STATE,TONS,,ALL PRODUCTION PRACTICES,,49,00,00,9000,,49,,2019-02-06 15:00:06.000,UT
,NOT SPECIFIED,FIELD CROPS,,CROPS,ALL CLASSES,,,CORN,,VERMONT,TOTAL,"1,512,000",VERMONT,ANNUAL,"CORN, SILAGE - PRODUCTION, MEASURED IN TONS",YEAR,SILAGE,,,00000000,PRODUCTION,SURVEY,2025,UNITED STATES,STATE,TONS,,ALL PRODUCTION PRACTICES,,50,00,00,9000,,50,,2026-01-12 12:00:00.000,VT
,NOT SPECIFIED,FIELD CROPS,,CROPS,ALL CLASSES,,,CORN,,VERMONT,TOTAL,"1,615,000",VERMONT,ANNUAL,"CORN, SILAGE - PRODUCTION, MEASURED IN TONS",YEAR,SILAGE,,,00000000,PRODUCTION,SURVEY,2024,UNITED STATES,STATE,TONS,,ALL PRODUCTION PRACTICES,,50,00,00,9000,,50,,2025-09-30 12:00:00.000,VT
,NOT SPECIFIED,FIELD CROPS,,CROPS,ALL CLASSES,,,CORN,,VERMONT,TOTAL,"1,360,000",VERMONT,ANNUAL,"CORN, SILAGE - PRODUCTION, MEASURED IN TONS",YEAR,SILAGE,,,00000000,PRODUCTION,SURVEY,2023,UNITED STATES,STATE,TONS,,ALL PRODUCTION PRACTICES,,50,00,00,9000,,50,,2024-09-30 12:00:00.000,VT
,NOT SPECIFIED,FIELD CROPS,,CROPS,ALL CLASSES,,,CORN,,VERMONT,TOTAL,"1,558,000",VERMONT,ANNUAL,"CORN, SILAGE - PRODUCTION, MEASURED IN TONS",YEAR,SILAGE,,,00000000,PRODUCTION,SURVEY,2022,UNITED STATES,STATE,TONS,,ALL PRODUCTION PRACTICES,,50,00,00,9000,,50,,2024-01-09 15:00:00.000,VT
,NOT SPECIFIED,FIELD CROPS,,CROPS,ALL CLASSES,,,CORN,,VERMONT,TOTAL,"1,463,000",VERMONT,ANNUAL,"CORN, SILAGE - PRODUCTION, MEASURED IN TONS",YEAR,SILAGE,,,00000000,PRODUCTION,SURVEY,2021,UNITED STATES,STATE,TONS,,ALL PRODUCTION PRACTICES,,50,00,00,9000,,50,,2024-01-09 15:00:00.000,VT
,NOT SPECIFIED,FIELD CROPS,,CROPS,ALL CLASSES,,,CORN,,VERMONT,TOTAL,"1,520,000",VERMONT,ANNUAL,"CORN, SILAGE - PRODUCTION, MEASURED IN TONS",YEAR,SILAGE,,,00000000,PRODUCTION,SURVEY,2020,UNITED STATES,STATE,TONS,,ALL PRODUCTION PRACTICES,,50,00,00,9000,,50,,2024-01-09 15:00:00.000,VT
,NOT SPECIFIED,FIELD CROPS,,CROPS,ALL CLASSES,,,CORN,,VERMONT,TOTAL,"1,386,000",VERMONT,ANNUAL,"CORN, SILAGE - PRODUCTION, MEASURED IN TONS",YEAR,SILAGE,,,00000000,PRODUCTION,SURVEY,2019,UNITED STATES,STATE,TONS,,ALL PRODUCTION PRACTICES,,50,00,00,9000,,50,,2024-01-09 15:00:00.000,VT
,NOT SPECIFIED,FIELD CROPS,,CROPS,ALL CLASSES,,,CORN,,VERMONT,TOTAL,"1,501,000",VERMONT,ANNUAL,"CORN, SILAGE - PRODUCTION, MEASURED IN TONS",YEAR,SILAGE,,,00000000,PRODUCTION,SURVEY,2018,UNITED STATES,STATE,TONS,,ALL PRODUCTION PRACTICES,,50,00,00,9000,,50,,2024-01-09 15:00:00.000,VT
,NOT SPECIFIED,FIELD CROPS,,CROPS,ALL CLASSES,,,CORN,,VERMONT,TOTAL,"1,254,000",VERMONT,ANNUAL,"CORN, SILAGE - PRODUCTION, MEASURED IN TONS",YEAR,SILAGE,,,00000000,PRODUCTION,SURVEY,2017,UNITED STATES,STATE,TONS,,ALL PRODUCTION PRACTICES,,50,00,00,9000,,50,,2019-02-06 15:00:06.000,VT
,NOT SPECIFIED,FIELD CROPS,,CROPS,ALL CLASSES,,,CORN,,VERMONT,TOTAL,"1,700,000",VERMONT,ANNUAL,"CORN, SILAGE - PRODUCTION, MEASURED IN TONS",YEAR,SILAGE,,,00000000,PRODUCTION,SURVEY,2016,UNITED STATES,STATE,TONS,,ALL PRODUCTION PRACTICES,,50,00,00,9000,,50,,2019-02-06 15:00:06.000,VT
,NOT SPECIFIED,FIELD CROPS,,CROPS,ALL CLASSES,,,CORN,,VERMONT,TOTAL,"1,496,000",VERMONT,ANNUAL,"CORN, SILAGE - PRODUCTION, MEASURED IN TONS",YEAR,SILAGE,,,00000000,PRODUCTION,SURVEY,2015,UNITED STATES,STATE,TONS,,ALL PRODUCTION PRACTICES,,50,00,00,9000,,50,,2019-02-06 15:00:06.000,VT
,NOT SPECIFIED,FIELD CROPS,,CROPS,ALL CLASSES,,,CORN,,VIRGINIA,TOTAL,"2,100,000",VIRGINIA,ANNUAL,"CORN, SILAGE - PRODUCTION, MEASURED IN TONS",YEAR,SILAGE,,,00000000,PRODUCTION,SURVEY,2025,UNITED STATES,STATE,TONS,,ALL PRODUCTION PRACTICES,,51,00,00,9000,,51,,2026-01-12 12:00:00.000,VA
,NOT SPECIFIED,FIELD CROPS,,CROPS,ALL CLASSES,,,CORN,,VIRGINIA,TOTAL,"1,330,000",VIRGINIA,ANNUAL,"CORN, SILAGE - PRODUCTION, MEASURED IN TONS",YEAR,SILAGE,,,00000000,PRODUCTION,SURVEY,2024,UNITED STATES,STATE,TONS,,ALL PRODUCTION PRACTICES,,51,00,00,9000,,51,,2025-09-30 12:00:00.000,VA
,NOT SPECIFIED,FIELD CROPS,,CROPS,ALL CLASSES,,,CORN,,VIRGINIA,TOTAL,"1,700,000",VIRGINIA,ANNUAL,"CORN, SILAGE - PRODUCTION, MEASURED IN TONS",YEAR,SILAGE,,,00000000,PRODUCTION,SURVEY,2023,UNITED STATES,STATE,TONS,,ALL PRODUCTION PRACTICES,,51,00,00,9000,,51,,2024-09-30 12:00:00.000,VA
,NOT SPECIFIED,FIELD CROPS,,CROPS,ALL CLASSES,,,CORN,,VIRGINIA,TOTAL,"2,200,000",VIRGINIA,ANNUAL,"CORN, SILAGE - PRODUCTION, MEASURED IN TONS",YEAR,SILAGE,,,00000000,PRODUCTION,SURVEY,2022,UNITED STATES,STATE,TONS,,ALL PRODUCTION PRACTICES,,51,00,00,9000,,51,,2024-01-09 15:00:00.000,VA
,NOT SPECIFIED,FIELD CROPS,,CROPS,ALL CLASSES,,,CORN,,VIRGINIA,TOTAL,"2,125,000",VIRGINIA,ANNUAL,"CORN, SILAGE - PRODUCTION, MEASURED IN TONS",YEAR,SILAGE,,,00000000,PRODUCTION,SURVEY,2021,UNITED STATES,STATE,TONS,,ALL PRODUCTION PRACTICES,,51,00,00,9000,,51,,2024-01-09 15:00:00.000,VA
,NOT SPECIFIED,FIELD CROPS,,CROPS,ALL CLASSES,,,CORN,,VIRGINIA,TOTAL,"1,955,000",VIRGINIA,ANNUAL,"CORN, SILAGE - PRODUCTION, MEASURED IN TONS",YEAR,SILAGE,,,00000000,PRODUCTION,SURVEY,2020,UNITED STATES,STATE,TONS,,ALL PRODUCTION PRACTICES,,51,00,00,9000,,51,,2024-01-09 15:00:00.000,VA
,NOT SPECIFIED,FIELD CROPS,,CROPS,ALL CLASSES,,,CORN,,VIRGINIA,TOTAL,"2,565,000",VIRGINIA,ANNUAL,"CORN, SILAGE - PRODUCTION, MEASURED IN TONS",YEAR,SILAGE,,,00000000,PRODUCTION,SURVEY,2019,UNITED STATES,STATE,TONS,,ALL PRODUCTION PRACTICES,,51,00,00,9000,,51,,2024-01-09 15:00:00.000,VA
,NOT SPECIFIED,FIELD CROPS,,CROPS,ALL CLASSES,,,CORN,,VIRGINIA,TOTAL,"2,565,000",VIRGINIA,ANNUAL,"CORN, SILAGE - PRODUCTION, MEASURED IN TONS",YEAR,SILAGE,,,00000000,PRODUCTION,SURVEY,2018,UNITED STATES,STATE,TONS,,ALL PRODUCTION PRACTICES,,51,00,00,9000,,51,,2024-01-09 15:00:00.000,VA
,NOT SPECIFIED,FIELD CROPS,,CROPS,ALL CLASSES,,,CORN,,VIRGINIA,TOTAL,"2,430,000",VIRGINIA,ANNUAL,"CORN, SILAGE - PRODUCTION, MEASURED IN TONS",YEAR,SILAGE,,,00000000,PRODUCTION,SURVEY,2017,UNITED STATES,STATE,TONS,,ALL PRODUCTION PRACTICES,,51,00,00,9000,,51,,2019-02-06 15:00:06.000,VA
,NOT SPECIFIED,FIELD CROPS,,CROPS,ALL CLASSES,,,CORN,,VIRGINIA,TOTAL,"2,600,000",VIRGINIA,ANNUAL,"CORN, SILAGE - PRODUCTION, MEASURED IN TONS",YEAR,SILAGE,,,00000000,PRODUCTION,SURVEY,2016,UNITED STATES,STATE,TONS,,ALL PRODUCTION PRACTICES,,51,00,00,9000,,51,,2019-02-06 15:00:06.000,VA
,NOT SPECIFIED,FIELD CROPS,,CROPS,ALL CLASSES,,,CORN,,VIRGINIA,TOTAL,"2,625,000",VIRGINIA,ANNUAL,"CORN, SILAGE - PRODUCTION, MEASURED IN TONS",YEAR,SILAGE,,,00000000,PRODUCTION,SURVEY,2015,UNITED STATES,STATE,TONS,,ALL PRODUCTION PRACTICES,,51,00,00,9000,,51,,2019-02-06 15:00:06.000,VA
,NOT SPECIFIED,FIELD CROPS,,CROPS,ALL CLASSES,,,CORN,,WASHINGTON,TOTAL,"2,403,000",WASHINGTON,ANNUAL,"CORN, SILAGE - PRODUCTION, MEASURED IN TONS",YEAR,SILAGE,,,00000000,PRODUCTION,SURVEY,2025,UNITED STATES,STATE,TONS,,ALL PRODUCTION PRACTICES,,53,00,00,9000,,53,,2026-01-12 12:00:00.000,WA
,NOT SPECIFIED,FIELD CROPS,,CROPS,ALL CLASSES,,,CORN,,WASHINGTON,TOTAL,"2,626,000",WASHINGTON,ANNUAL,"CORN, SILAGE - PRODUCTION, MEASURED IN TONS",YEAR,SILAGE,,,00000000,PRODUCTION,SURVEY,2024,UNITED STATES,STATE,TONS,,ALL PRODUCTION PRACTICES,,53,00,00,9000,,53,,2025-09-30 12:00:00.000,WA
,NOT SPECIFIED,FIELD CROPS,,CROPS,ALL CLASSES,,,CORN,,WASHINGTON,TOTAL,"2,040,000",WASHINGTON,ANNUAL,"CORN, SILAGE - PRODUCTION, MEASURED IN TONS",YEAR,SILAGE,,,00000000,PRODUCTION,SURVEY,2023,UNITED STATES,STATE,TONS,,ALL PRODUCTION PRACTICES,,53,00,00,9000,,53,,2024-09-30 12:00:00.000,WA
,NOT SPECIFIED,FIELD CROPS,,CROPS,ALL CLASSES,,,CORN,,WASHINGTON,TOTAL,"1,375,000",WASHINGTON,ANNUAL,"CORN, SILAGE - PRODUCTION, MEASURED IN TONS",YEAR,SILAGE,,,00000000,PRODUCTION,SURVEY,2022,UNITED STATES,STATE,TONS,,ALL PRODUCTION PRACTICES,,53,00,00,9000,,53,,2024-01-09 15:00:00.000,WA
,NOT SPECIFIED,FIELD CROPS,,CROPS,ALL CLASSES,,,CORN,,WASHINGTON,TOTAL,"2,000,000",WASHINGTON,ANNUAL,"CORN, SILAGE - PRODUCTION, MEASURED IN TONS",YEAR,SILAGE,,,00000000,PRODUCTION,SURVEY,2021,UNITED STATES,STATE,TONS,,ALL PRODUCTION PRACTICES,,53,00,00,9000,,53,,2024-01-09 15:00:00.000,WA
,NOT SPECIFIED,FIELD CROPS,,CROPS,ALL CLASSES,,,CORN,,WASHINGTON,TOTAL,"2,860,000",WASHINGTON,ANNUAL,"CORN, SILAGE - PRODUCTION, MEASURED IN TONS",YEAR,SILAGE,,,00000000,PRODUCTION,SURVEY,2020,UNITED STATES,STATE,TONS,,ALL PRODUCTION PRACTICES,,53,00,00,9000,,53,,2024-01-09 15:00:00.000,WA
,NOT SPECIFIED,FIELD CROPS,,CROPS,ALL CLASSES,,,CORN,,WASHINGTON,TOTAL,"1,955,000",WASHINGTON,ANNUAL,"CORN, SILAGE - PRODUCTION, MEASURED IN TONS",YEAR,SILAGE,,,00000000,PRODUCTION,SURVEY,2019,UNITED STATES,STATE,TONS,,ALL PRODUCTION PRACTICES,,53,00,00,9000,,53,,2024-01-09 15:00:00.000,WA
,NOT SPECIFIED,FIELD CROPS,,CROPS,ALL CLASSES,,,CORN,,WASHINGTON,TOTAL,"2,080,000",WASHINGTON,ANNUAL,"CORN, SILAGE - PRODUCTION, MEASURED IN TONS",YEAR,SILAGE,,,00000000,PRODUCTION,SURVEY,2018,UNITED STATES,STATE,TONS,,ALL PRODUCTION PRACTICES,,53,00,00,9000,,53,,2024-01-09 15:00:00.000,WA
,NOT SPECIFIED,FIELD CROPS,,CROPS,ALL CLASSES,,,CORN,,WASHINGTON,TOTAL,"2,430,000",WASHINGTON,ANNUAL,"CORN, SILAGE - PRODUCTION, MEASURED IN TONS",YEAR,SILAGE,,,00000000,PRODUCTION,SURVEY,2017,UNITED STATES,STATE,TONS,,ALL PRODUCTION PRACTICES,,53,00,00,9000,,53,,2019-02-06 15:00:06.000,WA
,NOT SPECIFIED,FIELD CROPS,,CROPS,ALL CLASSES,,,CORN,,WASHINGTON,TOTAL,"2,210,000",WASHINGTON,ANNUAL,"CORN, SILAGE - PRODUCTION, MEASURED IN TONS",YEAR,SILAGE,,,00000000,PRODUCTION,SURVEY,2016,UNITED STATES,STATE,TONS,,ALL PRODUCTION PRACTICES,,53,00,00,9000,,53,,2019-02-06 15:00:06.000,WA
,NOT SPECIFIED,FIELD CROPS,,CROPS,ALL CLASSES,,,CORN,,WASHINGTON,TOTAL,"2,470,000",WASHINGTON,ANNUAL,"CORN, SILAGE - PRODUCTION, MEASURED IN TONS",YEAR,SILAGE,,,00000000,PRODUCTION,SURVEY,2015,UNITED STATES,STATE,TONS,,ALL PRODUCTION PRACTICES,,53,00,00,9000,,53,,2019-02-06 15:00:06.000,WA
,NOT SPECIFIED,FIELD CROPS,,CROPS,ALL CLASSES,,,CORN,,WEST VIRGINIA,TOTAL,"171,000",WEST VIRGINIA,ANNUAL,"CORN, SILAGE - PRODUCTION, MEASURED IN TONS",YEAR,SILAGE,,,00000000,PRODUCTION,SURVEY,2025,UNITED STATES,STATE,TONS,,ALL PRODUCTION PRACTICES,,54,00,00,9000,,54,,2026-01-12 12:00:00.000,WV
,NOT SPECIFIED,FIELD CROPS,,CROPS,ALL CLASSES,,,CORN,,WEST VIRGINIA,TOTAL,"108,000",WEST VIRGINIA,ANNUAL,"CORN, SILAGE - PRODUCTION, MEASURED IN TONS",YEAR,SILAGE,,,00000000,PRODUCTION,SURVEY,2024,UNITED STATES,STATE,TONS,,ALL PRODUCTION PRACTICES,,54,00,00,9000,,54,,2025-09-30 12:00:00.000,WV
,NOT SPECIFIED,FIELD CROPS,,CROPS,ALL CLASSES,,,CORN,,WEST VIRGINIA,TOTAL,"153,000",WEST VIRGINIA,ANNUAL,"CORN, SILAGE - PRODUCTION, MEASURED IN TONS",YEAR,SILAGE,,,00000000,PRODUCTION,SURVEY,2023,UNITED STATES,STATE,TONS,,ALL PRODUCTION PRACTICES,,54,00,00,9000,,54,,2024-09-30 12:00:00.000,WV
,NOT SPECIFIED,FIELD CROPS,,CROPS,ALL CLASSES,,,CORN,,WEST VIRGINIA,TOTAL,"189,000",WEST VIRGINIA,ANNUAL,"CORN, SILAGE - PRODUCTION, MEASURED IN TONS",YEAR,SILAGE,,,00000000,PRODUCTION,SURVEY,2022,UNITED STATES,STATE,TONS,,ALL PRODUCTION PRACTICES,,54,00,00,9000,,54,,2024-01-09 15:00:00.000,WV
,NOT SPECIFIED,FIELD CROPS,,CROPS,ALL CLASSES,,,CORN,,WEST VIRGINIA,TOTAL,"180,000",WEST VIRGINIA,ANNUAL,"CORN, SILAGE - PRODUCTION, MEASURED IN TONS",YEAR,SILAGE,,,00000000,PRODUCTION,SURVEY,2021,UNITED STATES,STATE,TONS,,ALL PRODUCTION PRACTICES,,54,00,00,9000,,54,,2024-01-09 15:00:00.000,WV
,NOT SPECIFIED,FIELD CROPS,,CROPS,ALL CLASSES,,,CORN,,WEST VIRGINIA,TOTAL,"209,000",WEST VIRGINIA,ANNUAL,"CORN, SILAGE - PRODUCTION, MEASURED IN TONS",YEAR,SILAGE,,,00000000,PRODUCTION,SURVEY,2020,UNITED STATES,STATE,TONS,,ALL PRODUCTION PRACTICES,,54,00,00,9000,,54,,2024-01-09 15:00:00.000,WV
,NOT SPECIFIED,FIELD CROPS,,CROPS,ALL CLASSES,,,CORN,,WEST VIRGINIA,TOTAL,"240,000",WEST VIRGINIA,ANNUAL,"CORN, SILAGE - PRODUCTION, MEASURED IN TONS",YEAR,SILAGE,,,00000000,PRODUCTION,SURVEY,2019,UNITED STATES,STATE,TONS,,ALL PRODUCTION PRACTICES,,54,00,00,9000,,54,,2024-01-09 15:00:00.000,WV
,NOT SPECIFIED,FIELD CROPS,,CROPS,ALL CLASSES,,,CORN,,WEST VIRGINIA,TOTAL,"209,000",WEST VIRGINIA,ANNUAL,"CORN, SILAGE - PRODUCTION, MEASURED IN TONS",YEAR,SILAGE,,,00000000,PRODUCTION,SURVEY,2018,UNITED STATES,STATE,TONS,,ALL PRODUCTION PRACTICES,,54,00,00,9000,,54,,2024-01-09 15:00:00.000,WV
,NOT SPECIFIED,FIELD CROPS,,CROPS,ALL CLASSES,,,CORN,,WEST VIRGINIA,TOTAL,"320,000",WEST VIRGINIA,ANNUAL,"CORN, SILAGE - PRODUCTION, MEASURED IN TONS",YEAR,SILAGE,,,00000000,PRODUCTION,SURVEY,2017,UNITED STATES,STATE,TONS,,ALL PRODUCTION PRACTICES,,54,00,00,9000,,54,,2019-02-06 15:00:06.000,WV
,NOT SPECIFIED,FIELD CROPS,,CROPS,ALL CLASSES,,,CORN,,WEST VIRGINIA,TOTAL,"247,000",WEST VIRGINIA,ANNUAL,"CORN, SILAGE - PRODUCTION, MEASURED IN TONS",YEAR,SILAGE,,,00000000,PRODUCTION,SURVEY,2016,UNITED STATES,STATE,TONS,,ALL PRODUCTION PRACTICES,,54,00,00,9000,,54,,2019-02-06 15:00:06.000,WV
,NOT SPECIFIED,FIELD CROPS,,CROPS,ALL CLASSES,,,CORN,,WEST VIRGINIA,TOTAL,"252,000",WEST VIRGINIA,ANNUAL,"CORN, SILAGE - PRODUCTION, MEASURED IN TONS",YEAR,SILAGE,,,00000000,PRODUCTION,SURVEY,2015,UNITED STATES,STATE,TONS,,ALL PRODUCTION PRACTICES,,54,00,00,9000,,54,,2019-02-06 15:00:06.000,WV
,NOT SPECIFIED,FIELD CROPS,,CROPS,ALL CLASSES,,,CORN,,WISCONSIN,TOTAL,"19,470,000",WISCONSIN,ANNUAL,"CORN, SILAGE - PRODUCTION, MEASURED IN TONS",YEAR,SILAGE,,,00000000,PRODUCTION,SURVEY,2025,UNITED STATES,STATE,TONS,,ALL PRODUCTION PRACTICES,,55,00,00,9000,,55,,2026-01-12 12:00:00.000,WI
,NOT SPECIFIED,FIELD CROPS,,CROPS,ALL CLASSES,,,CORN,,WISCONSIN,TOTAL,"14,600,000",WISCONSIN,ANNUAL,"CORN, SILAGE - PRODUCTION, MEASURED IN TONS",YEAR,SILAGE,,,00000000,PRODUCTION,SURVEY,2024,UNITED STATES,STATE,TONS,,ALL PRODUCTION PRACTICES,,55,00,00,9000,,55,,2025-09-30 12:00:00.000,WI
,NOT SPECIFIED,FIELD CROPS,,CROPS,ALL CLASSES,,,CORN,,WISCONSIN,TOTAL,"16,380,000",WISCONSIN,ANNUAL,"CORN, SILAGE - PRODUCTION, MEASURED IN TONS",YEAR,SILAGE,,,00000000,PRODUCTION,SURVEY,2023,UNITED STATES,STATE,TONS,,ALL PRODUCTION PRACTICES,,55,00,00,9000,,55,,2024-09-30 12:00:00.000,WI
,NOT SPECIFIED,FIELD CROPS,,CROPS,ALL CLASSES,,,CORN,,WISCONSIN,TOTAL,"19,575,000",WISCONSIN,ANNUAL,"CORN, SILAGE - PRODUCTION, MEASURED IN TONS",YEAR,SILAGE,,,00000000,PRODUCTION,SURVEY,2022,UNITED STATES,STATE,TONS,,ALL PRODUCTION PRACTICES,,55,00,00,9000,,55,,2024-01-09 15:00:00.000,WI
,NOT SPECIFIED,FIELD CROPS,,CROPS,ALL CLASSES,,,CORN,,WISCONSIN,TOTAL,"18,920,000",WISCONSIN,ANNUAL,"CORN, SILAGE - PRODUCTION, MEASURED IN TONS",YEAR,SILAGE,,,00000000,PRODUCTION,SURVEY,2021,UNITED STATES,STATE,TONS,,ALL PRODUCTION PRACTICES,,55,00,00,9000,,55,,2024-01-09 15:00:00.000,WI
,NOT SPECIFIED,FIELD CROPS,,CROPS,ALL CLASSES,,,CORN,,WISCONSIN,TOTAL,"20,160,000",WISCONSIN,ANNUAL,"CORN, SILAGE - PRODUCTION, MEASURED IN TONS",YEAR,SILAGE,,,00000000,PRODUCTION,SURVEY,2020,UNITED STATES,STATE,TONS,,ALL PRODUCTION PRACTICES,,55,00,00,9000,,55,,2024-01-09 15:00:00.000,WI
,NOT SPECIFIED,FIELD CROPS,,CROPS,ALL CLASSES,,,CORN,,WISCONSIN,TOTAL,"18,200,000",WISCONSIN,ANNUAL,"CORN, SILAGE - PRODUCTION, MEASURED IN TONS",YEAR,SILAGE,,,00000000,PRODUCTION,SURVEY,2019,UNITED STATES,STATE,TONS,,ALL PRODUCTION PRACTICES,,55,00,00,9000,,55,,2024-01-09 15:00:00.000,WI
,NOT SPECIFIED,FIELD CROPS,,CROPS,ALL CLASSES,,,CORN,,WISCONSIN,TOTAL,"13,400,000",WISCONSIN,ANNUAL,"CORN, SILAGE - PRODUCTION, MEASURED IN TONS",YEAR,SILAGE,,,00000000,PRODUCTION,SURVEY,2018,UNITED STATES,STATE,TONS,,ALL PRODUCTION PRACTICES,,55,00,00,9000,,55,,2024-01-09 15:00:00.000,WI
,NOT SPECIFIED,FIELD CROPS,,CROPS,ALL CLASSES,,,CORN,,WISCONSIN,TOTAL,"16,720,000",WISCONSIN,ANNUAL,"CORN, SILAGE - PRODUCTION, MEASURED IN TONS",YEAR,SILAGE,,,00000000,PRODUCTION,SURVEY,2017,UNITED STATES,STATE,TONS,,ALL PRODUCTION PRACTICES,,55,00,00,9000,,55,,2019-02-06 15:00:06.000,WI
,NOT SPECIFIED,FIELD CROPS,,CROPS,ALL CLASSES,,,CORN,,WISCONSIN,TOTAL,"16,590,000",WISCONSIN,ANNUAL,"CORN, SILAGE - PRODUCTION, MEASURED IN TONS",YEAR,SILAGE,,,00000000,PRODUCTION,SURVEY,2016,UNITED STATES,STATE,TONS,,ALL PRODUCTION PRACTICES,,55,00,00,9000,,55,,2019-02-06 15:00:06.000,WI
,NOT SPECIFIED,FIELD CROPS,,CROPS,ALL CLASSES,,,CORN,,WISCONSIN,TOTAL,"18,915,000",WISCONSIN,ANNUAL,"CORN, SILAGE - PRODUCTION, MEASURED IN TONS",YEAR,SILAGE,,,00000000,PRODUCTION,SURVEY,2015,UNITED STATES,STATE,TONS,,ALL PRODUCTION PRACTICES,,55,00,00,9000,,55,,2019-02-06 15:00:06.000,WI
,NOT SPECIFIED,FIELD CROPS,,CROPS,ALL CLASSES,,,CORN,,WYOMING,TOTAL,"529,000",WYOMING,ANNUAL,"CORN, SILAGE - PRODUCTION, MEASURED IN TONS",YEAR,SILAGE,,,00000000,PRODUCTION,SURVEY,2025,UNITED STATES,STATE,TONS,,ALL PRODUCTION PRACTICES,,56,00,00,9000,,56,,2026-01-12 12:00:00.000,WY
,NOT SPECIFIED,FIELD CROPS,,CROPS,ALL CLASSES,,,CORN,,WYOMING,TOTAL,"345,000",WYOMING,ANNUAL,"CORN, SILAGE - PRODUCTION, MEASURED IN TONS",YEAR,SILAGE,,,00000000,PRODUCTION,SURVEY,2024,UNITED STATES,STATE,TONS,,ALL PRODUCTION PRACTICES,,56,00,00,9000,,56,,2025-09-30 12:00:00.000,WY
,NOT SPECIFIED,FIELD CROPS,,CROPS,ALL CLASSES,,,CORN,,WYOMING,TOTAL,"529,000",WYOMING,ANNUAL,"CORN, SILAGE - PRODUCTION, MEASURED IN TONS",YEAR,SILAGE,,,00000000,PRODUCTION,SURVEY,2023,UNITED STATES,STATE,TONS,,ALL PRODUCTION PRACTICES,,56,00,00,9000,,56,,2024-09-30 12:00:00.000,WY
,NOT SPECIFIED,FIELD CROPS,,CROPS,ALL CLASSES,,,CORN,,WYOMING,TOTAL,"792,000",WYOMING,ANNUAL,"CORN, SILAGE - PRODUCTION, MEASURED IN TONS",YEAR,SILAGE,,,00000000,PRODUCTION,SURVEY,2022,UNITED STATES,STATE,TONS,,ALL PRODUCTION PRACTICES,,56,00,00,9000,,56,,2024-01-09 15:00:00.000,WY
,NOT SPECIFIED,FIELD CROPS,,CROPS,ALL CLASSES,,,CORN,,WYOMING,TOTAL,"276,000",WYOMING,ANNUAL,"CORN, SILAGE - PRODUCTION, MEASURED IN TONS",YEAR,SILAGE,,,00000000,PRODUCTION,SURVEY,2021,UNITED STATES,STATE,TONS,,ALL PRODUCTION PRACTICES,,56,00,00,9000,,56,,2024-01-09 15:00:00.000,WY
,NOT SPECIFIED,FIELD CROPS,,CROPS,ALL CLASSES,,,CORN,,WYOMING,TOTAL,"500,000",WYOMING,ANNUAL,"CORN, SILAGE - PRODUCTION, MEASURED IN TONS",YEAR,SILAGE,,,00000000,PRODUCTION,SURVEY,2020,UNITED STATES,STATE,TONS,,ALL PRODUCTION PRACTICES,,56,00,00,9000,,56,,2024-01-09 15:00:00.000,WY
,NOT SPECIFIED,FIELD CROPS,,CROPS,ALL CLASSES,,,CORN,,WYOMING,TOTAL,"528,000",WYOMING,ANNUAL,"CORN, SILAGE - PRODUCTION, MEASURED IN TONS",YEAR,SILAGE,,,00000000,PRODUCTION,SURVEY,2019,UNITED STATES,STATE,TONS,,ALL PRODUCTION PRACTICES,,56,00,00,9000,,56,,2024-01-09 15:00:00.000,WY
,NOT SPECIFIED,FIELD CROPS,,CROPS,ALL CLASSES,,,CORN,,WYOMING,TOTAL,"552,000",WYOMING,ANNUAL,"CORN, SILAGE - PRODUCTION, MEASURED IN TONS",YEAR,SILAGE,,,00000000,PRODUCTION,SURVEY,2018,UNITED STATES,STATE,TONS,,ALL PRODUCTION PRACTICES,,56,00,00,9000,,56,,2024-01-09 15:00:00.000,WY
,NOT SPECIFIED,FIELD CROPS,,CROPS,ALL CLASSES,,,CORN,,WYOMING,TOTAL,"720,000",WYOMING,ANNUAL,"CORN, SILAGE - PRODUCTION, MEASURED IN TONS",YEAR,SILAGE,,,00000000,PRODUCTION,SURVEY,2017,UNITED STATES,STATE,TONS,,ALL PRODUCTION PRACTICES,,56,00,00,9000,,56,,2019-02-06 15:00:06.000,WY
,NOT SPECIFIED,FIELD CROPS,,CROPS,ALL CLASSES,,,CORN,,WYOMING,TOTAL,"598,000",WYOMING,ANNUAL,"CORN, SILAGE - PRODUCTION, MEASURED IN TONS",YEAR,SILAGE,,,00000000,PRODUCTION,SURVEY,2016,UNITED STATES,STATE,TONS,,ALL PRODUCTION PRACTICES,,56,00,00,9000,,56,,2019-02-06 15:00:06.000,WY
,NOT SPECIFIED,FIELD CROPS,,CROPS,ALL CLASSES,,,CORN,,WYOMING,TOTAL,"575,000",WYOMING,ANNUAL,"CORN, SILAGE - PRODUCTION, MEASURED IN TONS",YEAR,SILAGE,,,00000000,PRODUCTION,SURVEY,2015,UNITED STATES,STATE,TONS,,ALL PRODUCTION PRACTICES,,56,00,00,9000,,56,,2019-02-06 15:00:06.000,WY
